Workbook

Sheet Bao Gia
B1: CÔNG TY TNHH MÁY CÔNG TRÌNH MIỀN NAM | N1: =MATCH($C$9,{"Giá vốn";"Giá VIP";"Giá ưu đãi";"Giá đại lý";"Giá gara"},0)+4
B2: Địa chỉ: ………………… | ĐT: ………………… | MST: …………………
B4: PHIẾU BÁO GIÁ
B5: Số: | C5: BG-001 | G5: Ngày: | H5: =TODAY() | I5: VAT (%): | J5: 0.08
B6: Khách hàng: | G6: Điện thoại:
B7: Địa chỉ: | G7: MST:
B8: Nhà xe: | G8: Giờ nhận:
B9: Bảng giá áp dụng: | C9: Giá VIP
B10: STT | C10: Mã HH | D10: Tên vật tư sản phẩm | E10: ĐVT | F10: Số lượng | G10: Đơn giá (chưa VAT) | H10: Thành tiền (chưa VAT) | I10: Thuế VAT (8%) | J10: Tổng tiền (gồm VAT) | K10: 🎚️ Cấp giá
B11: 1
B12: 2
B13: 3
B14: 4
B15: 5
B16: 6
B17: 7
B18: 8
B19: Tổng cộng | F19: =SUM($F$11:$F$18) | H19: =SUM($H$11:$H$18) | I19: =SUM($I$11:$I$18) | J19: =SUM($J$11:$J$18)
B20: Bằng chữ: Không đồng./.
C22: KHÁCH HÀNG | H22: NGƯỜI BÁO GIÁ
H23: Luân Nguyễn
B26: ──────── 🔎 TÌM NHANH (không in ra) ────────
B27: 🔎 Gõ:
C28: Mã HH | D28: Tên hàng | E28: ĐVT | F28: ĐK | G28: Giá vốn | H28: Giá VIP | I28: Giá ưu đãi | J28: Giá đại lý | K28: Giá gara
C29: =IF(M29="","",INDEX('📂 DATA'!$A$2:$A$7684,M29)) | D29: =IF(M29="","",INDEX('📂 DATA'!$B$2:$B$7684,M29)) | E29: =IF(M29="","",INDEX('📂 DATA'!$D$2:$D$7684,M29)) | F29: =IF(M29="","",INDEX('📂 DATA'!$J$2:$J$7684,M29)) | G29: =IF(M29="","",INDEX('📂 DATA'!$E$2:$E$7684,M29)) | H29: =IF(M29="","",INDEX('📂 DATA'!$F$2:$F$7684,M29)) | I29: =IF(M29="","",INDEX('📂 DATA'!$G$2:$G$7684,M29)) | J29: =IF(M29="","",INDEX('📂 DATA'!$H$2:$H$7684,M29)) | K29: =IF(M29="","",INDEX('📂 DATA'!$I$2:$I$7684,M29)) | M29: =IFERROR(MATCH(1,'📂 DATA'!$O$2:$O$7684,0),"")
C30: =IF(M30="","",INDEX('📂 DATA'!$A$2:$A$7684,M30)) | D30: =IF(M30="","",INDEX('📂 DATA'!$B$2:$B$7684,M30)) | E30: =IF(M30="","",INDEX('📂 DATA'!$D$2:$D$7684,M30)) | F30: =IF(M30="","",INDEX('📂 DATA'!$J$2:$J$7684,M30)) | G30: =IF(M30="","",INDEX('📂 DATA'!$E$2:$E$7684,M30)) | H30: =IF(M30="","",INDEX('📂 DATA'!$F$2:$F$7684,M30)) | I30: =IF(M30="","",INDEX('📂 DATA'!$G$2:$G$7684,M30)) | J30: =IF(M30="","",INDEX('📂 DATA'!$H$2:$H$7684,M30)) | K30: =IF(M30="","",INDEX('📂 DATA'!$I$2:$I$7684,M30)) | M30: =IFERROR(MATCH(2,'📂 DATA'!$O$2:$O$7684,0),"")
C31: =IF(M31="","",INDEX('📂 DATA'!$A$2:$A$7684,M31)) | D31: =IF(M31="","",INDEX('📂 DATA'!$B$2:$B$7684,M31)) | E31: =IF(M31="","",INDEX('📂 DATA'!$D$2:$D$7684,M31)) | F31: =IF(M31="","",INDEX('📂 DATA'!$J$2:$J$7684,M31)) | G31: =IF(M31="","",INDEX('📂 DATA'!$E$2:$E$7684,M31)) | H31: =IF(M31="","",INDEX('📂 DATA'!$F$2:$F$7684,M31)) | I31: =IF(M31="","",INDEX('📂 DATA'!$G$2:$G$7684,M31)) | J31: =IF(M31="","",INDEX('📂 DATA'!$H$2:$H$7684,M31)) | K31: =IF(M31="","",INDEX('📂 DATA'!$I$2:$I$7684,M31)) | M31: =IFERROR(MATCH(3,'📂 DATA'!$O$2:$O$7684,0),"")
C32: =IF(M32="","",INDEX('📂 DATA'!$A$2:$A$7684,M32)) | D32: =IF(M32="","",INDEX('📂 DATA'!$B$2:$B$7684,M32)) | E32: =IF(M32="","",INDEX('📂 DATA'!$D$2:$D$7684,M32)) | F32: =IF(M32="","",INDEX('📂 DATA'!$J$2:$J$7684,M32)) | G32: =IF(M32="","",INDEX('📂 DATA'!$E$2:$E$7684,M32)) | H32: =IF(M32="","",INDEX('📂 DATA'!$F$2:$F$7684,M32)) | I32: =IF(M32="","",INDEX('📂 DATA'!$G$2:$G$7684,M32)) | J32: =IF(M32="","",INDEX('📂 DATA'!$H$2:$H$7684,M32)) | K32: =IF(M32="","",INDEX('📂 DATA'!$I$2:$I$7684,M32)) | M32: =IFERROR(MATCH(4,'📂 DATA'!$O$2:$O$7684,0),"")
C33: =IF(M33="","",INDEX('📂 DATA'!$A$2:$A$7684,M33)) | D33: =IF(M33="","",INDEX('📂 DATA'!$B$2:$B$7684,M33)) | E33: =IF(M33="","",INDEX('📂 DATA'!$D$2:$D$7684,M33)) | F33: =IF(M33="","",INDEX('📂 DATA'!$J$2:$J$7684,M33)) | G33: =IF(M33="","",INDEX('📂 DATA'!$E$2:$E$7684,M33)) | H33: =IF(M33="","",INDEX('📂 DATA'!$F$2:$F$7684,M33)) | I33: =IF(M33="","",INDEX('📂 DATA'!$G$2:$G$7684,M33)) | J33: =IF(M33="","",INDEX('📂 DATA'!$H$2:$H$7684,M33)) | K33: =IF(M33="","",INDEX('📂 DATA'!$I$2:$I$7684,M33)) | M33: =IFERROR(MATCH(5,'📂 DATA'!$O$2:$O$7684,0),"")
C34: =IF(M34="","",INDEX('📂 DATA'!$A$2:$A$7684,M34)) | D34: =IF(M34="","",INDEX('📂 DATA'!$B$2:$B$7684,M34)) | E34: =IF(M34="","",INDEX('📂 DATA'!$D$2:$D$7684,M34)) | F34: =IF(M34="","",INDEX('📂 DATA'!$J$2:$J$7684,M34)) | G34: =IF(M34="","",INDEX('📂 DATA'!$E$2:$E$7684,M34)) | H34: =IF(M34="","",INDEX('📂 DATA'!$F$2:$F$7684,M34)) | I34: =IF(M34="","",INDEX('📂 DATA'!$G$2:$G$7684,M34)) | J34: =IF(M34="","",INDEX('📂 DATA'!$H$2:$H$7684,M34)) | K34: =IF(M34="","",INDEX('📂 DATA'!$I$2:$I$7684,M34)) | M34: =IFERROR(MATCH(6,'📂 DATA'!$O$2:$O$7684,0),"")
C35: =IF(M35="","",INDEX('📂 DATA'!$A$2:$A$7684,M35)) | D35: =IF(M35="","",INDEX('📂 DATA'!$B$2:$B$7684,M35)) | E35: =IF(M35="","",INDEX('📂 DATA'!$D$2:$D$7684,M35)) | F35: =IF(M35="","",INDEX('📂 DATA'!$J$2:$J$7684,M35)) | G35: =IF(M35="","",INDEX('📂 DATA'!$E$2:$E$7684,M35)) | H35: =IF(M35="","",INDEX('📂 DATA'!$F$2:$F$7684,M35)) | I35: =IF(M35="","",INDEX('📂 DATA'!$G$2:$G$7684,M35)) | J35: =IF(M35="","",INDEX('📂 DATA'!$H$2:$H$7684,M35)) | K35: =IF(M35="","",INDEX('📂 DATA'!$I$2:$I$7684,M35)) | M35: =IFERROR(MATCH(7,'📂 DATA'!$O$2:$O$7684,0),"")
C36: =IF(M36="","",INDEX('📂 DATA'!$A$2:$A$7684,M36)) | D36: =IF(M36="","",INDEX('📂 DATA'!$B$2:$B$7684,M36)) | E36: =IF(M36="","",INDEX('📂 DATA'!$D$2:$D$7684,M36)) | F36: =IF(M36="","",INDEX('📂 DATA'!$J$2:$J$7684,M36)) | G36: =IF(M36="","",INDEX('📂 DATA'!$E$2:$E$7684,M36)) | H36: =IF(M36="","",INDEX('📂 DATA'!$F$2:$F$7684,M36)) | I36: =IF(M36="","",INDEX('📂 DATA'!$G$2:$G$7684,M36)) | J36: =IF(M36="","",INDEX('📂 DATA'!$H$2:$H$7684,M36)) | K36: =IF(M36="","",INDEX('📂 DATA'!$I$2:$I$7684,M36)) | M36: =IFERROR(MATCH(8,'📂 DATA'!$O$2:$O$7684,0),"")
C37: =IF(M37="","",INDEX('📂 DATA'!$A$2:$A$7684,M37)) | D37: =IF(M37="","",INDEX('📂 DATA'!$B$2:$B$7684,M37)) | E37: =IF(M37="","",INDEX('📂 DATA'!$D$2:$D$7684,M37)) | F37: =IF(M37="","",INDEX('📂 DATA'!$J$2:$J$7684,M37)) | G37: =IF(M37="","",INDEX('📂 DATA'!$E$2:$E$7684,M37)) | H37: =IF(M37="","",INDEX('📂 DATA'!$F$2:$F$7684,M37)) | I37: =IF(M37="","",INDEX('📂 DATA'!$G$2:$G$7684,M37)) | J37: =IF(M37="","",INDEX('📂 DATA'!$H$2:$H$7684,M37)) | K37: =IF(M37="","",INDEX('📂 DATA'!$I$2:$I$7684,M37)) | M37: =IFERROR(MATCH(9,'📂 DATA'!$O$2:$O$7684,0),"")
C38: =IF(M38="","",INDEX('📂 DATA'!$A$2:$A$7684,M38)) | D38: =IF(M38="","",INDEX('📂 DATA'!$B$2:$B$7684,M38)) | E38: =IF(M38="","",INDEX('📂 DATA'!$D$2:$D$7684,M38)) | F38: =IF(M38="","",INDEX('📂 DATA'!$J$2:$J$7684,M38)) | G38: =IF(M38="","",INDEX('📂 DATA'!$E$2:$E$7684,M38)) | H38: =IF(M38="","",INDEX('📂 DATA'!$F$2:$F$7684,M38)) | I38: =IF(M38="","",INDEX('📂 DATA'!$G$2:$G$7684,M38)) | J38: =IF(M38="","",INDEX('📂 DATA'!$H$2:$H$7684,M38)) | K38: =IF(M38="","",INDEX('📂 DATA'!$I$2:$I$7684,M38)) | M38: =IFERROR(MATCH(10,'📂 DATA'!$O$2:$O$7684,0),"")
C39: =IF(M39="","",INDEX('📂 DATA'!$A$2:$A$7684,M39)) | D39: =IF(M39="","",INDEX('📂 DATA'!$B$2:$B$7684,M39)) | E39: =IF(M39="","",INDEX('📂 DATA'!$D$2:$D$7684,M39)) | F39: =IF(M39="","",INDEX('📂 DATA'!$J$2:$J$7684,M39)) | G39: =IF(M39="","",INDEX('📂 DATA'!$E$2:$E$7684,M39)) | H39: =IF(M39="","",INDEX('📂 DATA'!$F$2:$F$7684,M39)) | I39: =IF(M39="","",INDEX('📂 DATA'!$G$2:$G$7684,M39)) | J39: =IF(M39="","",INDEX('📂 DATA'!$H$2:$H$7684,M39)) | K39: =IF(M39="","",INDEX('📂 DATA'!$I$2:$I$7684,M39)) | M39: =IFERROR(MATCH(11,'📂 DATA'!$O$2:$O$7684,0),"")
C40: =IF(M40="","",INDEX('📂 DATA'!$A$2:$A$7684,M40)) | D40: =IF(M40="","",INDEX('📂 DATA'!$B$2:$B$7684,M40)) | E40: =IF(M40="","",INDEX('📂 DATA'!$D$2:$D$7684,M40)) | F40: =IF(M40="","",INDEX('📂 DATA'!$J$2:$J$7684,M40)) | G40: =IF(M40="","",INDEX('📂 DATA'!$E$2:$E$7684,M40)) | H40: =IF(M40="","",INDEX('📂 DATA'!$F$2:$F$7684,M40)) | I40: =IF(M40="","",INDEX('📂 DATA'!$G$2:$G$7684,M40)) | J40: =IF(M40="","",INDEX('📂 DATA'!$H$2:$H$7684,M40)) | K40: =IF(M40="","",INDEX('📂 DATA'!$I$2:$I$7684,M40)) | M40: =IFERROR(MATCH(12,'📂 DATA'!$O$2:$O$7684,0),"")
