Workbook

Sheet 🧮 TÍNH NHANH
A1: 🧮 BẢNG TÍNH NHANH — CÔNG CỤ KINH DOANH
A2: Phụ tùng động cơ diesel • Báo giá · Tính kênh giá · Phiếu VAT 8% | H2: Ngày: | I2: =TODAY() -> 46183
A3: 🧭 Nhảy tới: | C3: ① MÁY TÍNH GIÁ | E3: ② TÍNH KÊNH GIÁ | G3: ③ PHIẾU ĐẶT HÀNG VAT | I3: 🟡 Ô vàng = nhập
A5: ① MÁY TÍNH GIÁ GỢI Ý — Nhập GIÁ VỐN, tự tính 5 mức giá để báo khách (Copy → Paste vào sheet kho)
A6: Ngày: | B6: =TODAY() -> 46183 | C6: Người lập: | D6: Luân Nguyễn | E6: Khách hàng: | I6: Số phiếu:
A7: STT | B7: MÃ SP | C7: TÊN SẢN PHẨM | D7: ĐVT | E7: SL | F7: 💰 GIÁ VỐN (VNĐ) | G7: 🟢 VIP (+20%) | H7: 🟡 Ư.ĐÃI (+25%) | I7: 🔵 ĐẠI LÝ (+20%) | J7: 🟣 GARA (+25%) | K7: 🔴 BÁN LẺ (+30%)
A8: 1 | D8: Cái | E8: 1 | F8: 840000 | G8: =IFERROR(IF(F8="","",ROUND(F8*1.2*IF(E8="",1,E8),0)),"") -> 1008000 | H8: =IFERROR(IF(F8="","",ROUND(F8*1.25*IF(E8="",1,E8),0)),"") -> 1050000 | I8: =IFERROR(IF(F8="","",ROUND(F8*1.2*IF(E8="",1,E8),0)),"") -> 1008000 | J8: =IFERROR(IF(F8="","",ROUND(F8*1.25*IF(E8="",1,E8),0)),"") -> 1050000 | K8: =IFERROR(IF(F8="","",ROUND(F8*1.3*IF(E8="",1,E8),0)),"") -> 1092000
A9: 2 | G9: =IFERROR(IF(F9="","",ROUND(F9*1.2*IF(E9="",1,E9),0)),"") | H9: =IFERROR(IF(F9="","",ROUND(F9*1.25*IF(E9="",1,E9),0)),"") | I9: =IFERROR(IF(F9="","",ROUND(F9*1.2*IF(E9="",1,E9),0)),"") | J9: =IFERROR(IF(F9="","",ROUND(F9*1.25*IF(E9="",1,E9),0)),"") | K9: =IFERROR(IF(F9="","",ROUND(F9*1.3*IF(E9="",1,E9),0)),"")
A10: 3 | G10: =IFERROR(IF(F10="","",ROUND(F10*1.2*IF(E10="",1,E10),0)),"") | H10: =IFERROR(IF(F10="","",ROUND(F10*1.25*IF(E10="",1,E10),0)),"") | I10: =IFERROR(IF(F10="","",ROUND(F10*1.2*IF(E10="",1,E10),0)),"") | J10: =IFERROR(IF(F10="","",ROUND(F10*1.25*IF(E10="",1,E10),0)),"") | K10: =IFERROR(IF(F10="","",ROUND(F10*1.3*IF(E10="",1,E10),0)),"")
A11: 4 | G11: =IFERROR(IF(F11="","",ROUND(F11*1.2*IF(E11="",1,E11),0)),"") | H11: =IFERROR(IF(F11="","",ROUND(F11*1.25*IF(E11="",1,E11),0)),"") | I11: =IFERROR(IF(F11="","",ROUND(F11*1.2*IF(E11="",1,E11),0)),"") | J11: =IFERROR(IF(F11="","",ROUND(F11*1.25*IF(E11="",1,E11),0)),"") | K11: =IFERROR(IF(F11="","",ROUND(F11*1.3*IF(E11="",1,E11),0)),"")
A12: 5 | G12: =IFERROR(IF(F12="","",ROUND(F12*1.2*IF(E12="",1,E12),0)),"") | H12: =IFERROR(IF(F12="","",ROUND(F12*1.25*IF(E12="",1,E12),0)),"") | I12: =IFERROR(IF(F12="","",ROUND(F12*1.2*IF(E12="",1,E12),0)),"") | J12: =IFERROR(IF(F12="","",ROUND(F12*1.25*IF(E12="",1,E12),0)),"") | K12: =IFERROR(IF(F12="","",ROUND(F12*1.3*IF(E12="",1,E12),0)),"")
A13: TỔNG CỘNG | F13: =SUM(F8:F12) -> 840000 | G13: =SUM(G8:G12) -> 1008000 | H13: =SUM(H8:H12) -> 1050000 | I13: =SUM(I8:I12) -> 1008000 | J13: =SUM(J8:J12) -> 1050000 | K13: =SUM(K8:K12) -> 1092000
A14: 💡 Chỉ nhập GIÁ VỐN (cột F) — 5 mức giá tự nhảy. Copy số → Paste vào sheet kho (PISTON, SÉC MĂNG, ...)
A16: ② TÍNH TIỀN KÊNH GIÁ — Khi khách chuyển cao hơn giá thực (VAT 8%, công ty giữ 20%, trả khách 80%)
A17: 💡 Chỉ nhập 2 cột VÀNG: [Tiền khách chuyển] và [Tiền hàng thực xuất] — Các cột còn lại tự động tính
A18: STT | B18: KHÁCH HÀNG | C18: MÔ TẢ GIAO DỊCH | D18: NGÀY | E18: KHÁCH CHUYỂN (có VAT) | F18: HÀNG THỰC (chưa VAT) | G18: GIÁ HÀNG ÷ 1.08 | H18: VAT 8% | I18: PHẦN KÊNH | K18: TRẢ KHÁCH (80%)
A19: 1 | E19: 15000000 | F19: 10000000 | G19: =IFERROR(IF(E19="","",E19/1.08),"") -> 13888889 | H19: =IFERROR(IF(E19="","",E19-G19),"") -> 1111111.1 | I19: =IFERROR(IF(OR(E19="",F19=""),"",MAX(0,G19-F19)),"") -> 3888888.9 | K19: =IFERROR(IF(I19="","",I19*0.8),"") -> 3111111.1
A20: 2 | G20: =IFERROR(IF(E20="","",E20/1.08),"") | H20: =IFERROR(IF(E20="","",E20-G20),"") | I20: =IFERROR(IF(OR(E20="",F20=""),"",MAX(0,G20-F20)),"") | K20: =IFERROR(IF(I20="","",I20*0.8),"")
A21: 3 | G21: =IFERROR(IF(E21="","",E21/1.08),"") | H21: =IFERROR(IF(E21="","",E21-G21),"") | I21: =IFERROR(IF(OR(E21="",F21=""),"",MAX(0,G21-F21)),"") | K21: =IFERROR(IF(I21="","",I21*0.8),"")
A22: 4 | G22: =IFERROR(IF(E22="","",E22/1.08),"") | H22: =IFERROR(IF(E22="","",E22-G22),"") | I22: =IFERROR(IF(OR(E22="",F22=""),"",MAX(0,G22-F22)),"") | K22: =IFERROR(IF(I22="","",I22*0.8),"")
A23: TỔNG CỘNG 4 GIAO DỊCH | E23: =IFERROR(SUM(E19:E22),0) -> 15000000 | F23: =IFERROR(SUM(F19:F22),0) -> 10000000 | G23: =IFERROR(SUM(G19:G22),0) -> 13888889 | H23: =IFERROR(SUM(H19:H22),0) -> 1111111.1 | I23: =IFERROR(SUM(I19:I22),0) -> 3888888.9 | K23: =IFERROR(SUM(J19:J22),0) -> 0
A24: 🧾 Công thức: VAT = Tiền chuyển × 8/108 • Phần kênh = Giá chưa VAT − Giá thực • Trả khách = Phần kênh × 80%
A26: ③ PHIẾU ĐẶT HÀNG CÓ VAT 8% — Xuất hóa đơn cho khách
A27: Khách hàng: | G27: Số phiếu:
A28: Địa chỉ: | G28: Ngày: | H28: =TODAY() -> 46183
A29: STT | B29: MÃ SP | C29: TÊN SẢN PHẨM | D29: ĐVT | E29: SỐ LƯỢNG | F29: ĐƠN GIÁ (VNĐ) | G29: THÀNH TIỀN (VNĐ) | H29: VAT 8% (VNĐ) | I29: TỔNG CỘNG (VNĐ) | K29: GHI CHÚ
A30: 1 | E30: 1 | F30: 5150000 | G30: =IFERROR(E30*F30,0) -> 5150000 | H30: =IFERROR(G30*0.08,0) -> 412000 | I30: =IFERROR(G30+H30,0) -> 5562000
A31: 2 | G31: =IFERROR(E31*F31,0) -> 0 | H31: =IFERROR(G31*0.08,0) -> 0 | I31: =IFERROR(G31+H31,0) -> 0
A32: 3 | G32: =IFERROR(E32*F32,0) -> 0 | H32: =IFERROR(G32*0.08,0) -> 0 | I32: =IFERROR(G32+H32,0) -> 0
A33: 4 | G33: =IFERROR(E33*F33,0) -> 0 | H33: =IFERROR(G33*0.08,0) -> 0 | I33: =IFERROR(G33+H33,0) -> 0
A34: 5 | G34: =IFERROR(E34*F34,0) -> 0 | H34: =IFERROR(G34*0.08,0) -> 0 | I34: =IFERROR(G34+H34,0) -> 0
A35: 6 | G35: =IFERROR(E35*F35,0) -> 0 | H35: =IFERROR(G35*0.08,0) -> 0 | I35: =IFERROR(G35+H35,0) -> 0
A36: 7 | G36: =IFERROR(E36*F36,0) -> 0 | H36: =IFERROR(G36*0.08,0) -> 0 | I36: =IFERROR(G36+H36,0) -> 0
A37: 8 | G37: =IFERROR(E37*F37,0) -> 0 | H37: =IFERROR(G37*0.08,0) -> 0 | I37: =IFERROR(G37+H37,0) -> 0
A38: 9 | G38: =IFERROR(E38*F38,0) -> 0 | H38: =IFERROR(G38*0.08,0) -> 0 | I38: =IFERROR(G38+H38,0) -> 0
A39: 10 | G39: =IFERROR(E39*F39,0) -> 0 | H39: =IFERROR(G39*0.08,0) -> 0 | I39: =IFERROR(G39+H39,0) -> 0
A40: TỔNG CỘNG | G40: =SUM(G30:G39) -> 5150000 | H40: =SUM(H30:H39) -> 412000 | I40: =SUM(I30:I39) -> 5562000
A41: Tổng tiền hàng (chưa VAT): | I41: =G40 -> 5150000
A42: Tổng VAT 8%: | I42: =H40 -> 412000
A43: 💰 TỔNG THANH TOÁN: | I43: =I40 -> 5562000
A44: 📝 SỐ TIỀN THANH TOÁN BẰNG CHỮ:
A46: Người lập | D46: Kế toán | F46: Khách ký nhận | I46: Giám đốc
A47: (Ký, ghi rõ họ tên) | D47: (Ký, ghi rõ họ tên) | F47: (Ký, ghi rõ họ tên) | I47: (Ký, ghi rõ họ tên)

Sheet 💰 BÁO GIÁ
B1: CÔNG TY TNHH MÁY CÔNG TRÌNH MIỀN NAM | N1: =MATCH($C$9,{"Giá vốn";"Giá VIP";"Giá ưu đãi";"Giá đại lý";"Giá gara"},0)+4 -> 6
B2: Địa chỉ: ………………… | ĐT: ………………… | MST: …………………
B4: PHIẾU BÁO GIÁ
B5: Số: | C5: BG-001 | G5: Ngày: | H5: =TODAY() -> 46183 | I5: VAT (%): | J5: 0.08
B6: Khách hàng: | G6: Điện thoại: | H6: =IFERROR(VLOOKUP($C$6,'👥 KHÁCH HÀNG'!$A:$E,2,0),"")
B7: Địa chỉ: | C7: =IFERROR(VLOOKUP($C$6,'👥 KHÁCH HÀNG'!$A:$E,3,0),"") | G7: MST: | H7: =IFERROR(VLOOKUP($C$6,'👥 KHÁCH HÀNG'!$A:$E,4,0),"")
B8: Nhà xe: | C8: =IFERROR(VLOOKUP($C$6,'👥 KHÁCH HÀNG'!$A:$I,9,0),"") | G8: Giờ nhận: | H8: =IFERROR(VLOOKUP($C$8,'🚛 NHÀ XE'!$A:$F,2,0)&" · "&VLOOKUP($C$8,'🚛 NHÀ XE'!$A:$F,3,0),"")
B9: Bảng giá áp dụng: | C9: Giá VIP
B10: STT | C10: Mã HH | D10: Tên vật tư sản phẩm | E10: ĐVT | F10: Số lượng | G10: Đơn giá (chưa VAT) | H10: Thành tiền (chưa VAT) | I10: Thuế VAT (8%) | J10: Tổng tiền (gồm VAT) | K10: 🎚️ Cấp giá
B11: 1 | D11: =IFERROR(VLOOKUP($C11,'📂 DATA'!$A:$I,2,0),"") | E11: =IFERROR(VLOOKUP($C11,'📂 DATA'!$A:$I,4,0),"") | G11: =IFERROR(VLOOKUP($C11,'📂 DATA'!$A:$J,MATCH(IF($K11="",$C$9,$K11),{"Giá vốn";"Giá VIP";"Giá ưu đãi";"Giá đại lý";"Giá gara"},0)+4,0),"") | H11: =IF($C11="","",N($F11)*N($G11)) | I11: =IF($C11="","",$H11*$J$5) | J11: =IF($C11="","",$H11+$I11)
B12: 2 | D12: =IFERROR(VLOOKUP($C12,'📂 DATA'!$A:$I,2,0),"") | E12: =IFERROR(VLOOKUP($C12,'📂 DATA'!$A:$I,4,0),"") | G12: =IFERROR(VLOOKUP($C12,'📂 DATA'!$A:$J,MATCH(IF($K12="",$C$9,$K12),{"Giá vốn";"Giá VIP";"Giá ưu đãi";"Giá đại lý";"Giá gara"},0)+4,0),"") | H12: =IF($C12="","",N($F12)*N($G12)) | I12: =IF($C12="","",$H12*$J$5) | J12: =IF($C12="","",$H12+$I12)
B13: 3 | D13: =IFERROR(VLOOKUP($C13,'📂 DATA'!$A:$I,2,0),"") | E13: =IFERROR(VLOOKUP($C13,'📂 DATA'!$A:$I,4,0),"") | G13: =IFERROR(VLOOKUP($C13,'📂 DATA'!$A:$J,MATCH(IF($K13="",$C$9,$K13),{"Giá vốn";"Giá VIP";"Giá ưu đãi";"Giá đại lý";"Giá gara"},0)+4,0),"") | H13: =IF($C13="","",N($F13)*N($G13)) | I13: =IF($C13="","",$H13*$J$5) | J13: =IF($C13="","",$H13+$I13)
B14: 4 | D14: =IFERROR(VLOOKUP($C14,'📂 DATA'!$A:$I,2,0),"") | E14: =IFERROR(VLOOKUP($C14,'📂 DATA'!$A:$I,4,0),"") | G14: =IFERROR(VLOOKUP($C14,'📂 DATA'!$A:$J,MATCH(IF($K14="",$C$9,$K14),{"Giá vốn";"Giá VIP";"Giá ưu đãi";"Giá đại lý";"Giá gara"},0)+4,0),"") | H14: =IF($C14="","",N($F14)*N($G14)) | I14: =IF($C14="","",$H14*$J$5) | J14: =IF($C14="","",$H14+$I14)
B15: 5 | D15: =IFERROR(VLOOKUP($C15,'📂 DATA'!$A:$I,2,0),"") | E15: =IFERROR(VLOOKUP($C15,'📂 DATA'!$A:$I,4,0),"") | G15: =IFERROR(VLOOKUP($C15,'📂 DATA'!$A:$J,MATCH(IF($K15="",$C$9,$K15),{"Giá vốn";"Giá VIP";"Giá ưu đãi";"Giá đại lý";"Giá gara"},0)+4,0),"") | H15: =IF($C15="","",N($F15)*N($G15)) | I15: =IF($C15="","",$H15*$J$5) | J15: =IF($C15="","",$H15+$I15)
B16: 6 | D16: =IFERROR(VLOOKUP($C16,'📂 DATA'!$A:$I,2,0),"") | E16: =IFERROR(VLOOKUP($C16,'📂 DATA'!$A:$I,4,0),"") | G16: =IFERROR(VLOOKUP($C16,'📂 DATA'!$A:$J,MATCH(IF($K16="",$C$9,$K16),{"Giá vốn";"Giá VIP";"Giá ưu đãi";"Giá đại lý";"Giá gara"},0)+4,0),"") | H16: =IF($C16="","",N($F16)*N($G16)) | I16: =IF($C16="","",$H16*$J$5) | J16: =IF($C16="","",$H16+$I16)
B17: 7 | D17: =IFERROR(VLOOKUP($C17,'📂 DATA'!$A:$I,2,0),"") | E17: =IFERROR(VLOOKUP($C17,'📂 DATA'!$A:$I,4,0),"") | G17: =IFERROR(VLOOKUP($C17,'📂 DATA'!$A:$J,MATCH(IF($K17="",$C$9,$K17),{"Giá vốn";"Giá VIP";"Giá ưu đãi";"Giá đại lý";"Giá gara"},0)+4,0),"") | H17: =IF($C17="","",N($F17)*N($G17)) | I17: =IF($C17="","",$H17*$J$5) | J17: =IF($C17="","",$H17+$I17)
B18: 8 | D18: =IFERROR(VLOOKUP($C18,'📂 DATA'!$A:$I,2,0),"") | E18: =IFERROR(VLOOKUP($C18,'📂 DATA'!$A:$I,4,0),"") | G18: =IFERROR(VLOOKUP($C18,'📂 DATA'!$A:$J,MATCH(IF($K18="",$C$9,$K18),{"Giá vốn";"Giá VIP";"Giá ưu đãi";"Giá đại lý";"Giá gara"},0)+4,0),"") | H18: =IF($C18="","",N($F18)*N($G18)) | I18: =IF($C18="","",$H18*$J$5) | J18: =IF($C18="","",$H18+$I18)
B19: Tổng cộng | F19: =SUM($F$11:$F$18) -> 0 | H19: =SUM($H$11:$H$18) -> 0 | I19: =SUM($I$11:$I$18) -> 0 | J19: =SUM($J$11:$J$18) -> 0
B20: ="Bằng chữ: "&IFERROR(IF(OR($J$19="",$J$19=0),"Không đồng./.",UPPER(LEFT(TRIM(IF(INT($J$19/1000000000)>0,VLOOKUP(INT($J$19/1000000000),_LOOKUP_VND!A:C,3,FALSE())&" tỷ ","")&IF(MOD(INT($J$19/1000000),1000)>0,IF(INT($J$19/1000000000)>0,VLOOKUP(MOD(INT($J$19/1000000),1000),_LOOKUP_VND!A:C,2,FALSE()),VLOOKUP(MOD(INT($J$19/1000000),1000),_LOOKUP_VND!A:C,3,FALSE()))&" triệu ","")&IF(MOD(INT($J$19/1000),1000)>0,IF(OR(INT($J$19/1000000000)>0,MOD(INT($J$19/1000000),1000)>0),VLOOKUP(MOD(INT($J$19/1000),1000),_LOOKUP_VND!A:C,2,FALSE()),VLOOKUP(MOD(INT($J$19/1000),1000),_LOOKUP_VND!A:C,3,FALSE()))&" nghìn ","")&IF(MOD($J$19,1000)>0,IF(OR(INT($J$19/1000000000)>0,MOD(INT($J$19/1000000),1000)>0,MOD(INT($J$19/1000),1000)>0),VLOOKUP(MOD($J$19,1000),_LOOKUP_VND!A:C,2,FALSE()),VLOOKUP(MOD($J$19,1000),_LOOKUP_VND!A:C,3,FALSE()))&" ","")),1))&MID(TRIM(IF(INT($J$19/1000000000)>0,VLOOKUP(INT($J$19/1000000000),_LOOKUP_VND!A:C,3,FALSE())&" tỷ ","")&IF(MOD(INT($J$19/1000000),1000)>0,IF(INT($J$19/1000000000)>0,VLOOKUP(MOD(INT($J$19/1000000),1000),_LOOKUP_VND!A:C,2,FALSE()),VLOOKUP(MOD(INT($J$19/1000000),1000),_LOOKUP_VND!A:C,3,FALSE()))&" triệu ","")&IF(MOD(INT($J$19/1000),1000)>0,IF(OR(INT($J$19/1000000000)>0,MOD(INT($J$19/1000000),1000)>0),VLOOKUP(MOD(INT($J$19/1000),1000),_LOOKUP_VND!A:C,2,FALSE()),VLOOKUP(MOD(INT($J$19/1000),1000),_LOOKUP_VND!A:C,3,FALSE()))&" nghìn ","")&IF(MOD($J$19,1000)>0,IF(OR(INT($J$19/1000000000)>0,MOD(INT($J$19/1000000),1000)>0,MOD(INT($J$19/1000),1000)>0),VLOOKUP(MOD($J$19,1000),_LOOKUP_VND!A:C,2,FALSE()),VLOOKUP(MOD($J$19,1000),_LOOKUP_VND!A:C,3,FALSE()))&" ","")),2,LEN(TRIM(IF(INT($J$19/1000000000)>0,VLOOKUP(INT($J$19/1000000000),_LOOKUP_VND!A:C,3,FALSE())&" tỷ ","")&IF(MOD(INT($J$19/1000000),1000)>0,IF(INT($J$19/1000000000)>0,VLOOKUP(MOD(INT($J$19/1000000),1000),_LOOKUP_VND!A:C,2,FALSE()),VLOOKUP(MOD(INT($J$19/1000000),1000),_LOOKUP_VND!A:C,3,FALSE()))&" triệu ","")&IF(MOD(INT($J$19/1000),1000)>0,IF(OR(INT($J$19/1000000000)>0,MOD(INT($J$19/1000000),1000)>0),VLOOKUP(MOD(INT($J$19/1000),1000),_LOOKUP_VND!A:C,2,FALSE()),VLOOKUP(MOD(INT($J$19/1000),1000),_LOOKUP_VND!A:C,3,FALSE()))&" nghìn ","")&IF(MOD($J$19,1000)>0,IF(OR(INT($J$19/1000000000)>0,MOD(INT($J$19/1000000),1000)>0,MOD(INT($J$19/1000),1000)>0),VLOOKUP(MOD($J$19,1000),_LOOKUP_VND!A:C,2,FALSE()),VLOOKUP(MOD($J$19,1000),_LOOKUP_VND!A:C,3,FALSE()))&" ",""))))&" đồng chẵn./."),"⚠ Lỗi đọc số") -> Bằng chữ: Không đồng./.
C22: KHÁCH HÀNG | H22: NGƯỜI BÁO GIÁ
H23: Luân Nguyễn
B26: ──────── 🔎 TÌM NHANH (không in ra) ────────
B27: 🔎 Gõ:
C28: Mã HH | D28: Tên hàng | E28: ĐVT | F28: ĐK | G28: Giá vốn | H28: Giá VIP | I28: Giá ưu đãi | J28: Giá đại lý | K28: Giá gara
C29: =IF(M29="","",INDEX('📂 DATA'!$A$2:$A$6086,M29)) | D29: =IF(M29="","",INDEX('📂 DATA'!$B$2:$B$6086,M29)) | E29: =IF(M29="","",INDEX('📂 DATA'!$D$2:$D$6086,M29)) | F29: =IF(M29="","",INDEX('📂 DATA'!$J$2:$J$6086,M29)) | G29: =IF(M29="","",INDEX('📂 DATA'!$E$2:$E$6086,M29)) | H29: =IF(M29="","",INDEX('📂 DATA'!$F$2:$F$6086,M29)) | I29: =IF(M29="","",INDEX('📂 DATA'!$G$2:$G$6086,M29)) | J29: =IF(M29="","",INDEX('📂 DATA'!$H$2:$H$6086,M29)) | K29: =IF(M29="","",INDEX('📂 DATA'!$I$2:$I$6086,M29)) | M29: =IFERROR(MATCH(1,'📂 DATA'!$O$2:$O$6086,0),"")
C30: =IF(M30="","",INDEX('📂 DATA'!$A$2:$A$6086,M30)) | D30: =IF(M30="","",INDEX('📂 DATA'!$B$2:$B$6086,M30)) | E30: =IF(M30="","",INDEX('📂 DATA'!$D$2:$D$6086,M30)) | F30: =IF(M30="","",INDEX('📂 DATA'!$J$2:$J$6086,M30)) | G30: =IF(M30="","",INDEX('📂 DATA'!$E$2:$E$6086,M30)) | H30: =IF(M30="","",INDEX('📂 DATA'!$F$2:$F$6086,M30)) | I30: =IF(M30="","",INDEX('📂 DATA'!$G$2:$G$6086,M30)) | J30: =IF(M30="","",INDEX('📂 DATA'!$H$2:$H$6086,M30)) | K30: =IF(M30="","",INDEX('📂 DATA'!$I$2:$I$6086,M30)) | M30: =IFERROR(MATCH(2,'📂 DATA'!$O$2:$O$6086,0),"")
C31: =IF(M31="","",INDEX('📂 DATA'!$A$2:$A$6086,M31)) | D31: =IF(M31="","",INDEX('📂 DATA'!$B$2:$B$6086,M31)) | E31: =IF(M31="","",INDEX('📂 DATA'!$D$2:$D$6086,M31)) | F31: =IF(M31="","",INDEX('📂 DATA'!$J$2:$J$6086,M31)) | G31: =IF(M31="","",INDEX('📂 DATA'!$E$2:$E$6086,M31)) | H31: =IF(M31="","",INDEX('📂 DATA'!$F$2:$F$6086,M31)) | I31: =IF(M31="","",INDEX('📂 DATA'!$G$2:$G$6086,M31)) | J31: =IF(M31="","",INDEX('📂 DATA'!$H$2:$H$6086,M31)) | K31: =IF(M31="","",INDEX('📂 DATA'!$I$2:$I$6086,M31)) | M31: =IFERROR(MATCH(3,'📂 DATA'!$O$2:$O$6086,0),"")
C32: =IF(M32="","",INDEX('📂 DATA'!$A$2:$A$6086,M32)) | D32: =IF(M32="","",INDEX('📂 DATA'!$B$2:$B$6086,M32)) | E32: =IF(M32="","",INDEX('📂 DATA'!$D$2:$D$6086,M32)) | F32: =IF(M32="","",INDEX('📂 DATA'!$J$2:$J$6086,M32)) | G32: =IF(M32="","",INDEX('📂 DATA'!$E$2:$E$6086,M32)) | H32: =IF(M32="","",INDEX('📂 DATA'!$F$2:$F$6086,M32)) | I32: =IF(M32="","",INDEX('📂 DATA'!$G$2:$G$6086,M32)) | J32: =IF(M32="","",INDEX('📂 DATA'!$H$2:$H$6086,M32)) | K32: =IF(M32="","",INDEX('📂 DATA'!$I$2:$I$6086,M32)) | M32: =IFERROR(MATCH(4,'📂 DATA'!$O$2:$O$6086,0),"")
C33: =IF(M33="","",INDEX('📂 DATA'!$A$2:$A$6086,M33)) | D33: =IF(M33="","",INDEX('📂 DATA'!$B$2:$B$6086,M33)) | E33: =IF(M33="","",INDEX('📂 DATA'!$D$2:$D$6086,M33)) | F33: =IF(M33="","",INDEX('📂 DATA'!$J$2:$J$6086,M33)) | G33: =IF(M33="","",INDEX('📂 DATA'!$E$2:$E$6086,M33)) | H33: =IF(M33="","",INDEX('📂 DATA'!$F$2:$F$6086,M33)) | I33: =IF(M33="","",INDEX('📂 DATA'!$G$2:$G$6086,M33)) | J33: =IF(M33="","",INDEX('📂 DATA'!$H$2:$H$6086,M33)) | K33: =IF(M33="","",INDEX('📂 DATA'!$I$2:$I$6086,M33)) | M33: =IFERROR(MATCH(5,'📂 DATA'!$O$2:$O$6086,0),"")
C34: =IF(M34="","",INDEX('📂 DATA'!$A$2:$A$6086,M34)) | D34: =IF(M34="","",INDEX('📂 DATA'!$B$2:$B$6086,M34)) | E34: =IF(M34="","",INDEX('📂 DATA'!$D$2:$D$6086,M34)) | F34: =IF(M34="","",INDEX('📂 DATA'!$J$2:$J$6086,M34)) | G34: =IF(M34="","",INDEX('📂 DATA'!$E$2:$E$6086,M34)) | H34: =IF(M34="","",INDEX('📂 DATA'!$F$2:$F$6086,M34)) | I34: =IF(M34="","",INDEX('📂 DATA'!$G$2:$G$6086,M34)) | J34: =IF(M34="","",INDEX('📂 DATA'!$H$2:$H$6086,M34)) | K34: =IF(M34="","",INDEX('📂 DATA'!$I$2:$I$6086,M34)) | M34: =IFERROR(MATCH(6,'📂 DATA'!$O$2:$O$6086,0),"")
C35: =IF(M35="","",INDEX('📂 DATA'!$A$2:$A$6086,M35)) | D35: =IF(M35="","",INDEX('📂 DATA'!$B$2:$B$6086,M35)) | E35: =IF(M35="","",INDEX('📂 DATA'!$D$2:$D$6086,M35)) | F35: =IF(M35="","",INDEX('📂 DATA'!$J$2:$J$6086,M35)) | G35: =IF(M35="","",INDEX('📂 DATA'!$E$2:$E$6086,M35)) | H35: =IF(M35="","",INDEX('📂 DATA'!$F$2:$F$6086,M35)) | I35: =IF(M35="","",INDEX('📂 DATA'!$G$2:$G$6086,M35)) | J35: =IF(M35="","",INDEX('📂 DATA'!$H$2:$H$6086,M35)) | K35: =IF(M35="","",INDEX('📂 DATA'!$I$2:$I$6086,M35)) | M35: =IFERROR(MATCH(7,'📂 DATA'!$O$2:$O$6086,0),"")
C36: =IF(M36="","",INDEX('📂 DATA'!$A$2:$A$6086,M36)) | D36: =IF(M36="","",INDEX('📂 DATA'!$B$2:$B$6086,M36)) | E36: =IF(M36="","",INDEX('📂 DATA'!$D$2:$D$6086,M36)) | F36: =IF(M36="","",INDEX('📂 DATA'!$J$2:$J$6086,M36)) | G36: =IF(M36="","",INDEX('📂 DATA'!$E$2:$E$6086,M36)) | H36: =IF(M36="","",INDEX('📂 DATA'!$F$2:$F$6086,M36)) | I36: =IF(M36="","",INDEX('📂 DATA'!$G$2:$G$6086,M36)) | J36: =IF(M36="","",INDEX('📂 DATA'!$H$2:$H$6086,M36)) | K36: =IF(M36="","",INDEX('📂 DATA'!$I$2:$I$6086,M36)) | M36: =IFERROR(MATCH(8,'📂 DATA'!$O$2:$O$6086,0),"")
C37: =IF(M37="","",INDEX('📂 DATA'!$A$2:$A$6086,M37)) | D37: =IF(M37="","",INDEX('📂 DATA'!$B$2:$B$6086,M37)) | E37: =IF(M37="","",INDEX('📂 DATA'!$D$2:$D$6086,M37)) | F37: =IF(M37="","",INDEX('📂 DATA'!$J$2:$J$6086,M37)) | G37: =IF(M37="","",INDEX('📂 DATA'!$E$2:$E$6086,M37)) | H37: =IF(M37="","",INDEX('📂 DATA'!$F$2:$F$6086,M37)) | I37: =IF(M37="","",INDEX('📂 DATA'!$G$2:$G$6086,M37)) | J37: =IF(M37="","",INDEX('📂 DATA'!$H$2:$H$6086,M37)) | K37: =IF(M37="","",INDEX('📂 DATA'!$I$2:$I$6086,M37)) | M37: =IFERROR(MATCH(9,'📂 DATA'!$O$2:$O$6086,0),"")
C38: =IF(M38="","",INDEX('📂 DATA'!$A$2:$A$6086,M38)) | D38: =IF(M38="","",INDEX('📂 DATA'!$B$2:$B$6086,M38)) | E38: =IF(M38="","",INDEX('📂 DATA'!$D$2:$D$6086,M38)) | F38: =IF(M38="","",INDEX('📂 DATA'!$J$2:$J$6086,M38)) | G38: =IF(M38="","",INDEX('📂 DATA'!$E$2:$E$6086,M38)) | H38: =IF(M38="","",INDEX('📂 DATA'!$F$2:$F$6086,M38)) | I38: =IF(M38="","",INDEX('📂 DATA'!$G$2:$G$6086,M38)) | J38: =IF(M38="","",INDEX('📂 DATA'!$H$2:$H$6086,M38)) | K38: =IF(M38="","",INDEX('📂 DATA'!$I$2:$I$6086,M38)) | M38: =IFERROR(MATCH(10,'📂 DATA'!$O$2:$O$6086,0),"")
C39: =IF(M39="","",INDEX('📂 DATA'!$A$2:$A$6086,M39)) | D39: =IF(M39="","",INDEX('📂 DATA'!$B$2:$B$6086,M39)) | E39: =IF(M39="","",INDEX('📂 DATA'!$D$2:$D$6086,M39)) | F39: =IF(M39="","",INDEX('📂 DATA'!$J$2:$J$6086,M39)) | G39: =IF(M39="","",INDEX('📂 DATA'!$E$2:$E$6086,M39)) | H39: =IF(M39="","",INDEX('📂 DATA'!$F$2:$F$6086,M39)) | I39: =IF(M39="","",INDEX('📂 DATA'!$G$2:$G$6086,M39)) | J39: =IF(M39="","",INDEX('📂 DATA'!$H$2:$H$6086,M39)) | K39: =IF(M39="","",INDEX('📂 DATA'!$I$2:$I$6086,M39)) | M39: =IFERROR(MATCH(11,'📂 DATA'!$O$2:$O$6086,0),"")
C40: =IF(M40="","",INDEX('📂 DATA'!$A$2:$A$6086,M40)) | D40: =IF(M40="","",INDEX('📂 DATA'!$B$2:$B$6086,M40)) | E40: =IF(M40="","",INDEX('📂 DATA'!$D$2:$D$6086,M40)) | F40: =IF(M40="","",INDEX('📂 DATA'!$J$2:$J$6086,M40)) | G40: =IF(M40="","",INDEX('📂 DATA'!$E$2:$E$6086,M40)) | H40: =IF(M40="","",INDEX('📂 DATA'!$F$2:$F$6086,M40)) | I40: =IF(M40="","",INDEX('📂 DATA'!$G$2:$G$6086,M40)) | J40: =IF(M40="","",INDEX('📂 DATA'!$H$2:$H$6086,M40)) | K40: =IF(M40="","",INDEX('📂 DATA'!$I$2:$I$6086,M40)) | M40: =IFERROR(MATCH(12,'📂 DATA'!$O$2:$O$6086,0),"")

Sheet ⚙️ BỘ HƠI
B1: ⚙️ GOM BỘ HƠI (Piston + Séc măng + Xy lanh)
B2: Chọn Piston → Xy lanh → Séc măng. Báo theo BỘ; SL = số máy. Cảnh báo nếu lệch đời máy / sai mạ. | H2: =IF($H$40=0,"",IFERROR(IF(INDEX('🔩 PISTON'!$C$3:$C$1143,$H$40)=0,"",INDEX('🔩 PISTON'!$C$3:$C$1143,$H$40)),""))
H3: =IF($H$40=0,"",IFERROR(IF(INDEX('🔩 PISTON'!$D$3:$D$1143,$H$40)=0,"",INDEX('🔩 PISTON'!$D$3:$D$1143,$H$40)),""))
B4: ① Chọn Piston: | E4: Mã HH: | H4: =IF($H$40=0,0,IFERROR(INDEX('🔩 PISTON'!$N$3:$N$1143,$H$40),0)) -> 0
B5: ② Chọn Xy lanh: | E5: Mã HH: | H5: =IF($H$6="kiếng","Không mạ",IF($H$6="gang","Có mạ","—")) -> —
B6: ③ Chọn Séc măng: | E6: Mã HH: | H6: =IF($H$41=0,"",IFERROR(IF(INDEX('🔧 XY LANH'!$E$3:$E$1100,$H$41)=0,"",INDEX('🔧 XY LANH'!$E$3:$E$1100,$H$41)),""))
H7: =IF($H$41=0,0,IFERROR(INDEX('🔧 XY LANH'!$N$3:$N$1100,$H$41),0)) -> 0
B8: Thành phần | C8: Mã HH | D8: Chi tiết | F8: Giá (bộ) | H8: =IF($H$42=0,0,IFERROR(INDEX('⚙️ SÉC MĂNG'!$K$3:$K$1100,$H$42),0)) -> 0
B9: 🔩 Piston | C9: =$H$34 | D9: =IF($H$40=0,"(chưa chọn)",$H$2&IF($H$21=""," "," · "&$H$21)&IF($H$11=""," "," · "&$H$11)&IF($H$12=""," "," · Ắc "&$H$12)&IF($H$13=""," "," · Ắc đỉnh "&$H$13)&IF($H$14=""," "," · Dài "&$H$14)&IF($H$33=""," "," · "&$H$33)&IF($H$15=""," "," ("&$H$15&")")) -> (chưa chọn) | F9: =$H$4 -> 0
B10: 🔧 Xy lanh | C10: =$H$35 | D10: =IF($H$41=0,IF($H$40=0,"(chưa chọn)","⚠️ Đời máy này chưa tự dò ra — chọn tay ở ② hoặc gõ Mã HH"),$H$37) -> (chưa chọn) | F10: =$H$7 -> 0 | H10: =IF($H$40=0,"",IFERROR(IF(INDEX('🔩 PISTON'!$E$3:$E$1143,$H$40)=0,"",INDEX('🔩 PISTON'!$E$3:$E$1143,$H$40)),""))
B11: ⚙️ Séc măng | C11: =$H$36 | D11: =IF($H$42=0,IF($H$40=0,"(chưa chọn)","⚠️ chưa tự dò ra — chọn tay ở ③ hoặc gõ Mã HH"),$H$26&" · "&IF($H$19=""," ",$H$19&" · ")&"Ring "&$H$18&" · "&$H$17) -> (chưa chọn) | F11: =$H$8 -> 0 | H11: =IF($H$40=0,"",IFERROR(IF(INDEX('🔩 PISTON'!$F$3:$F$1143,$H$40)=0,"",INDEX('🔩 PISTON'!$F$3:$F$1143,$H$40)),""))
B12: 📦 Đơn vị | C12: =IF($H$41=0,"(chọn xy lanh)","BỘ "&$H$20&" MÁY") -> (chọn xy lanh) | H12: =IF($H$40=0,"",IFERROR(IF(INDEX('🔩 PISTON'!$G$3:$G$1143,$H$40)=0,"",INDEX('🔩 PISTON'!$G$3:$G$1143,$H$40)),""))
B13: 💰 ĐƠN GIÁ 1 BỘ | F13: =$H$4+$H$7+$H$8 -> 0 | H13: =IF($H$40=0,"",IFERROR(IF(INDEX('🔩 PISTON'!$H$3:$H$1143,$H$40)=0,"",INDEX('🔩 PISTON'!$H$3:$H$1143,$H$40)),""))
B14: 🔢 Số lượng (bộ) | F14: 1 | H14: =IF($H$40=0,"",IFERROR(IF(INDEX('🔩 PISTON'!$I$3:$I$1143,$H$40)=0,"",INDEX('🔩 PISTON'!$I$3:$I$1143,$H$40)),""))
B15: 💵 THÀNH TIỀN | F15: =$F$13*$F$14 -> 0 | H15: =IF($H$40=0,"",IFERROR(IF(INDEX('🔩 PISTON'!$J$3:$J$1143,$H$40)=0,"",INDEX('🔩 PISTON'!$J$3:$J$1143,$H$40)),""))
B16: 📝 Bằng chữ | C16: =IFERROR(IF(OR($F$15="",$F$15=0),"Không đồng./.",UPPER(LEFT(TRIM(IF(INT($F$15/1000000000)>0,VLOOKUP(INT($F$15/1000000000),_LOOKUP_VND!A:C,3,FALSE())&" tỷ ","")&IF(MOD(INT($F$15/1000000),1000)>0,IF(INT($F$15/1000000000)>0,VLOOKUP(MOD(INT($F$15/1000000),1000),_LOOKUP_VND!A:C,2,FALSE()),VLOOKUP(MOD(INT($F$15/1000000),1000),_LOOKUP_VND!A:C,3,FALSE()))&" triệu ","")&IF(MOD(INT($F$15/1000),1000)>0,IF(OR(INT($F$15/1000000000)>0,MOD(INT($F$15/1000000),1000)>0),VLOOKUP(MOD(INT($F$15/1000),1000),_LOOKUP_VND!A:C,2,FALSE()),VLOOKUP(MOD(INT($F$15/1000),1000),_LOOKUP_VND!A:C,3,FALSE()))&" nghìn ","")&IF(MOD($F$15,1000)>0,IF(OR(INT($F$15/1000000000)>0,MOD(INT($F$15/1000000),1000)>0,MOD(INT($F$15/1000),1000)>0),VLOOKUP(MOD($F$15,1000),_LOOKUP_VND!A:C,2,FALSE()),VLOOKUP(MOD($F$15,1000),_LOOKUP_VND!A:C,3,FALSE()))&" ","")),1))&MID(TRIM(IF(INT($F$15/1000000000)>0,VLOOKUP(INT($F$15/1000000000),_LOOKUP_VND!A:C,3,FALSE())&" tỷ ","")&IF(MOD(INT($F$15/1000000),1000)>0,IF(INT($F$15/1000000000)>0,VLOOKUP(MOD(INT($F$15/1000000),1000),_LOOKUP_VND!A:C,2,FALSE()),VLOOKUP(MOD(INT($F$15/1000000),1000),_LOOKUP_VND!A:C,3,FALSE()))&" triệu ","")&IF(MOD(INT($F$15/1000),1000)>0,IF(OR(INT($F$15/1000000000)>0,MOD(INT($F$15/1000000),1000)>0),VLOOKUP(MOD(INT($F$15/1000),1000),_LOOKUP_VND!A:C,2,FALSE()),VLOOKUP(MOD(INT($F$15/1000),1000),_LOOKUP_VND!A:C,3,FALSE()))&" nghìn ","")&IF(MOD($F$15,1000)>0,IF(OR(INT($F$15/1000000000)>0,MOD(INT($F$15/1000000),1000)>0,MOD(INT($F$15/1000),1000)>0),VLOOKUP(MOD($F$15,1000),_LOOKUP_VND!A:C,2,FALSE()),VLOOKUP(MOD($F$15,1000),_LOOKUP_VND!A:C,3,FALSE()))&" ","")),2,LEN(TRIM(IF(INT($F$15/1000000000)>0,VLOOKUP(INT($F$15/1000000000),_LOOKUP_VND!A:C,3,FALSE())&" tỷ ","")&IF(MOD(INT($F$15/1000000),1000)>0,IF(INT($F$15/1000000000)>0,VLOOKUP(MOD(INT($F$15/1000000),1000),_LOOKUP_VND!A:C,2,FALSE()),VLOOKUP(MOD(INT($F$15/1000000),1000),_LOOKUP_VND!A:C,3,FALSE()))&" triệu ","")&IF(MOD(INT($F$15/1000),1000)>0,IF(OR(INT($F$15/1000000000)>0,MOD(INT($F$15/1000000),1000)>0),VLOOKUP(MOD(INT($F$15/1000),1000),_LOOKUP_VND!A:C,2,FALSE()),VLOOKUP(MOD(INT($F$15/1000),1000),_LOOKUP_VND!A:C,3,FALSE()))&" nghìn ","")&IF(MOD($F$15,1000)>0,IF(OR(INT($F$15/1000000000)>0,MOD(INT($F$15/1000000),1000)>0,MOD(INT($F$15/1000),1000)>0),VLOOKUP(MOD($F$15,1000),_LOOKUP_VND!A:C,2,FALSE()),VLOOKUP(MOD($F$15,1000),_LOOKUP_VND!A:C,3,FALSE()))&" ",""))))&" đồng chẵn./."),"⚠ Lỗi đọc số") -> Không đồng./.
H17: =IF($H$42=0,"",IFERROR(IF(INDEX('⚙️ SÉC MĂNG'!$H$3:$H$1100,$H$42)=0,"",INDEX('⚙️ SÉC MĂNG'!$H$3:$H$1100,$H$42)),""))
B18: =IF(OR($H$40=0,$H$41=0,$H$42=0),"⬆ Chọn đủ Piston + Xy lanh + Séc măng (theo tên hoặc Mã HH).",IF($H$32="SAI","⛔ XY LANH ("&$H$29&" ĐK"&$H$30&") KHÁC đời máy Piston ("&$H$2&" ĐK"&$H$3&") — KIỂM TRA LẠI!",IF($H$31="SAI","⛔ SÉC MĂNG ("&$H$26&" ĐK"&$H$27&") KHÁC đời máy Piston ("&$H$2&" ĐK"&$H$3&") — KIỂM TRA LẠI!",IF(AND($H$5<>"—",$H$5<>"",$H$19<>$H$5),"⚠️ Xy lanh "&$H$6&" nên dùng séc măng "&$H$5&" — đang chọn "&IF($H$19="","(không mạ)",$H$19)&".","✅ Đủ bộ hơi 3 món · cùng đời máy "&$H$2&IF($H$5="—"," (không phân mạ)"," · séc măng "&$H$19&" hợp xy lanh "&$H$6))))) -> ⬆ Chọn đủ Piston + Xy lanh + Séc măng (theo tên hoặc Mã HH). | H18: =IF($H$42=0,"",IFERROR(IF(INDEX('⚙️ SÉC MĂNG'!$G$3:$G$1100,$H$42)=0,"",INDEX('⚙️ SÉC MĂNG'!$G$3:$G$1100,$H$42)),""))
H19: =IF($H$42=0,"",IFERROR(IF(INDEX('⚙️ SÉC MĂNG'!$F$3:$F$1100,$H$42)=0,"",INDEX('⚙️ SÉC MĂNG'!$F$3:$F$1100,$H$42)),""))
H20: =IF($H$41=0,"",IFERROR(IF(INDEX('🔧 XY LANH'!$D$3:$D$1100,$H$41)=0,"",INDEX('🔧 XY LANH'!$D$3:$D$1100,$H$41)),""))
H21: =IF($H$40=0,"",IF($H$10="(A)+(O)","chân ko",IF($H$10="(A)","kiềng gang",$H$10)))
H26: =IF($H$42=0,"",IFERROR(IF(INDEX('⚙️ SÉC MĂNG'!$C$3:$C$1100,$H$42)=0,"",INDEX('⚙️ SÉC MĂNG'!$C$3:$C$1100,$H$42)),""))
H27: =IF($H$42=0,"",IFERROR(IF(INDEX('⚙️ SÉC MĂNG'!$D$3:$D$1100,$H$42)=0,"",INDEX('⚙️ SÉC MĂNG'!$D$3:$D$1100,$H$42)),""))
H29: =IF($H$41=0,"",IFERROR(IF(INDEX('🔧 XY LANH'!$C$3:$C$1100,$H$41)=0,"",INDEX('🔧 XY LANH'!$C$3:$C$1100,$H$41)),""))
H30: =IF($H$41=0,"",IFERROR(IF(INDEX('🔧 XY LANH'!$K$3:$K$1100,$H$41)=0,"",INDEX('🔧 XY LANH'!$K$3:$K$1100,$H$41)),""))
H31: =IF(OR($H$40=0,$H$42=0),"",IF(OR(ISNUMBER(SEARCH($H$2,$H$26)),ISNUMBER(SEARCH($H$26,$H$2))),IF(OR($H$27="",$H$3="",$H$3=$H$27),"OK","SAI"),"SAI"))
H32: =IF(OR($H$40=0,$H$41=0),"",IF(OR(ISNUMBER(SEARCH($H$2,$H$29)),ISNUMBER(SEARCH($H$29,$H$2))),IF(OR($H$30="",$H$3="",$H$3=$H$30),"OK","SAI"),"SAI"))
H33: =IF($H$40=0,"",IFERROR(IF(INDEX('🔩 PISTON'!$K$3:$K$1143,$H$40)=0,"",INDEX('🔩 PISTON'!$K$3:$K$1143,$H$40)),""))
H34: =IF($H$40=0,"",IFERROR(IF(INDEX('🔩 PISTON'!$A$3:$A$1143,$H$40)=0,"",INDEX('🔩 PISTON'!$A$3:$A$1143,$H$40)),""))
H35: =IF($H$41=0,"",IFERROR(IF(INDEX('🔧 XY LANH'!$A$3:$A$1100,$H$41)=0,"",INDEX('🔧 XY LANH'!$A$3:$A$1100,$H$41)),""))
H36: =IF($H$42=0,"",IFERROR(IF(INDEX('⚙️ SÉC MĂNG'!$A$3:$A$1100,$H$42)=0,"",INDEX('⚙️ SÉC MĂNG'!$A$3:$A$1100,$H$42)),""))
H37: =IF($H$41=0,"",IFERROR(IF(INDEX('🔧 XY LANH'!$S$3:$S$1100,$H$41)=0,"",INDEX('🔧 XY LANH'!$S$3:$S$1100,$H$41)),""))
H40: =IFERROR(IF($F$4<>"",MATCH($F$4,'🔩 PISTON'!$A$3:$A$1143,0),IF($C$4<>"",MATCH($C$4,'🔩 PISTON'!$U$3:$U$1143,0),0)),0) -> 0
H41: =IFERROR(IF($F$5<>"",MATCH($F$5,'🔧 XY LANH'!$A$3:$A$1100,0),IF($C$5<>"",MATCH($C$5,'🔧 XY LANH'!$S$3:$S$1100,0),$H$43)),0) -> 0
H42: =IFERROR(IF($F$6<>"",MATCH($F$6,'⚙️ SÉC MĂNG'!$A$3:$A$1100,0),IF($C$6<>"",MATCH($C$6,'⚙️ SÉC MĂNG'!$R$3:$R$1100,0),$H$44)),0) -> 0
H43: =IF('⚙️ BỘ HƠI'!$H$40=0,0,IF(MIN('🔧 XY LANH'!$U$3:$U$1100)=99999,0,MIN('🔧 XY LANH'!$U$3:$U$1100))) -> 0
H44: =IF('⚙️ BỘ HƠI'!$H$40=0,0,IF(MIN('⚙️ SÉC MĂNG'!$S$3:$S$1100)=99999,0,MIN('⚙️ SÉC MĂNG'!$S$3:$S$1100))) -> 0

Sheet 📦 RON BỘ
A1: STT | B1: 🔖 MÃ VT | C1: 📋 TÊN HÀNG | D1: 🏭 HÃNG | E1: 🏷️ TH SX | F1: 📦 ĐVT | G1: 💰 GIÁ VỐN | H1: 🟢 GIÁ VIP | I1: 🟡 GIÁ Ư.ĐÃI | J1: 🔵 GIÁ ĐẠI LÝ | K1: 🟣 GIÁ GARA | L1: 📦 TỒN | M1: 📝 GHI CHÚ
C2: ◆ HINO (14 sản phẩm)
A3: 1 | B3: HH076479 | C3: Ron bộ Hino DM100 - Amiang - MASAKO | D3: HINO | E3: MASAKO | F3: Bộ | H3: 630000 | I3: 670000 | J3: 720000
A4: 2 | B4: HH084235 | C4: Ron bộ Hino EC100, ASB Amiang - DF | D4: HINO | E4: DF | F4: Bộ | H4: 760000 | I4: 810000 | J4: 860000
A5: 3 | B5: HH076278 | C5: Ron bộ Hino EF750, amiang - MASAKO | D5: HINO | E5: MASAKO | F5: Bộ | H5: 1250000 | I5: 1350000 | J5: 1450000
A6: 4 | B6: HH080139 | C6: Ron bộ Hino EP100, thép - DF | D6: HINO | E6: DF | F6: Bộ | H6: 1670000 | I6: 1770000 | J6: 1900000
A7: 5 | B7: HH072734 | C7: Ron bộ Hino H06C/H07C - Amiang (cổ bô 3 lỗ) - DF | D7: HINO | E7: DF | F7: Bộ
A8: 6 | B8: HH079303 | C8: Ron bộ Hino H06C/H07C sợi tổng hợp (cổ bô 3 lỗ) - MASAKO | D8: HINO | E8: MASAKO | F8: Bộ | H8: 750000 | I8: 800000 | J8: 850000
A9: 7 | B9: HH078075 | C9: Ron bộ Hino H07D/ D6DA/ K6700, Non Asb sợi tổng hợp - DF | D9: HINO | E9: DF | F9: Bộ | H9: 810000 | I9: 860000 | J9: 920000
A10: 8 | B10: HH079048 | C10: Ron bộ Hino J05E, Thép - NICE IN | D10: HINO | E10: NICE IN | F10: Bộ | H10: 1140000 | I10: 1200000 | J10: 1300000
A11: 9 | B11: HH079662 | C11: Ron bộ Hino J07C (sợi tổng hợp) - DF | D11: HINO | E11: DF | F11: Bộ | H11: 1350000 | I11: 1450000 | J11: 1550000
A12: 10 | B12: HH082104 | C12: Ron bộ Hino J08C-T (J08E) Thép Inox - NICE IN | D12: HINO | E12: NICE IN | F12: Bộ | H12: 1450000 | I12: 1550000 | J12: 1650000
A13: 11 | B13: HH077867 | C13: Ron bộ Hino J08E/ J08C, Thép (S) - NICE IN | D13: HINO | E13: NICE IN | F13: Bộ | H13: 1500000 | I13: 1600000 | J13: 1720000
A14: 12 | B14: HH083903 | C14: Ron bộ Hino N04C thép (S) - NICE IN | D14: HINO | E14: NICE IN | F14: Bộ | H14: 650000 | I14: 680000 | J14: 730000
A15: 13 | B15: HH078290 | C15: Ron bộ Hino W04D, sợi tổng hợp - MASAKO | D15: HINO | E15: MASAKO | F15: Bộ | H15: 480000 | I15: 510000 | J15: 550000
A16: 14 | B16: HH078291 | C16: Ron bộ Hino W04E, sợi tổng hợp - MASAKO | D16: HINO | E16: MASAKO | F16: Bộ | H16: 530000 | I16: 560000 | J16: 600000
C17: ◆ ISUZU (47 sản phẩm)
A18: 15 | B18: HH072074 | C18: Ron bộ Isuzu 3KR1 / 3KR2 (Graphite) - DF | D18: ISUZU | E18: DF | F18: Bộ | H18: 670000 | I18: 720000 | J18: 770000
A19: 16 | B19: HH076547 | C19: Ron bộ Isuzu 3KR1/ 3KR2, Graphite - MASAKO | D19: ISUZU | E19: MASAKO | F19: Bộ | H19: 675000 | I19: 720000 | J19: 770000
A20: 17 | B20: HH081491 | C20: Ron bộ Isuzu 3LD1, Steel Thép - DF | D20: ISUZU | E20: DF | F20: Bộ | H20: 690000 | I20: 740000 | J20: 780000
A21: 18 | B21: HH076282 | C21: Ron bộ Isuzu 3LD1, Thép - MASAKO | D21: ISUZU | E21: MASAKO | F21: Bộ | H21: 605000 | I21: 645000 | J21: 690000
A22: 19 | B22: HH083490 | C22: Ron bộ Isuzu 3LD2, Thép - MASAKO (580.620/60) | D22: ISUZU | E22: MASAKO (580.620/60) | F22: Bộ | H22: 580000 | I22: 620000 | J22: 660000
A23: 20 | B23: HH078287 | C23: Ron bộ Isuzu 4BC2 Thép (thun cò trơn dẹt) - MASAKO | D23: ISUZU | E23: MASAKO | F23: Bộ | H23: 460000 | I23: 490000 | J23: 500000
A24: 21 | B24: HH079601 | C24: Ron bộ Isuzu 4BD1/4BB1 Amiang (thun ngạnh, p sau 100-135) - MASAKO | D24: ISUZU | E24: MASAKO | F24: Bộ | H24: 530000 | I24: 565000 | J24: 610000
A25: 22 | B25: HH075743 | C25: Ron bộ Isuzu 4BD1/4BB1 Thép (thun ngạnh, p sau 100-135) - MASAKO | D25: ISUZU | E25: MASAKO | F25: Bộ | H25: 540000 | I25: 570000 | J25: 620000
A26: 23 | B26: HH077342 | C26: Ron bộ Isuzu 4BG1 Thép - MASAKO | D26: ISUZU | E26: MASAKO | F26: Bộ | H26: 540000 | I26: 580000 | J26: 620000
A27: 24 | B27: HH079805 | C27: Ron bộ Isuzu 4BG1 Thép Inox - NICE IN | D27: ISUZU | E27: NICE IN | F27: Bộ | H27: 740000 | I27: 790000 | J27: 840000
A28: 25 | B28: HH00760 | C28: Ron bộ Isuzu 4BG1, Steel Thép - DF | D28: ISUZU | E28: DF | F28: Bộ | H28: 690000 | I28: 740000 | J28: 790000
A29: 26 | B29: HH00152 | C29: Ron bộ Isuzu 4BG1-T, phớt trà, Thép - DF | D29: ISUZU | E29: DF | F29: Bộ
A30: 27 | B30: HH084234 | C30: Ron bộ Isuzu 4FA1, Thép - DF | D30: ISUZU | E30: DF | F30: Bộ | H30: 660000 | I30: 700000 | J30: 750000
A31: 28 | B31: HH078067 | C31: Ron bộ Isuzu 4FB1/ 4FC1, Thép - DF | D31: ISUZU | E31: DF | F31: Bộ | H31: 660000 | I31: 700000 | J31: 750000
A32: 29 | B32: HH078068 | C32: Ron bộ Isuzu 4FE1, Steel Thép - DF | D32: ISUZU | E32: DF | F32: Bộ | H32: 640000 | I32: 680000 | J32: 730000
A33: 30 | B33: HH075973 | C33: Ron bộ Isuzu 4HG1 (new) thép - DF | D33: ISUZU | E33: DF | F33: Bộ | H33: 740000 | I33: 790000 | J33: 840000
A34: 31 | B34: HH075681 | C34: Ron bộ Isuzu 4HG1 (old) thép - DF | D34: ISUZU | E34: DF | F34: Bộ | H34: 740000 | I34: 790000 | J34: 840000
A35: 32 | B35: HH076830 | C35: Ron bộ Isuzu 4HK1-T (đời điện) - thép Inox - NICE IN | D35: ISUZU | E35: NICE IN | F35: Bộ | H35: 1280000 | I35: 1370000 | J35: 1460000
A36: 33 | B36: HH077494 | C36: Ron bộ Isuzu 4JB1 (catte 1 tầng), 4JA1 - Thép - DF | D36: ISUZU | E36: DF | F36: Bộ | H36: 260000 | I36: 280000 | J36: 300000
A37: 34 | B37: HH075744 | C37: Ron bộ Isuzu 4JB1- T (catte 2 tầng) thép - MASAKO | D37: ISUZU | E37: MASAKO | F37: Bộ | H37: 400000 | I37: 430000 | J37: 460000
A38: 35 | B38: HH00764 | C38: Ron bộ Isuzu 4JB1-T (catte 2 tầng) thép, 4JA1 - DF | D38: ISUZU | E38: DF | F38: Bộ | H38: 400000 | I38: 440000 | J38: 470000
A39: 36 | B39: HH076554 | C39: Ron bộ Isuzu 4JC1 (D201) Thép - MASAKO (480.510/50) | D39: ISUZU | E39: MASAKO (480.510/50) | F39: Bộ | H39: 480000 | I39: 510000 | J39: 550000
A40: 37 | B40: HH084251 | C40: Ron bộ Isuzu 4JE1, Thép - DF | D40: ISUZU | E40: DF | F40: Bộ | H40: 610000 | I40: 650000 | J40: 690000
A41: 38 | B41: HH081249 | C41: Ron bộ Isuzu 4JG1 / 4JG2 - Thép Inox - NICE IN | D41: ISUZU | E41: NICE IN | F41: Bộ | H41: 660000 | I41: 700000 | J41: 750000
A42: 39 | B42: HH077346 | C42: Ron bộ Isuzu 4JG1/ 4JG2, Thép - MASAKO | D42: ISUZU | E42: MASAKO | F42: Bộ | H42: 500000 | I42: 540000 | J42: 580000
A43: 40 | B43: HH072068 | C43: Ron bộ Isuzu 4JH1, thép - DF | D43: ISUZU | E43: DF | F43: Bộ
A44: 41 | B44: HH077053 | C44: Ron bộ Isuzu 4JJ1-T (NF8027-1) thép Inox, phớt béc 57 - NICE IN | D44: ISUZU | E44: NICE IN | F44: Bộ | H44: 950000 | I44: 1030000 | J44: 1100000
A45: 42 | B45: HH081450 | C45: Ron bộ Isuzu 4LC1, Amiang - MASAKO | D45: ISUZU | E45: MASAKO | F45: Bộ | H45: 410000 | I45: 440000 | J45: 470000
A46: 43 | B46: HH074289 | C46: Ron bộ Isuzu 4LE1, Steel thép - DF | D46: ISUZU | E46: DF | F46: Cái
A47: 44 | B47: HH076827 | C47: Ron bộ Isuzu 4LE1, thép - MASAKO | D47: ISUZU | E47: MASAKO | F47: Bộ | H47: 590000 | I47: 630000 | J47: 670000
A48: 45 | B48: HH082463 | C48: Ron bộ Isuzu 4LE2, Steel thép - DF | D48: ISUZU | E48: DF | F48: Bộ | H48: 640000 | I48: 680000 | J48: 730000
A49: 46 | B49: HH079301 | C49: Ron bộ Isuzu 6BD1/ 6BB1 Amiang (thun cò dẹt, p đuôi 105-135) - MASAKO | D49: ISUZU | E49: MASAKO | F49: Bộ | H49: 600000 | I49: 630000 | J49: 670000
A50: 47 | B50: HH076461 | C50: Ron bộ Isuzu 6BD1/6BB1 Thép (thun cò dẹt, p đuôi 105-135) - NICE IN | D50: ISUZU | E50: NICE IN | F50: Bộ | H50: 910000 | I50: 960000 | J50: 1030000
A51: 48 | B51: HH075742 | C51: Ron bộ Isuzu 6BD1/6BB1, Thép (t cò dẹt, p sau 105-135)- MASAKO | D51: ISUZU | F51: Bộ
A52: 49 | B52: HH00761 | C52: Ron bộ Isuzu 6BG1 - Thép - DF | D52: ISUZU | E52: DF | F52: Bộ
A53: 50 | B53: HH080798 | C53: Ron bộ Isuzu 6HE1, Steel Thép - DF | D53: ISUZU | E53: DF | F53: Bộ | H53: 1400000 | I53: 1500000 | J53: 1600000
A54: 51 | B54: HH080797 | C54: Ron bộ Isuzu 6HH1, Steel Thép - DF | D54: ISUZU | E54: DF | F54: Bộ | H54: 1400000 | I54: 1500000 | J54: 1600000
A55: 52 | B55: HH076540 | C55: Ron bộ Isuzu 6HK1 (kim phun cơ) thép - NICE IN | D55: ISUZU | E55: NICE IN | F55: Bộ | H55: 1400000 | I55: 1500000 | J55: 1600000
A56: 53 | B56: HH076539 | C56: Ron bộ Isuzu 6HK1-T thép (kim phun điện) - NICE IN | D56: ISUZU | E56: NICE IN | F56: Bộ | H56: 1650000 | I56: 1750000 | J56: 1850000
A57: 54 | B57: HH00762 | C57: Ron bộ Isuzu 6RB1 - Thép - DF | D57: ISUZU | E57: DF | F57: Bộ
A58: 55 | B58: HH070874 | C58: Ron bộ Isuzu 6SD1 - Thép - DF | D58: ISUZU | E58: DF | F58: Bộ
A59: 56 | B59: HH084239 | C59: Ron bộ Isuzu 6WA1, Thép - DF | D59: ISUZU | E59: DF | F59: Bộ | H59: 3050000 | I59: 3250000 | J59: 3450000
A60: 57 | B60: HH080447 | C60: Ron bộ Isuzu 6WF1, Thép Inox (phớt 113*148) - NICE IN | D60: ISUZU | E60: NICE IN | F60: Bộ | H60: 3050000 | I60: 3250000 | J60: 3450000
A61: 58 | B61: HH076462 | C61: Ron bộ Isuzu 6WG1, Thép Inox (phớt 118*148) - NICE IN | D61: ISUZU | E61: NICE IN | F61: Bộ | H61: 2900000 | I61: 3100000 | J61: 3300000
A62: 59 | B62: HH00763 | C62: Ron bộ Isuzu C240 thép kẹp amiang - DF | D62: ISUZU | E62: DF | F62: Bộ
A63: 60 | B63: HH082108 | C63: Ron bộ Isuzu DA120/ DA640 (ASB amiang) - MASAKO | D63: ISUZU | E63: MASAKO | F63: Bộ | H63: 780000 | I63: 835000 | J63: 890000
A64: 61 | B64: HH076067 | C64: Ron bộ Isuzu DA120/DA640, Metal - thép kẹp amiang - MASAKO | D64: ISUZU | E64: MASAKO | F64: Bộ | H64: 800000 | I64: 860000 | J64: 920000
C65: ◆ MAZDA KIA (10 sản phẩm)
A66: 62 | B66: HH073379 | C66: Ron bộ Kia Bongo/KJ thép (đời điện) - CADA | D66: MAZDA KIA | E66: CADA | F66: Bộ
A67: 63 | B67: HH084237 | C67: Ron bộ Kia J3/ Bongo (Direct injection - đời cơ), Thép - DF | D67: MAZDA KIA | E67: DF | F67: Bộ | H67: 660000 | I67: 700000 | J67: 750000
A68: 64 | B68: HH074788 | C68: Ron bộ Kia JS, Graphite - DF | D68: MAZDA KIA | E68: DF | F68: Bộ
A69: 65 | B69: HH074787 | C69: Ron bộ Kia JT (Graphite) - DF | D69: MAZDA KIA | E69: DF | F69: Bộ
A70: 66 | B70: HH076285 | C70: Ron bộ Kia JTA/ JT, graphite - MASAKO | D70: MAZDA KIA | E70: MASAKO | F70: Bộ | H70: 370000 | I70: 395000 | J70: 420000
A71: 67 | B71: HH084250 | C71: Ron bộ Kia K4100/ E4100 ZB, ASB amiang - DF | D71: MAZDA KIA | E71: DF | F71: Cái | H71: 360000 | I71: 380000 | J71: 400000
A72: 68 | B72: HH084238 | C72: Ron bộ Kia KJ/ J3/ Bongo (Electronic injection - đời điện), Thép - DF | D72: MAZDA KIA | E72: DF | F72: Bộ | H72: 760000 | I72: 810000 | J72: 860000
A73: 69 | B73: HH073885 | C73: Ron bộ Mazda (K2400) - PACIFIC | D73: MAZDA KIA | E73: PACIFIC | F73: Bộ
A74: 70 | B74: HH00458 | C74: Ron bộ mazda-S5/Kia25 bơm nhớt đầu (XA/T2500) - CGP/ REISSE | D74: MAZDA KIA | E74: CGP/ REISSE | F74: Bộ
A75: 71 | B75: HH081626 | C75: Ron bộ mazda-S5/XA/T2500 - Pacific | D75: MAZDA KIA | E75: Pacific | F75: Bộ
C76: ◆ KOMATSU (24 sản phẩm)
A77: 72 | B77: HH084230 | C77: Ron bộ Dưới (Bottom) Komatsu SA12V140 (140 - 12 máy, S12D140) - DF | D77: KOMATSU | E77: DF | F77: Bộ | H77: 4300000 | I77: 4600000 | J77: 4900000
A78: 73 | B78: HH070302 | C78: Ron bộ KOMATSU-4D105-1 (6130-K1-3012+) - CGP | D78: KOMATSU | E78: CGP | F78: Bộ
A79: 74 | B79: HH00973 | C79: Ron bộ KOMATSU-6D95, giấy CGP (NK) 6206-K1-3012+ | D79: KOMATSU | F79: Bộ
A80: 75 | B80: HH080753 | C80: Ron bộ Komatsu 3D95, GP - MASAKO | D80: KOMATSU | E80: MASAKO | F80: Bộ | H80: 580000 | I80: 620000 | J80: 660000
A81: 76 | B81: HH076748 | C81: Ron bộ Komatsu 4D105-3 amiang - MASAKO | D81: KOMATSU | E81: MASAKO | F81: Bộ | H81: 750000 | I81: 800000 | J81: 860000
A82: 77 | B82: HH00750 | C82: Ron bộ Komatsu 4D105-3, amiang - DF | D82: KOMATSU | E82: DF | F82: Bộ | H82: 720000 | I82: 770000 | J82: 820000
A83: 78 | B83: HH076822 | C83: Ron bộ Komatsu 4D105-5, amiang (S4D105) - MASAKO (650/90.740) | D83: KOMATSU | E83: MASAKO (650/90.740) | F83: Bộ | H83: 650000 | I83: 690000 | J83: 740000
A84: 79 | B84: HH00758 | C84: Ron bộ Komatsu 4D120, thép, phớt môi nỉ - DF | D84: KOMATSU | E84: DF | F84: Bộ | H84: 1010000 | I84: 1080000 | J84: 1150000
A85: 80 | B85: HH0623 | C85: Ron bộ Komatsu 4D130, thép, phớt môi nỉ - DF | D85: KOMATSU | E85: DF | F85: Bộ | H85: 1010000 | I85: 1080000 | J85: 1150000
A86: 81 | B86: HH00977 | C86: Ron bộ Komatsu 4D94 (D20/D21-5) - Amiang - DF | D86: KOMATSU | E86: DF | F86: Bộ | H86: 600000 | I86: 660000 | J86: 720000
A87: 82 | B87: HH00974 | C87: Ron bộ Komatsu 4D95 (Graphite) - DF | D87: KOMATSU | E87: DF | F87: Bộ | H87: 500000 | I87: 540000 | J87: 580000
A88: 83 | B88: HH076538 | C88: Ron bộ Komatsu 6D108/S6D108 Thép Inox - NICE IN | D88: KOMATSU | E88: NICE IN | F88: Bộ | H88: 1350000 | I88: 1420000 | J88: 1500000
A89: 84 | B89: HH071819 | C89: Ron bộ Komatsu 6D110 / S6D110 - Thép - DF | D89: KOMATSU | E89: DF | F89: Bộ
A90: 85 | B90: HH00756 | C90: Ron bộ Komatsu 6D125-O/ S6D125, thép, 15 lỗ - DF | D90: KOMATSU | E90: DF | F90: Bộ
A91: 86 | B91: HH083013 | C91: Ron bộ Komatsu S4D102/ 4D102/ 4BT/ PC120-6 (Kim loại) - NICE IN | D91: KOMATSU | E91: NICE IN | F91: Bộ | H91: 1200000 | I91: 1300000 | J91: 1400000
A92: 87 | B92: HH00125 | C92: Ron bộ Komatsu S4D102/PC120-6 (4D102/4BT) - Kim loại - DF | D92: KOMATSU | E92: DF | F92: Bộ
A93: 88 | B93: HH00749 | C93: Ron bộ Komatsu S6D102/ PC200-6, Kim loại, 6D102/ 6BT - DF | D93: KOMATSU | E93: DF | F93: Bộ
A94: 89 | B94: HH00755 | C94: Ron bộ Komatsu S6D105/ 6D105, amiang (có kiềng sơ mi) - DF | D94: KOMATSU | E94: DF | F94: Bộ
A95: 90 | B95: HH072728 | C95: Ron bộ Komatsu S6D125 E-5/PC400-8/6D125 đời điện - Thép - DF | D95: KOMATSU | E95: DF | F95: Bộ
A96: 91 | B96: HH072730 | C96: Ron bộ Komatsu S6D140-1/ 6D140-1/ SAA6D140E-2, thép - DF | D96: KOMATSU | E96: DF | F96: Bộ
A97: 92 | B97: HH072732 | C97: Ron bộ Komatsu S6D140-2 / SAA6D140E-3 - Thép - DF | D97: KOMATSU | E97: DF | F97: Bộ
A98: 93 | B98: HH072729 | C98: Ron bộ Komatsu S6D140-3/ SAA6D140E-5 - Thép - DF | D98: KOMATSU | E98: DF | F98: Bộ
A99: 94 | B99: HH073330 | C99: Ron bộ Komatsu SA12V140 (140 - 12 máy, S12D140) Thép - NICE IN | D99: KOMATSU | E99: NICE IN | F99: Bộ
A100: 95 | B100: HH084285 | C100: Ron bộ Trên (Top) Komatsu SA12V140, Thép (140 - 12 máy, S12D140) - DF | D100: KOMATSU | E100: DF | F100: Bộ | H100: 5400000 | I100: 5700000 | J100: 6000000
...

Sheet 📄 RON MIẾNG
A1: STT | B1: 🔖 MÃ VT | C1: 📋 TÊN HÀNG | D1: 🏭 HÃNG | E1: 🏷️ TH SX | F1: 📦 ĐVT | G1: 💰 GIÁ VỐN | H1: 🟢 GIÁ VIP | I1: 🟡 GIÁ Ư.ĐÃI | J1: 🔵 GIÁ ĐẠI LÝ | K1: 🟣 GIÁ GARA | L1: 📦 TỒN | M1: 📝 GHI CHÚ
C2: ◆ HINO (16 sản phẩm)
A3: 1 | B3: HH076259 | C3: Ron miếng Hino DM100 - Amiang - MASAKO | D3: HINO | E3: MASAKO | F3: Cái
A4: 2 | B4: HH070916 | C4: Ron miếng Hino DM100, Amiang - NICE IN | D4: HINO | E4: NICE IN | F4: Cái | H4: 140000 | I4: 150000 | J4: 200000
A5: 3 | B5: HH084263 | C5: Ron miếng Hino EC100, ASB amiang - DF | D5: HINO | E5: DF | F5: Cái | H5: 250000 | I5: 270000 | J5: 290000
A6: 4 | B6: HH076280 | C6: Ron miếng Hino EF750/F17D/EF500, ASB amiang - MASAKO | D6: HINO | E6: MASAKO | F6: Bộ 2c | H6: 320000 | I6: 350000 | J6: 400000
A7: 5 | B7: HH078098 | C7: Ron miếng Hino EM100, Steel thép - DF | D7: HINO | E7: DF | F7: Cái | H7: 500000 | I7: 530000 | J7: 560000
A8: 6 | B8: HH076569 | C8: Ron miếng Hino H07C (H06C), Graphite, sợi - NICE IN | D8: HINO | E8: NICE IN | F8: Cái | H8: 200000 | I8: 215000 | J8: 230000
A9: 7 | B9: HH079592 | C9: Ron miếng Hino J05C-T, thép - NICE IN | D9: HINO | E9: NICE IN | F9: Cái | H9: 280000 | I9: 295000 | J9: 320000
A10: 8 | B10: HH081355 | C10: Ron miếng Hino J05E thép (S) - NICE IN | D10: HINO | E10: NICE IN | F10: Cái | H10: 290000 | I10: 310000 | J10: 340000
A11: 9 | B11: HH072088 | C11: Ron miếng Hino J05E, sợi tổng hợp, giấy - DF | D11: HINO | E11: DF | F11: Cái | H11: 300000 | I11: 350000 | J11: 400000
A12: 10 | B12: HH079677 | C12: Ron miếng Hino J07C, sợi tổng hợp - DF | D12: HINO | E12: DF | F12: Cái | H12: 310000 | I12: 350000 | J12: 400000
A13: 11 | B13: HH072089 | C13: Ron miếng Hino J08C/J08E, sợi tổng hợp, giấy - DF | D13: HINO | E13: DF | F13: Cái | H13: 330000 | I13: 380000 | J13: 430000
A14: 12 | B14: HH077878 | C14: Ron miếng Hino J08E / J08C, Thép (S) - NICE IN | D14: HINO | E14: NICE IN | F14: Cái | H14: 320000 | I14: 340000 | J14: 360000
A15: 13 | B15: HH081356 | C15: Ron miếng Hino J08E/ J08C sợi tổng hợp - NICE IN | D15: HINO | E15: NICE IN | F15: Cái | H15: 300000 | I15: 330000 | J15: 350000
... A18: 16 | B18: HH073591 | C18: Ron miếng Hino W04D, sợi tổng hợp - NICE IN | D18: HINO | E18: NICE IN | F18: Cái | H18: 150000 | I18: 170000 | J18: 200000
C19: ◆ ISUZU (42 sản phẩm)
A20: 17 | B20: HH079287 | C20: Ron miếng ISUZU 4LC1/4LB1 amiang - MASAKO | D20: ISUZU | E20: MASAKO | F20: Cái | H20: 85000 | I20: 90000 | J20: 100000
A21: 18 | B21: HH083018 | C21: Ron miếng ISUZU 4LC1/4LB1 amiang - NICE IN (90.100/20) | D21: ISUZU | E21: NICE IN (90.100/20) | F21: Cái | H21: 90000 | I21: 100000 | J21: 120000
A22: 19 | B22: HH076565 | C22: Ron miếng Isuzu 3KC1, GP - MASAKO | D22: ISUZU | E22: MASAKO | F22: Cái | H22: 140000 | I22: 150000 | J22: 170000
A23: 20 | B23: HH077322 | C23: Ron miếng Isuzu 3KC1, GP - NICE IN | D23: ISUZU | E23: NICE IN | F23: Cái | H23: 140000 | I23: 150000 | J23: 170000
A24: 21 | B24: HH081351 | C24: Ron miếng Isuzu 3KR1/3KR2, GP - NICE IN | D24: ISUZU | E24: NICE IN | F24: Cái | H24: 140000 | I24: 150000 | J24: 170000
A25: 22 | B25: HH078270 | C25: Ron miếng Isuzu 3LD1, Thép - NICE IN | D25: ISUZU | E25: NICE IN | F25: Cái | H25: 170000 | I25: 185000 | J25: 200000
A26: 23 | B26: HH083491 | C26: Ron miếng Isuzu 3LD2, Thép - NICE IN (170/90.210) | D26: ISUZU | E26: NICE IN (170/90.210) | F26: Cái | H26: 170000 | I26: 190000 | J26: 210000
A27: 24 | B27: HH079698 | C27: Ron miếng Isuzu 4BD1 Amiang (4BB1) - MASAKO | D27: ISUZU | E27: MASAKO | F27: Cái | H27: 90000 | I27: 100000 | J27: 120000
A28: 25 | B28: HH077324 | C28: Ron miếng Isuzu 4BD1, Thép Inox (4BB1) - NICE IN | D28: ISUZU | E28: NICE IN | F28: Cái | H28: 160000 | I28: 170000 | J28: 190000
A29: 26 | B29: HH075769 | C29: Ron miếng Isuzu 4BD1, Thép, 4BB1 - MASAKO | D29: ISUZU | E29: MASAKO | F29: Cái | H29: 110000 | I29: 130000 | J29: 150000
A30: 27 | B30: HH075762 | C30: Ron miếng Isuzu 4BG1/4BE1 thép (S) - MASAKO | D30: ISUZU | E30: MASAKO | F30: Cái | H30: 110000 | I30: 130000 | J30: 150000
A31: 28 | B31: HH077325 | C31: Ron miếng Isuzu 4BG1/4BE1 thép (S) - NICE IN | D31: ISUZU | E31: NICE IN | F31: Cái | H31: 160000 | I31: 170000 | J31: 180000
... A59: 56 | B59: HH076450 | C59: Ron miếng Isuzu 6WG1 (6WF1), Thép Inox - NICE IN | D59: ISUZU | E59: NICE IN | F59: Cái | H59: 1200000 | I59: 1300000 | J59: 1400000
A60: 57 | B60: HH081932 | C60: Ron miếng Isuzu DA120, Asb amiang - DF | D60: ISUZU | E60: DF | F60: Cái
A61: 58 | B61: HH00792 | C61: Ron miếng Isuzu DA120, Thép kẹp amiang - DF | D61: ISUZU | E61: DF | F61: Cái | H61: 210000 | I61: 220000 | J61: 240000
C62: ◆ MAZDA KIA (6 sản phẩm)
A63: 59 | B63: HH078094 | C63: Ron miếng Hino H07D/ Kia D6DA (sợi tổng hợp) - DF | D63: MAZDA KIA | E63: DF | F63: Cái | H63: 220000 | I63: 240000 | J63: 270000
A64: 60 | B64: HH084265 | C64: Ron miếng Kia J3/ BONGO (direct injection, đời cơ), Thép - DF | D64: MAZDA KIA | E64: DF | F64: Cái | H64: 160000 | I64: 180000 | J64: 200000
A65: 61 | B65: HH074791 | C65: Ron miếng Kia JS, Graphite - DF | D65: MAZDA KIA | E65: DF | F65: Cái | H65: 90000 | I65: 100000 | J65: 110000
A66: 62 | B66: HH084278 | C66: Ron miếng Kia K4100/ E4100 ZB, ASB amiang - DF | D66: MAZDA KIA | E66: DF | F66: Cái | H66: 90000 | I66: 100000 | J66: 120000
A67: 63 | B67: HH084266 | C67: Ron miếng Kia KJ/ J3/ Bongo (Electronic injection, đời điện), Thép - DF | D67: MAZDA KIA | E67: DF | F67: Bộ | H67: 160000 | I67: 180000 | J67: 200000
A68: 64 | B68: HH073063 | C68: Ron miếng mazda-S5/Kia25 (XA/T2500) - CGP | D68: MAZDA KIA | E68: CGP | F68: Cái
C69: ◆ KOMATSU (18 sản phẩm)
A70: 65 | B70: HH00077 | C70: Ron miếng KOMATSU-6D95 thép (S) (6207-K1-3012) | D70: KOMATSU | F70: Cái
A71: 66 | B71: HH083884 | C71: Ron miếng Komatsu 3D95, Graphite - NICE IN | D71: KOMATSU | E71: NICE IN | F71: Cái | H71: 150000 | I71: 160000 | J71: 170000
A72: 67 | B72: HH077910 | C72: Ron miếng Komatsu 4D102 (S4D102/ 4BT), Metal thép kẹp - NICE IN | D72: KOMATSU | E72: NICE IN | F72: Cái | H72: 125000 | I72: 135000 | J72: 150000
A73: 68 | B73: HH076451 | C73: Ron miếng Komatsu 4D105-1/ -3, amiang - MASAKO | D73: KOMATSU | E73: MASAKO | F73: Cái | H73: 95000 | I73: 105000 | J73: 120000
A74: 69 | B74: HH079749 | C74: Ron miếng Komatsu 4D105-5 amiang - MASAKO | D74: KOMATSU | E74: MASAKO | F74: Cái | H74: 100000 | I74: 110000 | J74: 120000
A75: 70 | B75: HH00783 | C75: Ron miếng Komatsu 4D120, thép - DF | D75: KOMATSU | E75: DF | F75: Cái | H75: 220000 | I75: 240000 | J75: 260000
A76: 71 | B76: HH00784 | C76: Ron miếng Komatsu 4D130, thép - DF | D76: KOMATSU | E76: DF | F76: Cái | H76: 220000 | I76: 240000 | J76: 260000
A77: 72 | B77: HH076516 | C77: Ron miếng Komatsu 4D92 (xe ủi) - Amiang - DF | D77: KOMATSU | E77: DF | F77: Cái | H77: 120000 | I77: 130000 | J77: 150000
A78: 73 | B78: HH077877 | C78: Ron miếng Komatsu 4D95 / S4D95 thép - MASAKO | D78: KOMATSU | E78: MASAKO | F78: Cái | H78: 150000 | I78: 160000 | J78: 180000
A79: 74 | B79: HH077912 | C79: Ron miếng Komatsu 4D95/ S4D95 GP - NICE | D79: KOMATSU | E79: NICE | F79: Cái | H79: 100000 | I79: 110000 | J79: 130000
A80: 75 | B80: HH080268 | C80: Ron miếng Komatsu 4D95/ S4D95, Thép Inox - Stainless - NICE IN | D80: KOMATSU | E80: NICE IN | F80: Cái | H80: 175000 | I80: 190000 | J80: 210000
A81: 76 | B81: HH076562 | C81: Ron miếng Komatsu 6D102 (S6D102/6BT) Metal thép kẹp - NICE IN | D81: KOMATSU | E81: NICE IN | F81: Cái | H81: 140000 | I81: 160000 | J81: 180000
A82: 77 | B82: HH078254 | C82: Ron miếng Komatsu 6D105/S6D105, Amiang (có kiềng sơ mi) - NICE IN | D82: KOMATSU | E82: NICE IN | F82: Cái | H82: 215000 | I82: 230000 | J82: 250000
... A87: 82 | B87: HH072750 | C87: Ron miếng Komatsu S6D140 / 6D140, Steel thép - DF | D87: KOMATSU | E87: DF | F87: Bộ 6c | H87: 900000 | I87: 1000000 | J87: 1100000
C88: ◆ MITSUBISHI (41 sản phẩm)
A89: 83 | B89: HH080428 | C89: Ron miếng 4D56 - 16V (Mitsu L200/ Triton) Thép - MASAKO | D89: MITSUBISHI | E89: MASAKO | F89: Cái | H89: 110000 | I89: 120000 | J89: 130000
A90: 84 | B90: HH077326 | C90: Ron miếng Mitsu 4D31, Thép Inox (4D30/D4AL) - NICE IN | D90: MITSUBISHI | E90: NICE IN | F90: Cái | H90: 170000 | I90: 185000 | J90: 200000
A91: 85 | B91: HH076258 | C91: Ron miếng Mitsu 4D32, Thép, D4AF/K1 - MASAKO | D91: MITSUBISHI | E91: MASAKO | F91: Cái | H91: 110000 | I91: 130000 | J91: 150000
A92: 86 | B92: HH076257 | C92: Ron miếng Mitsu 4D34 Thép - MASAKO | D92: MITSUBISHI | E92: MASAKO | F92: Cái | H92: 120000 | I92: 130000 | J92: 150000
A93: 87 | B93: HH077911 | C93: Ron miếng Mitsu 4D34, Thép Inox - NICE IN | D93: MITSUBISHI | E93: NICE IN | F93: Cái | H93: 160000 | I93: 170000 | J93: 180000
A94: 88 | B94: HH084260 | C94: Ron miếng Mitsu 4D35, Thép - DF | D94: MITSUBISHI | E94: DF | F94: Cái | H94: 160000 | I94: 170000 | J94: 200000
A95: 89 | B95: HH076283 | C95: Ron miếng Mitsu 4D55/4D56, graphite - NICE IN | D95: MITSUBISHI | E95: NICE IN | F95: Cái | H95: 75000 | I95: 90000 | J95: 100000
A96: 90 | B96: HH084261 | C96: Ron miếng Mitsu 4DQ3, Metal thép kẹp - DF | D96: MITSUBISHI | E96: DF | F96: Cái | H96: 150000 | I96: 160000 | J96: 180000
A97: 91 | B97: HH076454 | C97: Ron miếng Mitsu 4M40 Amiang - MASAKO | D97: MITSUBISHI | E97: MASAKO | F97: Cái | H97: 90000 | I97: 100000 | J97: 120000
A98: 92 | B98: HH083338 | C98: Ron miếng Mitsu 4M40 Amiang - NICE IN | D98: MITSUBISHI | E98: NICE IN | F98: Cái | H98: 100000 | I98: 110000 | J98: 130000
A99: 93 | B99: HH081776 | C99: Ron miếng Mitsu 4M40-T, Thép - MASAKO | D99: MITSUBISHI | E99: MASAKO | F99: Cái | H99: 160000 | I99: 170000 | J99: 180000
A100: 94 | B100: HH078261 | C100: Ron miếng Mitsu 6D14, ASB amiang - NICE IN | D100: MITSUBISHI | E100: NICE IN | F100: Cái | H100: 160000 | I100: 175000 | J100: 200000
A101: 95 | B101: HH080609 | C101: Ron miếng Mitsu 6D16-2AT, Amiang (lỗ nước trên vuông)- NICE IN, 170/80.200 | D101: MITSUBISHI | F101: Cái | H101: 170000 | I101: 180000 | J101: 200000
A102: 96 | B102: HH077329 | C102: Ron miếng Mitsu 6D16T amiang - NICE IN | D102: MITSUBISHI | E102: NICE IN | F102: Cái | H102: 160000 | I102: 180000 | J102: 200000
A103: 97 | B103: HH082736 | C103: Ron miếng Mitsu 6D22-T/6D24 (có 5 seal nước) Thép - MASAKO | D103: MITSUBISHI | E103: MASAKO | F103: Bộ 6c | H103: 580000 | I103: 610000 | J103: 650000
A104: 98 | B104: HH082331 | C104: Ron miếng Mitsu 6D22T/6D24 Thép (Inox, có 5 sin) - NICE IN | D104: MITSUBISHI | E104: NICE IN | F104: Bộ | H104: 700000 | I104: 740000 | J104: 800000
A105: 99 | B105: HH077915 | C105: Ron miếng Mitsu 6D34, Thép Inox - NICE IN | D105: MITSUBISHI | E105: NICE IN | F105: Cái | H105: 270000 | I105: 290000 | J105: 310000
A106: 100 | B106: HH077881 | C106: Ron miếng Mitsu 6DB10 Amiang - NICE IN (220/40/60) | D106: MITSUBISHI | E106: NICE IN (220/40/60) | F106: Bộ | H106: 220000 | I106: 240000 | J106: 260000
A107: 101 | B107: HH084274 | C107: Ron miếng Mitsu 6DS7, ASB Amiang - DF | D107: MITSUBISHI | E107: DF | F107: Cái | H107: 200000 | I107: 220000 | J107: 240000
A108: 102 | B108: HH078089 | C108: Ron miếng Mitsu 78/ K4F Graphite - DF | D108: MITSUBISHI | E108: DF | F108: Cái | H108: 150000 | I108: 180000 | J108: 200000
A109: 103 | B109: HH070908 | C109: Ron miếng Mitsu 8DC9 (graphite) - DF | D109: MITSUBISHI | E109: DF | F109: Bộ 2c | H109: 400000 | I109: 420000 | J109: 450000
A110: 104 | B110: HH075758 | C110: Ron miếng Mitsu 8DC9, ASB amiang, 8DC10/8DC81 - MASAKO | D110: MITSUBISHI | E110: MASAKO | F110: Bộ 2c | H110: 320000 | I110: 350000 | J110: 400000
A111: 105 | B111: HH078092 | C111: Ron miếng Mitsu K4E - Graphite - DF | D111: MITSUBISHI | E111: DF | F111: Cái | H111: 140000 | I111: 160000 | J111: 180000
A112: 106 | B112: HH078271 | C112: Ron miếng Mitsu K4N, sợi tổng hợp - NICE IN | D112: MITSUBISHI | E112: NICE IN | F112: Cái | H112: 140000 | I112: 150000 | J112: 170000
A113: 107 | B113: HH082400 | C113: Ron miếng Mitsu L3E, GP giấy - DF | D113: MITSUBISHI | E113: DF | F113: Cái | H113: 150000 | I113: 160000 | J113: 180000
... A129: 123 | B129: HH083892 | C129: Ron miếng Mitsubishi 6M61-T, Steel Thép - NICE IN | D129: MITSUBISHI | E129: NICE IN | F129: Cái | H129: 800000 | I129: 850000 | J129: 900000
C130: ◆ HYUNDAI (4 sản phẩm)
A131: 124 | B131: HH00794 | C131: Ron miếng HYUNDAI D6HA, THÉP - DF | D131: HYUNDAI | E131: DF | F131: Cái | H131: 1250000 | I131: 1300000 | J131: 1350000
A132: 125 | B132: HH078130 | C132: Ron miếng Hyundai 8DC11 (đời 142.2) - Amiang - DF | D132: HYUNDAI | E132: DF | F132: Bộ | H132: 390000 | I132: 410000 | J132: 440000
A133: 126 | B133: HH078095 | C133: Ron miếng Hyundai D4CB/Porter II (S) Thép - DF | D133: HYUNDAI | E133: DF | F133: Cái | H133: 160000 | I133: 180000 | J133: 200000
A134: 127 | B134: HH075967 | C134: Ron miếng Hyundai D6CA, thép - DF | D134: HYUNDAI | E134: DF | F134: Cái | H134: 720000 | I134: 770000 | J134: 820000
C135: ◆ CUMMINS (12 sản phẩm)
A136: 128 | B136: HH084287 | C136: Ron miếng Cummins 116.5/ ISL9.5, metal kim loại - DF | D136: CUMMINS | E136: DF | F136: Cái | H136: 320000 | I136: 350000 | J136: 400000
A137: 129 | B137: HH082790 | C137: Ron miếng Cummins 6CT (24 sp)/ 6L/ L375/ SAA6D114E-3 (lỗ 121mm) - Sợi tổng hợp - DF | D137: CUMMINS | E137: DF | F137: Cái | H137: 300000 | I137: 320000 | J137: 350000
A138: 130 | B138: HH077914 | C138: Ron miếng Cummins 6D107 / S6D107 / QSB6.7 thép - NICE IN | D138: CUMMINS | E138: NICE IN | F138: Cái | H138: 500000 | I138: 530000 | J138: 580000
A139: 131 | B139: HH084283 | C139: Ron miếng Cummins ISB5.9L/ 6D102, Metal thép kẹp - DF | D139: CUMMINS | E139: DF | F139: Cái | H139: 590000 | I139: 630000 | J139: 680000
A140: 132 | B140: HH084284 | C140: Ron miếng Cummins ISBE5.9/ 6D102, Thép - DF | D140: CUMMINS | E140: DF | F140: Cái | H140: 540000 | I140: 570000 | J140: 600000
A141: 133 | B141: HH083009 | C141: Ron miếng Cummins ISF2.8 - thép Inox - NICE IN | D141: CUMMINS | E141: NICE IN | F141: Cái | H141: 300000 | I141: 320000 | J141: 350000
A142: 134 | B142: HH084275 | C142: Ron miếng Cummins ISF2.8, Thép - DF | D142: CUMMINS | E142: DF | F142: Cái | H142: 220000 | I142: 240000 | J142: 260000
A143: 135 | B143: HH080628 | C143: Ron miếng Cummins ISF3.8 (4D102 đời điện) - thép Inox - NICE IN | D143: CUMMINS | E143: NICE IN | F143: Cái | H143: 330000 | I143: 350000 | J143: 370000
A144: 136 | B144: HH076455 | C144: Ron miếng Cummins M11/ L10, graphite - NICE IN (590.630.700) | D144: CUMMINS | E144: NICE IN (590.630.700) | F144: Cái | H144: 590000 | I144: 630000 | J144: 700000
A145: 137 | B145: HH080266 | C145: Ron miếng Cummins N14, Thép - NICE IN | D145: CUMMINS | E145: NICE IN | F145: Bộ 3 cái | H145: 560000 | I145: 600000 | J145: 650000
A146: 138 | B146: HH083264 | C146: Ron miếng Cummins/Iveco ISB/QSB3.9/ 2830919 (phi 104, 4 máy) - Thép - DF | D146: CUMMINS | E146: DF | F146: Cái | H146: 500000 | I146: 540000 | J146: 580000
A147: 139 | B147: HH00786 | C147: Ron miếng Cummins/Iveco ISBE6/ N67/ ISB (phi 104, 6 máy) - Thép - DF | D147: CUMMINS | E147: DF | F147: Cái | H147: 600000 | I147: 650000 | J147: 700000
C148: ◆ NISSAN (12 sản phẩm)
...

Sheet 📋 MIỂNG TNC
A1: 📋 MIỂNG (BẠC) — dữ liệu mới nhất
A2: Mã HH | B2: Hãng | C2: Mã ĐC | D2: ĐK | E2: Cos | F2: Loại | G2: Thương hiệu | H2: ĐVT | I2: Vốn | J2: VIP | K2: Ưu đãi | L2: Đại lý | M2: Gara | N2: Tồn | O2: PARNO | P2: Ghi chú | Q2: Tên đầy đủ
C3: ◆ HINO
A4: HH070779 | B4: HINO | C4: DM100/DQ100 | D4: 90 | E4: Cos0 | G4: TAIHO | H4: Bộ | Q4: Bạc miểng DM100/DQ100 Cos0 - TAIHO
A5: HH071938 | B5: HINO | C5: DM100/DQ100 | D5: 90 | E5: Cos1 | G5: TAIHO | H5: Bộ | Q5: Bạc miểng DM100/DQ100 Cos1 - TAIHO
A6: HH071939 | B6: HINO | C6: DM100/DQ100 | D6: 90 | E6: Cos2 | G6: TAIHO | H6: Bộ | Q6: Bạc miểng DM100/DQ100 Cos2 - TAIHO
A7: HH079058 | B7: HINO | C7: DM100/DQ100 | D7: 90 | E7: Cos3 | G7: TAIHO | H7: Bộ | Q7: Bạc miểng DM100/DQ100 Cos3 - TAIHO
A8: HH083728 | B8: HINO | C8: W04D/W04E | D8: 104 | E8: Cos0 | G8: DAIDO NHẬT | H8: Bộ | Q8: Bạc miểng Hino W04D/W04E (M133K, R133K1) STD Cos0 - DAIDO NHẬT
A9: HH00276 | B9: HINO | C9: W04D/W04E | D9: 104 | E9: Cos0 | G9: TAIHO | H9: Bộ | Q9: Bạc miểng W04D / W04E Cos0 - TAIHO
A10: HH083730 | B10: HINO | C10: W06D/W06E | D10: 104 | E10: Cos0 | G10: DAIDO NHẬT | H10: Bộ | Q10: Bạc miểng Hino W06D/W06E (M134K, R134K1) STD Cos0 - DAIDO NHẬT
A11: HH00275 | B11: HINO | C11: W04D/W04E | D11: 104 | E11: Cos1 | G11: TAIHO | H11: Bộ | Q11: Bạc miểng W04D / W04E Cos1 - TAIHO
A12: HH072136 | B12: HINO | C12: W06D/W06E | D12: 104 | E12: Cos4 | G12: TAIHO | H12: Bộ | Q12: Bạc miểng W06D/ W06E Cos4 - TAIHO
A13: HH074388 | B13: HINO | C13: DS30/DS50 | D13: 110 | E13: Cos0 | G13: NDC | H13: Bộ | Q13: Bạc miểng DS30/DS50 cos0 - NDC
A14: HH073146 | B14: HINO | C14: EH700 | D14: 110 | E14: Cos0 | G14: NDC | H14: Bộ | Q14: Bạc miểng EH700 Cos0 - NDC
A15: HH068735 | B15: HINO | C15: H06B-T/H06C/H07C | D15: 110 | E15: Cos0 | G15: NDC | H15: Bộ | Q15: Bạc miểng H06B-T/H06C/H07C Cos0 - NDC
... A17: HH071871 | B17: HINO | C17: H06C/H07C | D17: 110 | E17: Cos1 | G17: TaiHo | H17: Bộ | Q17: Bạc miểng H06C/H07C Cos1 - TaiHo
A18: HH080514 | B18: HINO | C18: H06C/H07C | D18: 110 | E18: Cos1 | F18: baze | H18: Bộ | Q18: Miểng baze H06C/H07C cos1 - TDC - M1108K
A19: HH080534 | B19: HINO | C19: H06C/H07C | D19: 110 | E19: Cos1 | F19: dên | H19: Bộ | Q19: Miểng dên H06C/H07C cos1 - TDC - R109K
A20: HH076404 | B20: HINO | C20: H06C/H07C | D20: 110 | E20: Cos2 | F20: baze | G20: TaiHo | H20: Bộ | Q20: Miểng baze H06C/H07C (M218H1) Cos2 - TaiHo
A21: HH080515 | B21: HINO | C21: H06C/H07C | D21: 110 | E21: Cos2 | F21: baze | H21: Bộ | Q21: Miểng baze H06C/H07C cos2 - TDC - M1108K
A22: HH076407 | B22: HINO | C22: H06C/H07C | D22: 110 | E22: Cos2 | F22: dên | G22: TaiHo | H22: Bộ | Q22: Miểng dên H06C/H07C (M218H1) Cos2 - TaiHo
A23: HH080535 | B23: HINO | C23: H06C/H07C | D23: 110 | E23: Cos2 | F23: dên | H23: Bộ | Q23: Miểng dên H06C/H07C cos2 - TDC - R109K
A24: HH071381 | B24: HINO | C24: H06C/H07C | D24: 110 | E24: Cos3 | G24: TaiHo | H24: Bộ | Q24: Bạc miểng H06C/H07C Cos3 - TaiHo
A25: HH081206 | B25: HINO | C25: H06C/H07C | D25: 110 | E25: Cos4 | G25: TaiHo | H25: Bộ | Q25: Bạc miểng H06C/H07C Cos4 - TaiHo
A26: HH078906 | B26: HINO | C26: J05E | D26: 112 | E26: Cos0 | G26: MAHLE | H26: Bộ | Q26: Bạc miểng J05E Cos0 - MAHLE
A27: HH076393 | B27: HINO | C27: J08C/J05C/J08E/J05E | D27: 112 | E27: Cos0 | F27: baze | G27: TAIHO | H27: Cặp | Q27: Miểng baze J08C/J05C/J08E/J05E Cos0 (MP224H) - TAIHO
A28: HH079888 | B28: HINO | C28: J08E | D28: 112 | E28: Cos0 | F28: dên | G28: CS IVECO | H28: Bộ | Q28: Miểng dên J08E (R226H) Cos0 - CS IVECO
A29: HH080548 | B29: HINO | C29: J08E/J05E | D29: 112 | E29: Cos0 | F29: dên | H29: Cặp | Q29: Miểng dên (Cặp) J08E/J05E Cos0 - TDC - RP1106K
A30: HH079886 | B30: HINO | C30: J08E/J08C | D30: 112 | E30: Cos0 | F30: baze | G30: CS IVECO | H30: Bộ | Q30: Miểng baze J08E/ J08C (M224H) Cos0 - CS IVECO
A31: HH076394 | B31: HINO | C31: J08C/J05C/J08E/J05E | D31: 112 | E31: Cos1 | F31: baze | G31: TAIHO | H31: Cặp | Q31: Miểng baze J08C/J05C/J08E/J05E Cos1 (MP224H) - TAIHO
A32: HH079889 | B32: HINO | C32: J08E | D32: 112 | E32: Cos1 | F32: dên | G32: CS IVECO | H32: Bộ | Q32: Miểng dên J08E (R226H) Cos1 - CS IVECO
A33: HH080549 | B33: HINO | C33: J08E/J05E | D33: 112 | E33: Cos1 | F33: dên | H33: Cặp | Q33: Miểng dên (Cặp) J08E/J05E Cos1 - TDC - RP1106K
A34: HH079887 | B34: HINO | C34: J08E/J08C | D34: 112 | E34: Cos1 | F34: baze | G34: CS IVECO | H34: Bộ | Q34: Miểng baze J08E/ J08C (M224H) Cos1 - CS IVECO
A35: HH076395 | B35: HINO | C35: J08C/J05C/J08E/J05E | D35: 112 | E35: Cos2 | F35: baze | G35: TAIHO | H35: Cặp | Q35: Miểng baze J08C/J05C/J08E/J05E Cos2 (MP224H) - TAIHO
A36: HH076401 | B36: HINO | C36: J08E/J05E | D36: 112 | E36: Cos2 | F36: dên | G36: TAIHO | H36: Cặp | Q36: Miểng dên J08E/J05E Cos2 (RP226H) - TAIHO
A37: HH076396 | B37: HINO | C37: J08C/J05C | D37: 114 | E37: Cos0 | F37: dên | G37: TAIHO | H37: Cặp | O37: RP224H1 | Q37: Miểng dên J08C/J05C Cos0 (RP224H1) - TAIHO
A38: HH078907 | B38: HINO | C38: J08CT/J08E | D38: 114 | E38: Cos0 | G38: MAHLE | H38: Bộ | P38: kiểm tra lại tồn | Q38: (kiểm tra lại tồn) Bạc miểng J08CT/J08E Cos0 - MAHLE
A39: HH0355 | B39: HINO | C39: J08C | D39: 114 | E39: Cos1 | G39: TAIHO | H39: Bộ | Q39: Bạc miểng J08C Cos1 - TAIHO
A40: HH076397 | B40: HINO | C40: J08C/J05C | D40: 114 | E40: Cos1 | F40: dên | G40: TAIHO | H40: Cặp | O40: RP224H1 | Q40: Miểng dên J08C/J05C Cos1 (RP224H1) - TAIHO
A41: HH070653 | B41: HINO | C41: J08CT/J08E | D41: 114 | E41: Cos1 | G41: TAIHO | H41: Bộ | Q41: Bạc miểng J08CT/J08E Cos1 - TAIHO
A42: HH076398 | B42: HINO | C42: J08C/J05C | D42: 114 | E42: Cos2 | F42: dên | G42: TAIHO | H42: Cặp | O42: RP224H1 | Q42: Miểng dên J08C/J05C Cos2 (RP224H1) - TAIHO
A43: HH070659 | B43: HINO | C43: J08CT/J08E | D43: 114 | E43: Cos2 | G43: TAIHO | H43: Bộ | Q43: Bạc miểng J08CT/J08E Cos2 - TAIHO
A44: HH070660 | B44: HINO | C44: J08CT/J08E | D44: 114 | E44: Cos3 | G44: TAIHO | H44: Bộ | Q44: Bạc miểng J08CT/J08E Cos3 - TAIHO
A45: HH071108 | B45: HINO | C45: EL100 | D45: 116 | E45: Cos0 | G45: TaiHo | H45: Bộ | Q45: Bạc miểng EL100 Cos0 - TaiHo
A46: HH071142 | B46: HINO | C46: EL100 | D46: 116 | E46: Cos1 | G46: TaiHo | H46: Bộ | Q46: Bạc miểng EL100 Cos1 - TaiHo
A47: HH072007 | B47: HINO | C47: EL100 | D47: 116 | E47: Cos2 | G47: TaiHo | H47: Bộ | Q47: Bạc miểng EL100 Cos2 - TaiHo
A48: HH070718 | B48: HINO | C48: EP100/P09C | D48: 120 | E48: Cos1 | G48: TAIHO | H48: Bộ | Q48: Bạc miểng EP100/P09C cos1 - TAIHO
A49: HH083727 | B49: HINO | C49: P11C | D49: 122 | E49: Cos0 | G49: DAIDO NHẬT | H49: Bộ | Q49: Bạc miểng Hino P11C (M1143K, R1150K) STD cos0 - DAIDO NHẬT
A50: HH073218 | B50: HINO | C50: P11C | D50: 122 | E50: Cos0 | G50: TAIHO | H50: Bộ | Q50: Bạc miểng P11C cos0 - TAIHO
A51: HH073219 | B51: HINO | C51: P11C | D51: 122 | E51: Cos1 | G51: TAIHO | H51: Bộ | Q51: Bạc miểng P11C cos1 - TAIHO
A52: HH082587 | B52: HINO | C52: P11C | D52: 122 | E52: Cos2 | G52: TAIHO | H52: Bộ | Q52: Bạc miểng P11C cos2 - TAIHO
A53: HH071930 | B53: HINO | C53: EM100 | D53: 124 | E53: Cos0 | G53: Taiho | H53: Bộ | Q53: Bạc miểng EM100 Cos0 - Taiho
A54: HH071931 | B54: HINO | C54: EM100 | D54: 124 | E54: Cos1 | G54: Taiho | H54: Bộ | Q54: Bạc miểng EM100 Cos1 - Taiho
... A60: HH071365 | B60: HINO | C60: EF750/F17C/F17E/F20C | D60: 139 | E60: Cos3 | G60: TAIHO | H60: Bộ | Q60: Bạc miểng EF750/ F17C/ F17E/ F20C Cos3 - TAIHO
C61: ◆ ISUZU
A62: HH072170 | B62: ISUZU | C62: 3KC1/3KA1/3LA1/3LB1 | D62: 74 | E62: Cos1 | G62: TAIHO | H62: Bộ | Q62: Bạc miểng 3KC1/3KA1/3LA1/3LB1 Cos1 - TAIHO
A63: HH073529 | B63: ISUZU | C63: 3KC1/3KA1/3LA1/3LB1 | D63: 74 | E63: Cos2 | G63: TAIHO | H63: Bộ | Q63: Bạc miểng 3KC1/3KA1/3LA1/3LB1 Cos2 - TAIHO
A64: HH0664 | B64: ISUZU | C64: 4FE1/4FB1/4FC1 | D64: 76.3 | E64: Cos0 | G64: TAIHO | H64: Bộ | Q64: Bạc miểng 4FE1/4FB1/4FC1 Cos0 - TAIHO
A65: HH071229 | B65: ISUZU | C65: 3KR1/3KR2 | D65: 81 | E65: Cos0 | G65: DAIDO NHẬT | H65: Bộ | Q65: Bạc miểng 3KR1/3KR2 (M512A + R4508A) Cos0 - DAIDO NHẬT
A66: HH071230 | B66: ISUZU | C66: 3KR1/3KR2 | D66: 81 | E66: Cos1 | G66: DAIDO NHẬT | H66: Bộ | Q66: Bạc miểng 3KR1/3KR2 (M512A + R4508A) Cos1 - DAIDO NHẬT
A67: HH079020 | B67: ISUZU | C67: 3KR1/3KR2 | D67: 81 | E67: Cos2 | G67: TAIHO | H67: Bộ | Q67: Bạc miểng 3KR1/3KR2 Cos2 - TAIHO
A68: HH00031 | B68: ISUZU | C68: 3LD1 | D68: 83 | E68: Cos0 | G68: DAIDO NHẬT | H68: Bộ | Q68: Bạc miểng 3LD1 (M4550A + R4508A) cos0 - DAIDO NHẬT
A69: HH073550 | B69: ISUZU | C69: 3LD1 | D69: 83 | E69: Cos1 | G69: DAIDO NHẬT | H69: Bộ | Q69: Bạc miểng 3LD1 (M4550A + R4508A) cos1 - DAIDO NHẬT
A70: HH080520 | B70: ISUZU | C70: 4LE1 | D70: 85 | E70: Cos0 | F70: baze | H70: Bộ | Q70: Miểng baze 4LE1 cos0 - TDC - M4510A
A71: HH080541 | B71: ISUZU | C71: 4LE1 | D71: 85 | E71: Cos0 | F71: dên | H71: Bộ | Q71: Miểng dên 4LE1 cos0 - TDC - R4515A
A72: HH073054 | B72: ISUZU | C72: 4LE2 | D72: 85 | E72: Cos0 | G72: DAIDO NHẬT | H72: Bộ | Q72: Bạc miểng 4LE2 (M4510A + R4510A) cos0 - DAIDO NHẬT
A73: HH078758 | B73: ISUZU | C73: 4LE2 | D73: 85 | E73: Cos0 | G73: TAIHO | H73: Bộ | Q73: Bạc miểng 4LE2 cos0 - TAIHO
A74: HH080521 | B74: ISUZU | C74: 4LE1 | D74: 85 | E74: Cos1 | F74: baze | H74: Bộ | Q74: Miểng baze 4LE1 cos1 - TDC - M4510A
A75: HH080542 | B75: ISUZU | C75: 4LE1 | D75: 85 | E75: Cos1 | F75: dên | H75: Bộ | Q75: Miểng dên 4LE1 cos1 - TDC - R4515A
A76: HH074575 | B76: ISUZU | C76: 4LE2 | D76: 85 | E76: Cos1 | G76: DAIDO NHẬT | H76: Bộ | Q76: Bạc miểng 4LE2 (M4510A + R4510A) cos1 - DAIDO NHẬT
A77: HH072030 | B77: ISUZU | C77: 4LE1 | D77: 85 | E77: Cos2 | G77: Taiho | H77: Bộ | Q77: Bạc miểng 4LE1 cos2 - Taiho
A78: HH082409 | B78: ISUZU | C78: 4LE2 | D78: 85 | E78: Cos2 | G78: Taiho | H78: Bộ | Q78: Bạc miểng 4LE2 cos2 - Taiho
A79: HH068718 | B79: ISUZU | C79: C240/C19 | D79: 86 | E79: Cos0 | G79: DAIDO NHẬT | H79: Bộ | Q79: Bạc miểng Isu C240/C19 (M4525K, R4536A) STD Cos0 - DAIDO NHẬT
A80: HH00335 | B80: ISUZU | C80: C240/C221 | D80: 86 | E80: Cos0 | G80: NDC | H80: Bộ | Q80: Bạc miểng C240/C221 Cos0 - NDC
A81: HH078942 | B81: ISUZU | C81: C190/C240/C221/C223 | D81: 86 | E81: Cos1 | F81: dên | H81: Bộ | Q81: Miểng dên C190/C240/C221/C223 Cos1 - TDC - R4536A
A82: HH068719 | B82: ISUZU | C82: C240/C190 | D82: 86 | E82: Cos1 | G82: DAIDO NHẬT | H82: Bộ | Q82: Bạc miểng Isu C240/C190 (M4525K, R4536A) 0.25 Cos1 - DAIDO NHẬT
A83: HH078943 | B83: ISUZU | C83: C190/C240/C221/C223 | D83: 86 | E83: Cos2 | F83: dên | H83: Bộ | Q83: Miểng dên C190/C240/C221/C223 Cos2 - TDC - R4536A
A84: HH078946 | B84: ISUZU | C84: C240/C221 | D84: 86 | E84: Cos2 | F84: baze | H84: Bộ | Q84: Miểng baze C240/C221 Cos2 - TDC - M4525S
A85: HH078327 | B85: ISUZU | C85: C240/C221 | D85: 86 | E85: Cos4 | G85: NDC | H85: Bộ | Q85: Bạc miểng C240/C221 Cos4 - NDC
A86: HH071094 | B86: ISUZU | C86: 4JC1/4JA1/4JD1/4JE1/4JF1 | D86: 88 | E86: Cos0 | G86: DAIDO NHẬT | H86: Bộ | O86: R4651A1 | Q86: Bạc miểng Isu 4JC1/4JA1/4JD1/4JE1/4JF1 (M4650A, R4651A1) STD Cos0 - DAIDO NHẬT
A87: HH082272 | B87: ISUZU | C87: 4JC1/4JA1/4JD1/4JE1/4JF1 | D87: 88 | E87: Cos1 | G87: DAIDO NHẬT | H87: Bộ | O87: R4651A1 | Q87: Bạc miểng Isu 4JC1/4JA1/4JD1/4JE1/4JF1 (M4650A, R4651A1) 0.25 Cos1 - DAIDO NHẬT
A88: HH071096 | B88: ISUZU | C88: 4JC1/4JA1 | D88: 88 | E88: Cos2 | G88: DAIDO Nhật | H88: Bộ | Q88: Bạc miểng 4JC1/4JA1 Cos2 - DAIDO Nhật
A89: HH080504 | B89: ISUZU | C89: 4JA1/4JC1/4JD1/4JE1 | D89: 93 | E89: Cos0 | F89: baze | H89: Bộ | Q89: Miểng baze 4JA1/ 4JC1/ 4JD1/ 4JE1 Cos0 - TDC - M465A
A90: HH070721 | B90: ISUZU | C90: 4JB1/4JG2/4JH1/4JJ1 | D90: 93 | E90: Cos0 | G90: NDC | H90: Bộ | Q90: Bạc miểng 4JB1/4JG2/4JH1/4JJ1 Cos0 - NDC
A91: HH082269 | B91: ISUZU | C91: 4JB1/4JG2/4JH1/4JJ1 | D91: 93 | E91: Cos0 | G91: DAIDO NHẬT | H91: Bộ | O91: M4651A1 | Q91: Bạc miểng Isu 4JB1/4JG2/4JH1/4JJ1 (M4651A1, R4650A1) STD Cos0 - DAIDO NHẬT
A92: HH075520 | B92: ISUZU | C92: 4JB1/4JG2/4JH1/4JJ1 | D92: 93 | E92: Cos0 | F92: baze | G92: TAIHO | H92: Bộ | Q92: Miểng baze 4JB1/4JG2/4JH1/4JJ1 (M185A) Cos0 - TAIHO
A93: HH076574 | B93: ISUZU | C93: 4JB1/4JG2/4JH1/4JJ1 | D93: 93 | E93: Cos0 | F93: baze | G93: CS IVECO | H93: Bộ | Q93: Miểng baze 4JB1/4JG2/4JH1/4JJ1 Cos0 - CS IVECO
A94: HH075922 | B94: ISUZU | C94: 4JB1/4JG2/4JH1/4JJ1 | D94: 93 | E94: Cos0 | F94: baze | H94: Bộ | Q94: Miểng baze 4JB1/4JG2/4JH1/4JJ1 Cos0 - MAHLE 8-94168552
A95: HH075561 | B95: ISUZU | C95: 4JB1/4JG2/4JH1/4JJ1 | D95: 93 | E95: Cos0 | F95: baze | H95: Bộ | Q95: Miểng baze 4JB1/4JG2/4JH1/4JJ1 Cos0 - TDC - M4651A
A96: HH075521 | B96: ISUZU | C96: 4JB1/4JG2/4JH1/4JJ1 | D96: 93 | E96: Cos0 | F96: dên | G96: TAIHO | H96: Bộ | Q96: Miểng dên 4JB1/4JG2/4JH1/4JJ1 (R184A1) Cos0 - TAIHO
A97: HH080505 | B97: ISUZU | C97: 4JA1/4JC1/4JD1/4JE1 | D97: 93 | E97: Cos1 | F97: baze | H97: Bộ | Q97: Miểng baze 4JA1/ 4JC1/ 4JD1/ 4JE1 Cos1 - TDC - M465A
A98: HH20465 | B98: ISUZU | C98: 4JB1/4JG2/4JG1/4JH1/4JJ1 | D98: 93 | E98: Cos1 | G98: NDC | H98: Bộ | Q98: Bạc miểng 4JB1/4JG2/4JG1/4JH1/4JJ1 Cos1 (Cos lớn) - NDC
A99: HH075917 | B99: ISUZU | C99: 4JB1/4JG2/4JH1/4JJ1 | D99: 93 | E99: Cos1 | G99: NDC CN | H99: Bộ | Q99: Bạc miểng 4JB1/4JG2/4JH1/4JJ1 Cos1 - (DAIDO) NDC CN
A100: HH075524 | B100: ISUZU | C100: 4JB1/4JG2/4JH1/4JJ1 | D100: 93 | E100: Cos1 | F100: baze | G100: TAIHO | H100: Bộ | Q100: Miểng baze 4JB1/4JG2/4JH1/4JJ1 (M185A) Cos1 - TAIHO
A101: HH076576 | B101: ISUZU | C101: 4JB1/4JG2/4JH1/4JJ1 | D101: 93 | E101: Cos1 | F101: baze | G101: CS IVECO | H101: Bộ | Q101: Miểng baze 4JB1/4JG2/4JH1/4JJ1 Cos1 - CS IVECO
A102: HH075562 | B102: ISUZU | C102: 4JB1/4JG2/4JH1/4JJ1 | D102: 93 | E102: Cos1 | F102: baze | H102: Bộ | Q102: Miểng baze 4JB1/4JG2/4JH1/4JJ1 Cos1 - TDC - M4651A
A103: HH076577 | B103: ISUZU | C103: 4JB1/4JG2/4JH1/4JJ1 | D103: 93 | E103: Cos1 | F103: dên | G103: CS IVECO | H103: Bộ | Q103: Miểng dên 4JB1/4JG2/4JH1/4JJ1 Cos1 - CS IVECO
A104: HH080506 | B104: ISUZU | C104: 4JA1/4JC1/4JD1/4JE1 | D104: 93 | E104: Cos2 | F104: baze | H104: Bộ | Q104: Miểng baze 4JA1/ 4JC1/ 4JD1/ 4JE1 Cos2 - TDC - M465A
A105: HH082946 | B105: ISUZU | C105: 4JB1/4JG2/4JH1/4JJ1 | D105: 93 | E105: Cos2 | G105: NDC | H105: Bộ | Q105: Bạc miểng 4JB1/4JG2/4JH1/4JJ1 Cos2 - NDC
A106: HH078352 | B106: ISUZU | C106: 4JB1/4JG2/4JH1/4JJ1 | D106: 93 | E106: Cos2 | F106: baze | G106: CS IVECO | H106: Bộ | Q106: Miểng baze 4JB1/4JG2/4JH1/4JJ1 Cos2 - CS IVECO
...

Sheet 🔍 MIỂNG TRA CỨU
A1: 🔍 MIỂNG TRA CỨU — chuyển từ v10 (điền Mã HH + giá để vào Báo giá)
A2: 🏭 Hãng | B2: ⚙️ Mã ĐC | C2: Loại | D2: Tên loại | E2: PARNO | F2: Cung trong | G2: Cung ngoài | H2: Cao | I2: Dày | J2: 📦 ĐVT | K2: 🏷️ Mã HH | L2: 🏷️ TH SX | M2: 💰 Vốn | N2: 🟢 VIP | O2: 🟡 Ưu đãi | P2: 🔵 Đại lý | Q2: 🟣 Gara | R2: 📦 Tồn
A3: CATERPILLAR | B3: 1140/1145/1150/1160/3145/3150/3160 | C3: M | D3: Miểng baze | E3: 4W8091 | G3: 94.195 | H3: 25.4 | I3: 2.604 | J3: Bộ | R3: 🟢 CÓ
A4: CATERPILLAR | B4: 1140/1145/1150/1160/3145/3150/3160 | C4: R | D4: Miểng dên | E4: 9N5923 | G4: 73.74 | H4: 24.3 | I4: 2.407 | J4: Bộ | R4: 🟢 CÓ
A5: CATERPILLAR | B5: 3013C | C5: M | D5: Miểng baze | G5: 72.02 | H5: 19.5 | I5: 2 | J5: Bộ | R5: 🟢 CÓ
A6: CATERPILLAR | B6: 3013C | C6: R | D6: Miểng dên | G6: 55.02 | H6: 19.75 | I6: 1.5 | J6: Bộ | R6: 🟢 CÓ
A7: CATERPILLAR | B7: 3024/3024T | C7: M | D7: Miểng baze | G7: 72.02 | H7: 19.5 | I7: 2 | J7: Bộ | R7: 🟢 CÓ
A8: CATERPILLAR | B8: 3114 | C8: M | D8: Miểng baze | E8: 101-1530 | G8: 95.015 | H8: 31.8 | I8: 2.44 | J8: Bộ | R8: 🟢 CÓ
A9: CATERPILLAR | B9: 3114 | C9: R | D9: Miểng dên | E9: 7W9415 | G9: 75.014 | H9: 33.8 | I9: 2.465 | J9: Bộ | R9: 🟢 CÓ
A10: CATERPILLAR | B10: 3114/3116/3126 | C10: M | D10: Miểng baze | E10: 107-7708 | G10: 95.015 | H10: 31.8 | I10: 2.44 | J10: Bộ | R10: 🟢 CÓ
A11: CATERPILLAR | B11: 3114/3116/3126 | C11: R | D11: Miểng dên | E11: 7W9415 | G11: 75.014 | H11: 33.8 | I11: 2.465 | J11: Bộ | R11: 🟢 CÓ
A12: CATERPILLAR | B12: 3116 | C12: M | D12: Miểng baze | E12: 101-1530 | G12: 95.015 | H12: 31.8 | I12: 2.44 | J12: Bộ | R12: 🟢 CÓ
A13: CATERPILLAR | B13: 3116 | C13: R | D13: Miểng dên | E13: 7W9415 | G13: 75.014 | H13: 33.8 | I13: 2.465 | J13: Bộ | R13: 🟢 CÓ
A14: CATERPILLAR | B14: 3126 | C14: M | D14: Miểng baze | E14: 107-7708 | G14: 95.015 | H14: 31.8 | I14: 2.44 | J14: Bộ | R14: 🟢 CÓ
A15: CATERPILLAR | B15: 3126 | C15: R | D15: Miểng dên | E15: 7W9415 | G15: 75.014 | H15: 33.8 | I15: 2.465 | J15: Bộ | R15: 🟢 CÓ
A16: CATERPILLAR | B16: 3145/3150/3160 | C16: M | D16: Miểng baze | E16: 4W8091 | G16: 94.195 | H16: 25.4 | I16: 2.604 | J16: Bộ | R16: 🟢 CÓ
A17: CATERPILLAR | B17: 3145/3150/3160 | C17: R | D17: Miểng dên | E17: 9N5923 | G17: 73.74 | H17: 24.3 | I17: 2.407 | J17: Bộ | R17: 🟢 CÓ
A18: CATERPILLAR | B18: 3176 | C18: M | D18: Miểng baze | E18: 7W4107 | G18: 108.014 | H18: 35.8 | I18: 3.955 | J18: Bộ | R18: 🟢 CÓ
A19: CATERPILLAR | B19: 3176 | C19: R | D19: Miểng dên | E19: 4P8167 | G19: 86.812 | H19: 43.3 | I19: 2.363 | J19: Bộ | R19: 🟢 CÓ
... A54: CATERPILLAR | B54: XN1P | C54: R | D54: Miểng dên | E54: 01-4558/4 | G54: 53.674 | H54: 23.4 | I54: 1.818 | J54: Bộ | R54: 🟢 CÓ
A55: ◆ CUMMINS (39 sản phẩm)
A56: CUMMINS | B56: 4BT/4D102/6D102/6BT | C56: M | D56: Miểng baze | E56: 3802070 | F56: 83 | G56: 88 | H56: 37.3 | I56: 2.46 | J56: Bộ | R56: 🟢 CÓ
A57: CUMMINS | B57: 4BT/4D102/6D102/6BT | C57: R | D57: Miểng dên | E57: 3901170 | F57: 69 | G57: 73 | H57: 31.1 | I57: 1.97 | J57: Bộ | R57: 🟢 CÓ
A58: CUMMINS | B58: 6CT | C58: M | D58: Miểng baze | E58: 3802210 | G58: 105 | H58: 42.85 | I58: 3.45 | J58: Bộ
A59: CUMMINS | B59: 6CT | C59: R | D59: Miểng dên | E59: 3901430 | G59: 81 | H59: 38.1 | I59: 2.47 | J59: Bộ | R59: 🟢 CÓ
A60: CUMMINS | B60: 6D107/QSB6.7/6BT NEW | C60: M | D60: Miểng baze | E60: 6736-21-8110 | G60: 88 | H60: 37.3 | I60: 2.46 | J60: Bộ | R60: 🟢 CÓ
A61: CUMMINS | B61: 6D107/QSB6.7/6BT NEW | C61: R | D61: Miểng dên | E61: 6754-31-3410 | G61: 73 | H61: 31.1 | I61: 1.97 | J61: Bộ | R61: 🟢 CÓ
A62: CUMMINS | B62: A2300 | C62: M | D62: Miểng baze | E62: 4900232 | G62: 58 | H62: 22.05 | I62: 2 | J62: Bộ | R62: 🟢 CÓ
A63: CUMMINS | B63: A2300 | C63: R | D63: Miểng dên | E63: 4900563 | G63: 53 | H63: 22.05 | I63: 1.5 | J63: Bộ | R63: 🟢 CÓ
A64: CUMMINS | B64: ISB | C64: M | D64: Miểng baze | E64: 3802070 | G64: 88 | H64: F37.300 | I64: 2.46 | J64: Bộ | R64: 🟢 CÓ
A65: CUMMINS | B65: ISB | C65: R | D65: Miểng dên | E65: 4893693 | G65: 73 | H65: 31.1 | I65: 1.97 | J65: Bộ | R65: 🟢 CÓ
A66: CUMMINS | B66: ISC | C66: M | D66: Miểng baze | E66: 3945917 | G66: 105 | H66: F42.850 | I66: 3.45 | J66: Bộ | R66: 🟢 CÓ
A67: CUMMINS | B67: ISC | C67: R | D67: Miểng dên | E67: 3950661 | G67: 81 | H67: 36 | I67: 2.47 | J67: Bộ | R67: 🟢 CÓ
A68: CUMMINS | B68: ISF | C68: M | D68: Miểng baze | E68: 4996250 | G68: 79.018 | H68: F32.24 | I68: 2.465 | J68: Bộ | R68: 🟢 CÓ
A69: CUMMINS | B69: ISF | C69: R | D69: Miểng dên | G69: 73 | H69: 31.1 | I69: 1.97 | J69: Bộ | R69: 🟢 CÓ
A70: CUMMINS | B70: ISX/QSX | C70: M | D70: Miểng baze | E70: 3800298 | G70: 133 | H70: 39.7 | I70: 3.21 | J70: Bộ | R70: 🟢 CÓ
A71: CUMMINS | B71: ISX/QSX | C71: R | D71: Miểng dên | E71: 4089405 | G71: 99 | H71: 46.7 | I71: 2.375 | J71: Bộ | R71: 🟢 CÓ
A72: CUMMINS | B72: K38，KT38，KTA38/KTAA38/KTA2300，KV12 | C72: M | D72: Miểng baze | E72: AR12250 | G72: 173.88 | H72: 52.7 | I72: 4.335 | J72: Bộ | R72: 🟢 CÓ
A73: CUMMINS | B73: K38，KT38，KTA38/KTAA38/KTA2300，KV12 | C73: R | D73: Miểng dên | E73: 3047390 | G73: 114.36 | H73: 52.7 | I73: 3.157 | J73: Bộ | R73: 🟢 CÓ
A74: CUMMINS | B74: K50，KT50，KTA50/KTAA50/KT3067，KTA3067，KV16 | C74: M | D74: Miểng baze | E74: 3018210 | G74: 173.88 | H74: 52.7 | I74: 4.335 | J74: Bộ | R74: 🟢 CÓ
A75: CUMMINS | B75: K50，KT50，KTA50/KTAA50/KT3067，KTA3067，KV16 | C75: R | D75: Miểng dên | E75: 3047390 | G75: 114.36 | H75: 52.7 | I75: 3.157 | J75: Bộ | R75: 🟢 CÓ
A76: CUMMINS | B76: KT6/KT450/KTA600/KT1150/KT19 | C76: M | D76: Miểng baze | E76: AR12270 | G76: 148.49 | H76: 46 | I76: 4.35 | J76: Bộ | R76: 🟢 CÓ
A77: CUMMINS | B77: KT6/KT450/KTA600/KT1150/KT19 | C77: R | D77: Miểng dên | E77: 205840 | G77: 108.05 | H77: 56.1 | I77: 3.17 | J77: Bộ | R77: 🟢 CÓ
A78: CUMMINS | B78: L-10/LT-10/MT10/M11/ISM | C78: M | D78: Miểng baze | E78: 3801150 | G78: 122 | H78: 36.6 | I78: 3.94 | J78: Bộ | R78: 🟢 CÓ
A79: CUMMINS | B79: L-10/LT-10/MT10/M11/ISM | C79: R | D79: Miểng dên | E79: 3016760 | G79: 84 | H79: 42.2 | I79: 2.47 | J79: Bộ | R79: 🟢 CÓ
A80: CUMMINS | B80: L/P/N14 | C80: M | D80: Miểng baze | E80: 3801260 | G80: 120.65 | H80: 55.88 | I80: 3.14 | J80: Bộ | R80: 🟢 CÓ
A81: CUMMINS | B81: L/P/N14 | C81: R | D81: Miểng dên | E81: 3055145 | G81: 93.76 | H81: 48.54 | I81: 2.405 | J81: Bộ | R81: 🟢 CÓ
... A94: CUMMINS | B94: VT1710/VT700/VT900/VT28 | C94: R | D94: Miểng dên | E94: 200600 | G94: 101.663 | H94: 46.1 | I94: 3.17 | J94: Bộ | R94: 🟢 CÓ
A95: ◆ DEUTZ-KHD (38 sản phẩm)
A96: DEUTZ-KHD | B96: BF 4M 1013 | C96: M | D96: Miểng baze | E96: 02-3808 | G96: 90.52 | H96: 31 | I96: 2.73 | J96: Bộ | R96: 🟢 CÓ
A97: DEUTZ-KHD | B97: BF 4M 1013 | C97: R | D97: Miểng dên | E97: 71-3922 | G97: 72.52 | H97: 30 | I97: 2.232 | J97: Bộ | R97: 🟢 CÓ
A98: DEUTZ-KHD | B98: BF 6 L 913/BF 6 L 913 T/BF 6L 913/BF 6L 913 C/BF 6L 913 T | C98: M | D98: Miểng baze | E98: 02-3168 | G98: 79 | H98: 25 | I98: 1.98 | J98: Bộ | R98: 🟢 CÓ
A99: DEUTZ-KHD | B99: BF 6 L 913/BF 6 L 913 T/BF 6L 913/BF 6L 913 C/BF 6L 913 T | C99: R | D99: Miểng dên | G99: 70 | H99: 25 | I99: 1.98 | J99: Bộ | R99: 🟢 CÓ
A100: DEUTZ-KHD | B100: BF 6L 413/F 6L 413/F6L 413L | C100: M | D100: Miểng baze | E100: H925/4 | G100: 96 | H100: 29 | I100: 2.97 | J100: Bộ | R100: 🟢 CÓ
A101: DEUTZ-KHD | B101: BF 6L 413/F 6L 413/F6L 413L | C101: R | D101: Miểng dên | E101: 71-2834 | G101: 80 | H101: 27.8 | I101: 2.47 | J101: Bộ | R101: 🟢 CÓ
A102: DEUTZ-KHD | B102: BF 6M 1012 | C102: M | D102: Miểng baze | E102: 71-3803 | G102: 79.019 | H102: 29 | I102: 2.485 | J102: Bộ | R102: 🟢 CÓ
A103: DEUTZ-KHD | B103: BF 6M 1012 | C103: R | D103: Miểng dên | E103: 71-3802 | G103: 61.62 | H103: 26.6 | I103: 1.785 | J103: Bộ | R103: 🟢 CÓ
A104: DEUTZ-KHD | B104: BF 6M 1013/1013C/1013CP/BF 6M 1013 E/1013EC/BF 6M 1013FC/1013CP | C104: M | D104: Miểng baze | E104: 02-3808 | G104: 90.52 | H104: 31 | I104: 2.73 | J104: Bộ | R104: 🟢 CÓ
A105: DEUTZ-KHD | B105: BF 6M 1013/1013C/1013CP/BF 6M 1013 E/1013EC/BF 6M 1013FC/1013CP | C105: R | D105: Miểng dên | E105: 71-3922 | G105: 72.52 | H105: 30 | I105: 2.232 | J105: Bộ | R105: 🟢 CÓ
A106: DEUTZ-KHD | B106: BF 8L 413/F 8L 413/F 8L 413W/F 8 L413L | C106: M | D106: Miểng baze | E106: H925/5 | G106: 96 | H106: 29 | I106: 2.97 | J106: Bộ | R106: 🟢 CÓ
A107: DEUTZ-KHD | B107: BF 8L 413/F 8L 413/F 8L 413W/F 8 L413L | C107: R | D107: Miểng dên | E107: 71-2834 | G107: 80 | H107: 27.8 | I107: 2.47 | J107: Bộ | R107: 🟢 CÓ
A108: DEUTZ-KHD | B108: BF4M 2012 | C108: M | D108: Miểng baze | E108: 0293 1580 | G108: 89.022 | H108: 22.8 | I108: 2.485 | J108: Bộ | R108: 🟢 CÓ
A109: DEUTZ-KHD | B109: BF4M 2012 | C109: R | D109: Miểng dên | E109: 0293 1578? | G109: 66.619 | H109: 29.3 | I109: 1.787 | J109: Bộ | R109: 🟢 CÓ
A110: DEUTZ-KHD | B110: BF6M 1015/BF8M 1015 | C110: M | D110: Miểng baze | E110: 0293 1681 | G110: 108.022 | H110: 30 | I110: 2.47 | J110: Bộ | R110: 🟢 CÓ
A111: DEUTZ-KHD | B111: BF6M 1015/BF8M 1015 | C111: R | D111: Miểng dên | E111: 0293 1410 | G111: 92.028 | H111: 25 | I111: 1.975 | J111: Bộ | R111: 🟢 CÓ
... A113: DEUTZ-KHD | B113: BF6M 2012 | C113: R | D113: Miểng dên | E113: 0412 4790 | G113: 71.619 | H113: 25.6 | I113: 1.75 | J113: Bộ | R113: 🟢 CÓ
A114: DEUTZ-KHD | B114: F1L 511 | C114: R | D114: Miểng dên | G114: 57.02 | H114: 24.9 | I114: 2.48 | J114: Bộ | R114: 🟢 CÓ
A115: DEUTZ-KHD | B115: F2L1011/F2M1011/F2L2011/F2M2011/D2011L2/BF3M1011/F/F3L1011/F/F3M1011/F/F3L2011/BF3L2011/F3M2011/BF3M2011/D2011L3/BF4L1011F/FT/BF4M1011F/F4L1011/F/F4M1011F/BF4L1011/F4L2011/BF4L2011/F4M2011/BF4M2011/M | C115: M | D115: Miểng baze | E115: 02-3689 | G115: 75.019 | H115: 28 | I115: 2.49 | J115: Bộ | R115: 🟢 CÓ
A116: DEUTZ-KHD | B116: F2L1011/F2M1011/F2L2011/F2M2011/D2011L2/BF3M1011/F/F3L1011/F/F3M1011/F/F3L2011/BF3L2011/F3M2011/BF3M2011/D2011L3/BF4L1011F/FT/BF4M1011F/F4L1011/F/F4M1011F/BF4L1011/F4L2011/BF4L2011/F4M2011/BF4M2011/M | C116: R | D116: Miểng dên | E116: 01-3688 | G116: 58.525 | H116: 25.6 | I116: 1.748 | J116: Bộ | R116: 🟢 CÓ
A117: DEUTZ-KHD | B117: F3L 911/F3L 912/F3L 912 D/F3L 912 W | C117: M | D117: Miểng baze | E117: 02-2228 | G117: 74.5 | H117: 27 | I117: 2.23 | J117: Bộ | R117: 🟢 CÓ
A118: DEUTZ-KHD | B118: F3L 911/F3L 912/F3L 912 D/F3L 912 W | C118: R | D118: Miểng dên | E118: 01-2800 | G118: 64 | H118: 25 | I118: 2 | J118: Bộ | R118: 🟢 CÓ
A119: DEUTZ-KHD | B119: F4L 1114 | C119: M | D119: Miểng baze | E119: 1-61961CP | G119: 90.022 | H119: 29 | I119: 2.471 | J119: Bộ | R119: 🟢 CÓ
A120: DEUTZ-KHD | B120: F4L 1114 | C120: R | D120: Miểng dên | E120: 1-61960CP | G120: 85.022 | H120: 29 | I120: 2.47 | J120: Bộ | R120: 🟢 CÓ
A121: DEUTZ-KHD | B121: F4L 911/F4L 912/F4L 912 D/F4L 912 W | C121: M | D121: Miểng baze | E121: 02-2228 | G121: 74.5 | H121: 27 | I121: 2.23 | J121: Bộ | R121: 🟢 CÓ
A122: DEUTZ-KHD | B122: F4L 911/F4L 912/F4L 912 D/F4L 912 W | C122: R | D122: Miểng dên | E122: 01-2800 | G122: 64 | H122: 25 | I122: 2 | J122: Bộ | R122: 🟢 CÓ
A123: DEUTZ-KHD | B123: F4M1012/BF4M1012 | C123: M | D123: Miểng baze | E123: 71-3803 | G123: 79.019 | H123: 29 | I123: 2.485 | J123: Bộ | R123: 🟢 CÓ
A124: DEUTZ-KHD | B124: F4M1012/BF4M1012 | C124: R | D124: Miểng dên | E124: 71-3802 | G124: 61.62 | H124: 26.6 | I124: 1.785 | J124: Bộ | R124: 🟢 CÓ
A125: DEUTZ-KHD | B125: F5L 413FR | C125: M | D125: Miểng baze | G125: 109 | H125: 30 | I125: 2.97 | J125: Bộ | R125: 🟢 CÓ
A126: DEUTZ-KHD | B126: F5L 413FR | C126: R | D126: Miểng dên | G126: 87 | H126: 28 | I126: 2.47 | J126: Bộ | R126: 🟢 CÓ
A127: DEUTZ-KHD | B127: F5L 912/F5L 912 D | C127: M | D127: Miểng baze | E127: 02-2228 | G127: 74.5 | H127: 27 | I127: 2.23 | J127: Bộ | R127: 🟢 CÓ
A128: DEUTZ-KHD | B128: F5L 912/F5L 912 D | C128: R | D128: Miểng dên | E128: 01-2800 | G128: 64 | H128: 25 | I128: 2 | J128: Bộ | R128: 🟢 CÓ
A129: DEUTZ-KHD | B129: F6L 2114 | C129: M | D129: Miểng baze | E129: 1-61961CP | G129: 90.022 | H129: 29 | I129: 2.471 | J129: Bộ | R129: 🟢 CÓ
A130: DEUTZ-KHD | B130: F6L 2114 | C130: R | D130: Miểng dên | E130: 1-61960CP | G130: 85.022 | H130: 29 | I130: 2.47 | J130: Bộ | R130: 🟢 CÓ
A131: DEUTZ-KHD | B131: F6L 413FR | C131: M | D131: Miểng baze | G131: 109 | H131: 30 | I131: 2.97 | J131: Bộ | R131: 🟢 CÓ
A132: DEUTZ-KHD | B132: F6L 911/F6L 912/F6L 912 D/F6L 912 W | C132: M | D132: Miểng baze | E132: 02-2228 | G132: 74.5 | H132: 27 | I132: 2.23 | J132: Bộ | R132: 🟢 CÓ
A133: DEUTZ-KHD | B133: F6L 911/F6L 912/F6L 912 D/F6L 912 W | C133: R | D133: Miểng dên | E133: 01-2800 | G133: 64 | H133: 25 | I133: 2 | J133: Bộ | R133: 🟢 CÓ
A134: ◆ DOOSAN/DAEWOO (20 sản phẩm)
A135: DOOSAN/DAEWOO | B135: 2492cc DOHC 24V | C135: M | D135: Miểng baze | E135: 12340-86Z00-0B0 | G135: 65 | H135: 16 | I135: 3.515 | J135: Bộ | R135: 🟢 CÓ
A136: DOOSAN/DAEWOO | B136: 2492cc DOHC 24V | C136: R | D136: Miểng dên | E136: 12100-86Z00-0A0 | G136: 47.2 | H136: 14.6 | I136: 1.6 | J136: Bộ | R136: 🟢 CÓ
A137: DOOSAN/DAEWOO | B137: A15 SERIES/A16/G15MF/C16XE | C137: M | D137: Miểng baze | E137: 90098313 | G137: 59 | H137: 19.3 | I137: 2 | J137: Bộ | R137: 🟢 CÓ
A138: DOOSAN/DAEWOO | B138: A15 SERIES/A16/G15MF/C16XE | C138: R | D138: Miểng dên | E138: 90323617 | G138: 46 | H138: 16.6 | I138: 1.497 | J138: Bộ | R138: 🟢 CÓ
A139: DOOSAN/DAEWOO | B139: C20NE/X20SED/X22SE | C139: M | D139: Miểng baze | E139: H982/5 | G139: 62.013 | H139: 19.5 | I139: 1.995 | J139: Bộ | R139: 🟢 CÓ
A140: DOOSAN/DAEWOO | B140: C20NE/X20SED/X22SE | C140: R | D140: Miểng dên | E140: 71-3626/4 | G140: 52 | H140: 19.3 | I140: 1.5 | J140: Bộ | R140: 🟢 CÓ
A141: DOOSAN/DAEWOO | B141: C30NE | C141: M | D141: Miểng baze | G141: 62 | H141: 22.42 | I141: 1.989 | J141: Bộ | R141: 🟢 CÓ
A142: DOOSAN/DAEWOO | B142: C30NE | C142: R | D142: Miểng dên | G142: 55 | H142: 19.61 | I142: 1.499 | J142: Bộ | R142: 🟢 CÓ
A143: DOOSAN/DAEWOO | B143: DV11 | C143: R | D143: Miểng dên | G143: 98 | H143: 30 | J143: Bộ | R143: 🟢 CÓ
A144: DOOSAN/DAEWOO | B144: F8B | C144: M | D144: Miểng baze | G144: 54 | H144: 17.1 | I144: 1.991 | J144: Bộ | R144: 🟢 CÓ
A145: DOOSAN/DAEWOO | B145: F8B | C145: R | D145: Miểng dên | G145: 41 | H145: 18.1 | I145: 1.491 | J145: Bộ
A146: DOOSAN/DAEWOO | B146: F8C, F8CL | C146: M | D146: Miểng baze | E146: 12300-61810 | G146: 48 | H146: 17 | I146: 1.99 | J146: Bộ | R146: 🟢 CÓ
A147: DOOSAN/DAEWOO | B147: F8C, F8CL | C147: R | D147: Miểng dên | E147: 23060-33030 | G147: 41 | H147: 18 | I147: 1.49 | J147: Bộ | R147: 🟢 CÓ
...

Sheet 🔨 CĂN THAU
A1: 🔨 CĂN THAU — chuyển từ v10 (điền Mã HH + giá để vào Báo giá)
A2: 🏷️ Mã HH | B2: 🏭 Hãng | C2: ⚙️ Mã ĐC | D2: Loại | E2: PARNO | F2: Cung trong | G2: Cung ngoài | H2: Cao | I2: Dày | J2: 🏷️ TH SX | K2: 📦 ĐVT | L2: 💰 Vốn | M2: 🟢 VIP | N2: 🟡 Ưu đãi | O2: 🔵 Đại lý | P2: 🟣 Gara | Q2: 📦 Tồn | R2: 📝 Ghi chú
B3: ◆ HINO (15 Sản Phẩm)
B4: HINO | C4: 1W / W04C-T/W04D/W04D-T / W06D/W06D-T/W06E | D4: Căn dọc | E4: 11011-1240 | F4: 98.9 | G4: 82.25 | H4: 2.5 | I4: 4.0 | K4: Cái | Q4: 🟢 CÓ
B5: HINO | C5: EC100 / EH100 / EH300 / EH500/EH700/EH700-T | D5: Căn dọc | E5: 11011-1110 | F5: 98.75 | G5: 81.25 | H5: 2.5 | I5: 4.0 | K5: Cái | Q5: 🟢 CÓ
B6: HINO | C6: EF100/EF100-T/EF300/EG100 | D6: Căn dọc | E6: 11011-1030 | F6: 144.6 | G6: 117.2 | H6: 3.97 | I6: 3.0 | K6: Cái | Q6: 🟢 CÓ
B7: HINO | C7: EF100/EF100-T/EF300/EG100 / EF350/EF500/EF700/EF700-T | D7: Căn dọc | E7: 11011-1150 | F7: 144.6 | G7: 117.2 | H7: 4.47 | I7: 3.0 | K7: Cái | Q7: 🟢 CÓ
B8: HINO | C8: EF550/EF750/EF750-T / F17C/T/F17D/T/F17E/F20C | D8: Căn dọc | E8: 11011-1210 | F8: 149.6 | G8: 122.2 | H8: 4.47 | I8: 3.0 | K8: Cái | Q8: 🟢 CÓ
B9: HINO | C9: EF550/EF750/EF750-T / V21C/V22C/V25C | D9: Căn dọc | E9: 11011-1260 | F9: 149.6 | G9: 122.2 | H9: 4.47 | I9: 4.0 | K9: Cái | Q9: 🟢 CÓ
B10: HINO | C10: EK100/EK100-T/EK200/EK130-T / EK100/EK200/K13D/K13U/K130-T / K13C/K13C-T | D10: Căn dọc | E10: 11011-1011 | F10: 127.6 | G10: 102 | H10: 3.97 | I10: 3.0 | K10: Cái | Q10: 🟢 CÓ
B11: HINO | C11: EK100/EK100-T/EK200/EK130-T / K13C/K13C-T | D11: Căn dọc | E11: 11011-1250 | F11: 127.6 | G11: 102 | H11: 3.97 | I11: 4.0 | K11: Cái | Q11: 🟢 CÓ
B12: HINO | C12: EL100/EL100-T | D12: Căn dọc | E12: 11011-1180 | F12: 122.6 | G12: 102.3 | H12: 3.47 | I12: 4.0 | K12: Cái | Q12: 🟢 CÓ
B13: HINO | C13: EL100/EL100-T / EM100 / EP100-T / EP100/EP100-T/P09B-T / M10U | D13: Căn dọc | E13: 11011-1220 | F13: 124.6 | G13: 102.3 | H13: 2.97 | I13: 4.0 | K13: Cái | Q13: 🟢 CÓ
B14: HINO | C14: F21C | D14: Căn dọc | E14: 11011-1300A | F14: 150 | G14: 122.2 | H14: 4.47 | I14: 3.0 | K14: Cái | Q14: 🟢 CÓ
B15: HINO | C15: H06C/H07C/H06B-T/H06C-T / H07C/H06B-T/H06C-T/H07C-T / H07D / J05C/J05C-T1 / J07C / J08C / J08C-T1/D6DA | D15: Căn dọc | E15: 11011-1270 | F15: 104.9 | G15: 85.25 | H15: 2.5 | I15: 4.0 | K15: Cái | Q15: 🟢 CÓ
... B17: HINO | C17: V25C/V26C/V22D | D17: Căn dọc | E17: 11011-1290 | F17: 150 | G17: 122.2 | H17: 4.47 | I17: 4.0 | K17: Cái | Q17: 🟢 CÓ
B18: ◆ ISUZU (15 sản phẩm)
B19: ISUZU | C19: 3AE1/3AF1 | D19: Căn dọc | E19: 9-11581-057 | F19: 92.2 | G19: 77.8 | H19: 2.48 | I19: 2 | K19: Cái | Q19: 🟢 CÓ
B20: ISUZU | C20: 3KR1 / 3LD1/3LE1 | D20: Căn dọc | E20: 9-11599-003 | F20: 78.5 | G20: 68 | H20: 2.65 | I20: 2 | K20: Cái | Q20: 🟢 CÓ
B21: ISUZU | C21: 4BA1/4BB1/4BC1/4BC2/4BE1/4BE2 / 4BD1/4BD1-T/4BG1 | D21: Căn dọc | E21: 8-94114-565 | F21: 101 | G21: 88.25 | H21: 2.5 | I21: 4 | K21: Cái | Q21: 🟢 CÓ
B22: ISUZU | C22: 4BA1/4BB1/4BC1/4BC2/4BE1/4BE2 / 6BB1 / C330 / D500 | D22: Căn dọc | E22: 9-11585-601 | F22: 101 | G22: 84.25 | H22: 2.5 | I22: 4 | K22: Cái | Q22: 🟢 CÓ
B23: ISUZU | C23: 4BD1/4BD1-T/4BG1 / 6BB1/6BD1/6BD1-T/6BF1/6BF1-T / 6BB1/6BD1/6BF1/6BF1-T/6BG1/6BG1-T / 6BD1-T/6BF1-T | D23: Căn dọc | E23: 1-11680-001 | F23: 101 | G23: 88.25 | H23: 2.5 | I23: 4 | K23: Cái | Q23: 🟢 CÓ
B24: ISUZU | C24: 4EC1/4ECT-T / 4EE1-T | D24: Căn dọc | E24: 8-94321-611 | F24: 69.95 | G24: 59 | H24: 2.21 | I24: 2 | K24: Cái | Q24: 🟢 CÓ
B25: ISUZU | C25: 4EE1-T / 4XC1/4XC1-T/4XE1 | D25: Căn dọc | E25: 8-94321-679-0 | F25: 73.7 | G25: 59 | H25: 2.21 | I25: 2 | K25: Cái | Q25: 🟢 CÓ
B26: ISUZU | C26: 4HE1-T/4HF1/4HG1/4HJ1/4HK1 / 6HE1-T/6HK1 / 6HE1/6HH1 | D26: Căn dọc | E26: 8-94396-980 | F26: 109.75 | G26: 92.75 | H26: 3 | I26: 3 | K26: Cái | Q26: 🟢 CÓ
B27: ISUZU | C27: 4JA1/4JC1/4JD1/4JE1/4JF1/D201 / C190 / C190/C223/C223-T | D27: Căn dọc | E27: 8-94168-555 | F27: 86.95 | G27: 73.05 | H27: 2.48 | I27: 2 | K27: Cái | Q27: 🟢 CÓ
B28: ISUZU | C28: 4JB1/4JB1-T/4JG2/4JH1-T / C221/C240 | D28: Căn dọc | E28: 8-94453-520 / T4651A1 | F28: 92.95 | G28: 78.05 | H28: 2.48 | I28: 2 | K28: Cái | Q28: 🟢 CÓ
B29: ISUZU | C29: 4LE1 / 4LE2 | D29: Căn dọc | E29: 5-11599-003 | F29: 78.5 | G29: 68 | H29: 2.65 | I29: 2 | K29: Cái | Q29: 🟢 CÓ
B30: ISUZU | C30: 4XC1/4XC1-T/4XE1 | D30: Căn dọc | E30: 8-94257-903 | F30: 69.95 | G30: 55.25 | H30: 2.21 | I30: 2 | K30: Cái | Q30: 🟢 CÓ
... B32: ISUZU | C32: G130/G150/G160/G161/G161W/G180W/G180Z/G180S/G200W/G201 / G200Z/G200W | D32: Căn dọc | E32: 8-94210-750 | F32: 80.2 | G32: 63 | H32: 2.36 | I32: 2 | K32: Cái | Q32: 🟢 CÓ
B33: ◆ MITSUBISHI (30 sản phẩm)
B34: MITSUBISHI | C34: 10DC6/10DC8/10DC6/10DC60/10DC/10DC80 / 6D20/6D21/6D22/6D22A/6D22-T/6D23 / 6D24 / 8DC2/8DC20/8DC4/8DC40/8DC6/8DC60/8DC8/8DC80/8DC7/8DC70/8DC9/8DC90/8DC10/8DC11/8DC61/8DC81 | D34: Căn dọc | E34: 31209-78101 | F34: 139 | G34: 108.5 | H34: 2.95 | I34: 3 | K34: Cái | Q34: 🟢 CÓ
B35: MITSUBISHI | C35: 10DC6/10DC8/10DC6/10DC60/10DC/10DC80 / 6D20/6D21/6D22/6D22A/6D22-T/6D23 / 6DC2/6DC20 / 8DC2/8DC20/8DC4/8DC40/8DC6/8DC60/8DC8/8DC80/8DC7/8DC70/8DC9/8DC90/8DC10/8DC11/8DC61/8DC81 | D35: Căn dọc | E35: 31109-07109 | F35: 130 | G35: 108.5 | H35: 2.95 | I35: 3 | K35: Cái | Q35: 🟢 CÓ
B36: MITSUBISHI | C36: 3G81/3G82/3G83 / 4G81/4G82/4G83 | D36: Căn dọc | E36: MD115171 | F36: 56.7 | G36: 45 | H36: 2.475 | I36: 2 | K36: Cái | Q36: 🟢 CÓ
B37: MITSUBISHI | C37: 4A90/4A91 | D37: Căn dọc | E37: MN195449 | F37: 67.45 | G37: 52 | H37: 3.255 | I37: 2 | K37: Cái | Q37: 🟢 CÓ
B38: MITSUBISHI | C38: 4B10/4B11/4B11TC/4B12 | D38: Căn dọc | F38: 77 | G38: 58 | H38: 1.95 | I38: 2 | K38: Cái | Q38: 🟢 CÓ
B39: MITSUBISHI | C39: 4D30/4D31/4D31-T/4D32/4D33/4D34/4D34-T/4D35/4D36 / 6D34 | D39: Căn dọc | E39: ME013644 | F39: 110 | G39: 83 | H39: 2.45 | I39: 3 | K39: Cái | Q39: 🟢 CÓ
B40: MITSUBISHI | C40: 4D56-Ti | D40: Căn dọc | E40: MD374820 | F40: 90 | G40: 72 | H40: 2.48 | I40: 2 | K40: Cái | Q40: 🟢 CÓ
B41: MITSUBISHI | C41: 4DR5/4DR6-T/4DR7/4DR50/4DR51/4DR52 / 6DR5/6DR50/6DR51 | D41: Căn dọc | E41: 31309-08101 | F41: 95 | G41: 77.25 | H41: 2.45 | I41: 3 | K41: Cái | Q41: 🟢 CÓ
B42: MITSUBISHI | C42: 4G41/4G42/KE43/KE44/KE46 | D42: Căn dọc | E42: MD010350 | F42: 41.35 | G42: 34.3 | H42: 3.575 | I42: 2 | K42: Cái | Q42: 🟢 CÓ
B43: MITSUBISHI | C43: 4G91/4G93 / 4G92 / 4G92/4G93-T / 4G94 | D43: Căn dọc | E43: MD174862 | F43: 75.4 | G43: 56 | H43: 1.975 | I43: 2 | K43: Cái | Q43: 🟢 CÓ
B44: MITSUBISHI | C44: 4M40/4M41/4M42 | D44: Căn dọc | E44: ME200080/81 / 1052A499 | F44: 94.7 | G44: 76 | H44: 2.45 | I44: 4 | K44: Cái | Q44: 🟢 CÓ
B45: MITSUBISHI | C45: 4M50-T / 4M51 | D45: Căn dọc | E45: ME244094 / T6350K | F45: 117.7 | G45: 97.25 | H45: 2.45 | I45: 4 | K45: Cái | Q45: 🟢 CÓ
B46: MITSUBISHI | C46: 4N15 | D46: Căn dọc | E46: 1052B392 | F46: 85.227 | G46: 66.078 | H46: 1.933 | I46: 2 | K46: Cái | Q46: 🟢 CÓ
B47: MITSUBISHI | C47: 6A12 | D47: Căn dọc | E47: MD189837 / 1T1233 | F47: 79.7 | G47: 59 | H47: 1.975 | I47: 2 | K47: Cái | Q47: 🟢 CÓ
B48: MITSUBISHI | C48: 6D10/6D11/6D14/6D14-T/6D15/6D16/6D16-T/6D17 | D48: Căn dọc | E48: ME071163 | F48: 113 | G48: 90 | H48: 2.45 | I48: 3 | K48: Cái | Q48: 🟢 CÓ
B49: MITSUBISHI | C49: 6D10/6D11/6D14/6D14-T/6D15/6D16/6D16-T/6D17 | D49: Căn dọc | E49: ME031059 | F49: 110 | G49: 90 | H49: 2.45 | I49: 3 | K49: Cái | Q49: 🟢 CÓ
B50: MITSUBISHI | C50: 6D10/6D11/6D14/6D14-T/6D15/6D16/6D16-T/6D17 / 6M6/6M6-T/6M60-T/6M61 | D50: Căn dọc | E50: ME130226 | F50: 116.5 | G50: 94 | H50: 2.45 | I50: 3 | K50: Cái | Q50: 🟢 CÓ
... B54: MITSUBISHI | C54: BKD | D54: Căn dọc | E54: A123/4 / AEW4022 | F54: 73.2 | G54: 59.5 | H54: 1.975 | I54: 4 | K54: Cái | Q54: 🟢 CÓ
B55: MITSUBISHI | C55: CE 12S | D55: Căn dọc | K55: Cái | Q55: 🟢 CÓ
B56: MITSUBISHI | C56: F8Q SERIES | D56: Căn dọc | E56: 1T1237 | F56: 77.25 | G56: 58.25 | H56: 1.95 | I56: 2 | K56: Cái | Q56: 🟢 CÓ
B57: MITSUBISHI | C57: F8Q SERIES / F9Q SERIES / F9Q SERIES/F4R SERIES | D57: Căn dọc | F57: 80 | G57: 60.5 | H57: 2.35 | I57: 2 | K57: Cái | Q57: 🟢 CÓ
B58: MITSUBISHI | C58: S2E/S3E/S4E/S6E | D58: Căn dọc | E58: 34409-08100 | F58: 98 | G58: 82.25 | H58: 2.45 | I58: 3 | K58: Cái | Q58: 🟢 CÓ
B59: MITSUBISHI | C59: S4B/S6B/S6B3 | D59: Căn dọc | E59: 36209-09100 | F59: 149.5 | G59: 128 | H59: 4.88 | I59: 4 | K59: Cái | Q59: 🟢 CÓ
B60: MITSUBISHI | C60: S4L/K4E/K4F | D60: Căn dọc | K60: Cái | Q60: 🟢 CÓ
B61: MITSUBISHI | C61: S4S/S6S | D61: Căn dọc | E61: 32B09-08101 | F61: 105.75 | G61: 86 | H61: 2.45 | I61: 3 | K61: Cái | Q61: 🟢 CÓ
B62: MITSUBISHI | C62: S6A/S6A2/S12A/S12A2/S6A3/S12A3 | D62: Căn dọc | E62: 35A09-18100 | F62: 36.4 | G62: 155.5 | H62: 4.9 | I62: 4 | K62: Cái | Q62: 🟢 CÓ
B63: ◆ HYUNDAI (16 sản phẩm)
B64: HYUNDAI | C64: 4D30/4D31/4D31-T/4D32/4D33/4D34/4D34-T/4D35/4D36 / 6D31/6D31-T / 6DS1/6DS10/6DS3/6DS30/6DS5/6DS50/6DS7/6DS70 / D4AK/D4AE (4D30, 4D31)/D4AL/D4D/D4AF / D4DC | D64: Căn dọc | E64: ME013564 | F64: 104 | G64: 83 | H64: 2.45 | I64: 3 | K64: Cái | Q64: 🟢 CÓ
B65: HYUNDAI | C65: 4G63/4G64 / G4JS / G4JS HYUNDAI ENGINE | D65: Căn dọc | E65: MD351820 / T7282A | F65: 80.5 | G65: 63 | H65: 2.125 | I65: 2.0 | K65: Cái | Q65: 🟢 CÓ
B66: HYUNDAI | C66: 6G71 / 6G72 / G6AT/G6AV/G6CT | D66: Căn dọc | E66: MD128659 | F66: 77.7 | G66: 66 | H66: 1.975 | I66: 4 | K66: Cái | Q66: 🟢 CÓ
B67: HYUNDAI | C67: 6G74 / G6CU | D67: Căn dọc | E67: MD197988 / T138A | F67: 94.7 | G67: 70 | H67: 1.975 | I67: 2 | K67: Cái | Q67: 🟢 CÓ
B68: HYUNDAI | C68: D4CB | D68: Căn dọc | E68: 21021-4A920 / TW-3887A | F68: 89.75 | G68: 73 | H68: 1.95 | I68: 4.0 | K68: Cái | Q68: 🟢 CÓ
B69: HYUNDAI | C69: D4HA / D4HB | D69: Căn dọc | E69: 21030-2F900 | F69: 88.1 | G69: 66.1 | H69: 1.95 | I69: 2.0 | K69: Cái | Q69: 🟢 CÓ
B70: HYUNDAI | C70: DJY | D70: Căn dọc | E70: A188/4 / AEW2376 | F70: 83.3 | G70: 67.05 | H70: 1.88 | I70: 4.0 | K70: Cái | Q70: 🟢 CÓ
B71: HYUNDAI | C71: G3LA | D71: Căn dọc | E71: 21030-04000 | F71: 66.9 | G71: 53 | H71: 1.95 | I71: 2.0 | K71: Cái | Q71: 🟢 CÓ
B72: HYUNDAI | C72: G4FA | D72: Căn dọc | F72: 71 | G72: 54 | H72: 1.975 | I72: 2.0 | K72: Cái | Q72: 🟢 CÓ
B73: HYUNDAI | C73: G4FD, G4FC, G4FG, G4FJ | D73: Căn dọc | E73: 21030-2B000 | F73: 71 | G73: 54 | H73: 1.975 | I73: 2.0 | K73: Cái | Q73: 🟢 CÓ
B74: HYUNDAI | C74: G4GB/G4CM/G4GM/G4CP/G4GF BETA / G4GC BETA II 16V | D74: Căn dọc | E74: 21030-23000 / 1T1204 | F74: 84.7 | G74: 63 | H74: 2.47 | I74: 2.0 | K74: Cái | Q74: 🟢 CÓ
B75: HYUNDAI | C75: G4HC/G4HG | D75: Căn dọc | E75: 21030-02740 / TW-3882A | F75: 58.5 | G75: 47 | H75: 2.47 | I75: 2.0 | K75: Cái | Q75: 🟢 CÓ
B76: HYUNDAI | C76: G4KC, ,G4KD, G4KE, G4KF/G4KG, G4KJ / G4KC, G4KE, G4KG, G4KJ | D76: Căn dọc | E76: 1T8596 | F76: 77 | G76: 58 | H76: 1.97 | I76: 2.0 | K76: Cái | Q76: 🟢 CÓ
B77: HYUNDAI | C77: G4LA | D77: Căn dọc | E77: 21030-03000 | F77: 61.75 | G77: 48 | H77: 1.95 | I77: 2.0 | K77: Cái | Q77: 🟢 CÓ
B78: HYUNDAI | C78: G6BV/G6BA | D78: Căn dọc | E78: 21030-37200 | F78: 79.5 | G78: 68.4 | H78: 1.98 | I78: 4.0 | K78: Cái | Q78: 🟢 CÓ
B79: ◆ MAZDA KIA (25 sản phẩm)
B80: MAZDA KIA | C80: B1/B3/B5/Z5/ZL / B3/B5 / B6/BJ/BP / BP/B6 / DC | D80: Căn dọc | E80: B6Y1-11-SJ0 | F80: 69 | G80: 57 | H80: 2.55 | I80: 2.0 | K80: Cái | Q80: 🟢 CÓ
B81: MAZDA KIA | C81: D5/E1/E3/E5/TC/UC | D81: Căn dọc | E81: 8034-11-380 | F81: 69 | G81: 57 | H81: 2 | I81: 4.0 | K81: Cái | Q81: 🟢 CÓ
B82: MAZDA KIA | C82: DV6TED4 / F6JA/F6JB | D82: Căn dọc | E82: A217/2 / | F82: 71.7 | G82: 55.5 | H82: 2.46 | I82: 4.0 | K82: Cái | Q82: 🟢 CÓ
B83: MAZDA KIA | C83: EPSILON | D83: Căn dọc | E83: 21030-02740 | F83: 58.5 | G83: 47 | H83: 2.47 | I83: 2.0 | K83: Cái | Q83: 🟢 CÓ
B84: MAZDA KIA | C84: FE/F8 / RF/R2 / RF/RF-T | D84: Căn dọc | E84: RF01-23-115 | F84: 84.4 | G84: 69.25 | H84: 2.05 | I84: 4.0 | K84: Cái | Q84: 🟢 CÓ
B85: MAZDA KIA | C85: FP/FS | D85: Căn dọc | E85: FSY1-11-SJ0 / T8115A | F85: 82 | G85: 62 | H85: 2.55 | I85: 2.0 | K85: Cái | Q85: 🟢 CÓ
B86: MAZDA KIA | C86: HA (E3000/T3000)/SL/SL-T (E3500/T3500) / HA/SL / VN | D86: Căn dọc | E86: SL01-23-115 | F86: 104.4 | G86: 84.7 | H86: 2.325 | I86: 4.0 | K86: Cái | Q86: 🟢 CÓ
B87: MAZDA KIA | C87: J2/D4BH/J3-T/JS/JT / S2 | D87: Căn dọc | E87: OK6Z2-11-SJO / 006Y0-11-SJO | F87: 90.4 | G87: 73.7 | H87: 2.325 | I87: 4.0 | K87: Cái | Q87: 🟢 CÓ
B88: MAZDA KIA | C88: JE/JF / KF/K8 / KJ/KL-ZE | D88: Căn dọc | E88: JFY1-11-SJ0 / 2T8352 | F88: 80 | G88: 68 | H88: 2.05 | I88: 4.0 | K88: Cái | Q88: 🟢 CÓ
B89: MAZDA KIA | C89: MA/VB / NA (616, 626, 808, B/E1600)/UB/VC | D89: Căn dọc | E89: 0305-23-201A | F89: 86.4 | G89: 71.75 | H89: 2.05 | I89: 4.0 | K89: Cái | Q89: 🟢 CÓ
B90: MAZDA KIA | C90: P3 | D90: Căn dọc | E90: P3Y1-11-SJ0A/SK0A | I90: 2.0 | K90: Cái | Q90: 🟢 CÓ
B91: MAZDA KIA | C91: PB/TA/TB | D91: Căn dọc | E91: 0249-23-115 | F91: 78 | G91: 62.25 | H91: 2 | I91: 4.0 | K91: Cái | Q91: 🟢 CÓ
B92: MAZDA KIA | C92: PB/TA/TB | D92: Căn dọc | E92: 0259-23-115 | F92: 78 | G92: 62.25 | H92: 2 | I92: 4.0 | K92: Cái | Q92: 🟢 CÓ
B93: MAZDA KIA | C93: PC/TC | D93: Căn dọc | E93: 0324-11-380 | F93: 80 | G93: 70.25 | H93: 2 | I93: 4.0 | K93: Cái | Q93: 🟢 CÓ
B94: MAZDA KIA | C94: PE, CX-3，CX-5 | D94: Căn dọc | E94: PEY1-11-SJ0/SK0 | I94: 2.0 | K94: Cái | Q94: 🟢 CÓ
B95: MAZDA KIA | C95: PN | D95: Căn dọc | E95: PN11-11-SJ0 | F95: 79 | G95: 62.25 | H95: 2.55 | I95: 2.0 | K95: Cái | Q95: 🟢 CÓ
B96: MAZDA KIA | C96: PY, CX-5 | D96: Căn dọc | E96: PY0111391/A | I96: 2.0 | K96: Cái | Q96: 🟢 CÓ
B97: MAZDA KIA | C97: Prejio | D97: Căn dọc | E97: OVNY1-11-SJO | F97: 94 | G97: 79 | H97: 2.32 | I97: 4.0 | K97: Cái | Q97: 🟢 CÓ
B98: MAZDA KIA | C98: S2 (B2200/E2200) | D98: Căn dọc | E98: 1456-23-115 | F98: 90.4 | G98: 73.7 | H98: 2.325 | I98: 4.0 | K98: Cái | Q98: 🟢 CÓ
B99: MAZDA KIA | C99: SHY | D99: Căn dọc | E99: SHY1-11-SJ0 | F99: 79.25 | G99: 60.5 | H99: 2.16 | I99: 2.0 | K99: Cái | Q99: 🟢 CÓ
B100: MAZDA KIA | C100: Sephia | D100: Căn dọc | E100: OK2Y2-11-SJO | K100: Cái | Q100: 🟢 CÓ
B101: MAZDA KIA | C101: TF/TM | D101: Căn dọc | E101: TF01-11-SJ0 | F101: 104.4 | G101: 88.5 | H101: 2.325 | I101: 4.0 | K101: Cái | Q101: 🟢 CÓ
B102: MAZDA KIA | C102: Topic / XA (E2500/T2500)/XB (E2700) / YA/ZB (E4100/T4100) | D102: Căn dọc | E102: 0636-23-115 | F102: 95.4 | G102: 78.7 | H102: 2.325 | I102: 4.0 | K102: Cái | Q102: 🟢 CÓ
B103: MAZDA KIA | C103: ZJ / ZY/ZM/Z6 | D103: Căn dọc | E103: ZJY1-11-SJ0 | I103: 2.0 | K103: Cái | Q103: 🟢 CÓ
B104: ◆ FORD MAZDA (7 sản phẩm)
B105: FORD MAZDA | C105: 122 OHC | D105: Căn dọc | E105: 2T218S / W2198SA | F105: 80.5 | G105: 63.851 | H105: 2.339 | I105: 4 | K105: Cái | Q105: 🟢 CÓ
...

Sheet 📚 CHÚ GIẢI
B1: 📚 CHÚ GIẢI KÝ HIỆU
B2: Ký hiệu | C2: Ý nghĩa
B3: (A) | C3: Có kiềng gang
B4: (A+0) | C4: Lỗ làm mát chân không
B5: F/F | C5: Xy lanh đã xoáy
B6: S/F | C6: Xy lanh chưa xoáy (luôn có thông số)
B7: Kiếng | C7: Xy lanh gốc hãng → séc măng KHÔNG mạ
B8: Gang | C8: Xy lanh thay thế → séc măng CÓ mạ
B9: STD | C9: Cốt 0 (zin)
B10: 0.25 | C10: Cốt 1
B11: 0.50 | C11: Cốt 2
B12: 0.75 | C12: Cốt 3
B13: 1.0 | C13: Cốt 4
B14: Mã HH | C14: Mã hàng hóa trong kho
B16: 🏷️ THƯƠNG HIỆU — XUẤT XỨ
B17: Thương hiệu | C17: Xuất xứ
B18: NPR | C18: Nhật Bản
B19: RIK (Rikken) | C19: Nhật Bản
B20: TP | C20: Nhật Bản
B21: IKAZU | C21: Trung Quốc xuất Châu Âu
B22: IZUMI | C22: Trung Quốc xuất Châu Âu
B23: HENWEIT | C23: Trung Quốc xuất Châu Âu
B24: NSP | C24: Châu Âu
B25: MAHLE | C25: Đức
B26: PROXMANN | C26: (bổ sung)

Sheet _LOOKUP_VND
A1: Số | B1: Chữ_Giữa | C1: Chữ_Đầu
A2: 0
A3: 1 | B3: không trăm lẻ một | C3: một
A4: 2 | B4: không trăm lẻ hai | C4: hai
A5: 3 | B5: không trăm lẻ ba | C5: ba
A6: 4 | B6: không trăm lẻ bốn | C6: bốn
A7: 5 | B7: không trăm lẻ năm | C7: năm
A8: 6 | B8: không trăm lẻ sáu | C8: sáu
A9: 7 | B9: không trăm lẻ bảy | C9: bảy
A10: 8 | B10: không trăm lẻ tám | C10: tám
A11: 9 | B11: không trăm lẻ chín | C11: chín
A12: 10 | B12: không trăm mười | C12: mười
A13: 11 | B13: không trăm mười một | C13: mười một
A14: 12 | B14: không trăm mười hai | C14: mười hai
... A1001: 999 | B1001: chín trăm chín mươi chín | C1001: chín trăm chín mươi chín

Sheet 🔩 PISTON
A1: 🔩 PISTON — dữ liệu thật từ v10
A2: 🏷️ Mã HH | B2: 🏭 Hãng | C2: ⚙️ Mã ĐC | D2: 📐 ĐK | E2: 🔖 Ký hiệu | F2: Buồng nổ | G2: Ắc | H2: Ắc đỉnh | I2: Tổng dài | J2: Ring 1-5 | K2: 🏷️ Thương hiệu | L2: 📦 ĐVT | M2: 💰 Vốn | N2: 🟢 VIP | O2: 🟡 Ưu đãi | P2: 🔵 Đại lý | Q2: 🟣 Gara | R2: 📦 Tồn | S2: 🔧 PARNO | T2: 📝 Ghi chú | U2: _KEY
B3: ◆ HINO (69 sản phẩm) | U3: =IF($C3="","",B3&" "&C3&" · ĐK"&D3&IF(E3=""," "," "&E3)&IF(K3=""," "," - "&K3))
A4: HH0600 | B4: HINO | C4: DM100 | D4: 90 | E4: (A) | F4: Buồng Nổ hình đầu trâu có 2 dấu supap | G4: 29x77 | H4: 38.5 | I4: 104 | J4: 2.5-2.5-2.5-4-4 | K4: IZUMI | L4: Bộ 6 | R4: 🟢 CÓ | U4: =IF($C4="","",B4&" "&C4&" · ĐK"&D4&IF(E4=""," "," "&E4)&IF(K4=""," "," - "&K4)) -> HINO DM100 · ĐK90 (A) - IZUMI
A5: HH082015 | B5: HINO | C5: DM100 | D5: 90 | E5: (A) | F5: Buồng Nổ hình đầu trâu có 2 dấu supap | G5: 29x77 | H5: 38.5 | I5: 104 | J5: 2.5-2.5-2.5-4-4 | K5: IKAZU | L5: Bộ 6 | R5: 🟢 CÓ | U5: =IF($C5="","",B5&" "&C5&" · ĐK"&D5&IF(E5=""," "," "&E5)&IF(K5=""," "," - "&K5)) -> HINO DM100 · ĐK90 (A) - IKAZU
A6: HH083874 | B6: HINO | C6: EC100 | D6: 97 | E6: 0 kiềng gang | F6: Buồng Nổ hình đầu trâu có 2 dấu supap | G6: 31.5x81.5 | H6: 42 | I6: 112 | J6: 2.5-2.5-2.5-4-4 | K6: IKAZU | L6: Bộ 6 | R6: 🟢 CÓ | U6: =IF($C6="","",B6&" "&C6&" · ĐK"&D6&IF(E6=""," "," "&E6)&IF(K6=""," "," - "&K6)) -> HINO EC100 · ĐK97 0 kiềng gang - IKAZU
A7: HH070788 | B7: HINO | C7: W04C-T/W06C-T | D7: 104 | E7: (A) | F7: Buồng Nổ tròn 57 nhọn thấp có 2 dấu supap | G7: 37x85 | H7: 44 | I7: 109 | J7: 2.8K-2.5-5 | K7: IZUMI | L7: Bộ 4 | R7: 🟢 CÓ | U7: =IF($C7="","",B7&" "&C7&" · ĐK"&D7&IF(E7=""," "," "&E7)&IF(K7=""," "," - "&K7)) -> HINO W04C-T/W06C-T · ĐK104 (A) - IZUMI
A8: HH00270 | B8: HINO | C8: W04D | D8: 104 | E8: (A) | F8: Buồng Nổ tròn 51 bằng khuyết có 2 dấu supap | G8: 35x85 | H8: 45 | I8: 108.5 | J8: 2.5-2-5 | K8: IZUMI | L8: Bộ 4 | R8: 🟢 CÓ | U8: =IF($C8="","",B8&" "&C8&" · ĐK"&D8&IF(E8=""," "," "&E8)&IF(K8=""," "," - "&K8)) -> HINO W04D · ĐK104 (A) - IZUMI
A9: HH082312 | B9: HINO | C9: W04D-T | D9: 104 | E9: (A) | F9: Buồng Nổ tròn 57 nhọn cao có 2 dấu supap | G9: 37x85 | H9: 41.5 | I9: 106 | J9: 2.8K-2-4 | K9: IKAZU | L9: Bộ 4 | R9: 🟢 CÓ | S9: 13216-E0020 | U9: =IF($C9="","",B9&" "&C9&" · ĐK"&D9&IF(E9=""," "," "&E9)&IF(K9=""," "," - "&K9)) -> HINO W04D-T · ĐK104 (A) - IKAZU
B10: HINO | C10: W04DT-NEW | D10: 104 | E10: (A) | F10: Buồng Nổ tròn 51 bằng khuyết có 2 dấu supap | G10: 37x85 | H10: 41.5 | I10: 106 | J10: 2.5-2-4 | L10: Bộ 4 | R10: 🟢 CÓ | U10: =IF($C10="","",B10&" "&C10&" · ĐK"&D10&IF(E10=""," "," "&E10)&IF(K10=""," "," - "&K10)) -> HINO W04DT-NEW · ĐK104 (A)
B11: HINO | C11: W04E | D11: 104 | E11: (A) | F11: Buồng Nổ tròn 51 bằng khuyết có 2 dấu supap | G11: 35x85 | H11: 43 | I11: 106 | J11: 2.5-2-5 | L11: Bộ 4 | R11: 🟢 CÓ | U11: =IF($C11="","",B11&" "&C11&" · ĐK"&D11&IF(E11=""," "," "&E11)&IF(K11=""," "," - "&K11)) -> HINO W04E · ĐK104 (A)
A12: HH082313 | B12: HINO | C12: W06D/W04D | D12: 104 | E12: (A) | F12: Buồng Nổ tròn 51 bằng khuyết có 2 dấu supap,ắc đỉnh 45 | G12: 35x85 | H12: 45 | I12: 108.5 | J12: 2.5-2-5 | K12: IKAZU | L12: Bộ 6 | R12: 🟢 CÓ | U12: =IF($C12="","",B12&" "&C12&" · ĐK"&D12&IF(E12=""," "," "&E12)&IF(K12=""," "," - "&K12)) -> HINO W06D/W04D · ĐK104 (A) - IKAZU
A13: HH082006 | B13: HINO | C13: W06D/W04D | D13: 104 | E13: (A) | F13: Buồng Nổ tròn 51 bằng khuyết có 2 dấu supap,ắc đỉnh 43 | G13: 35x85 | H13: 43 | I13: 106 | J13: 2.5-2-5 | K13: IKAZU | L13: Bộ 6 | R13: 🟢 CÓ | S13: 13216-1460 | U13: =IF($C13="","",B13&" "&C13&" · ĐK"&D13&IF(E13=""," "," "&E13)&IF(K13=""," "," - "&K13)) -> HINO W06D/W04D · ĐK104 (A) - IKAZU
B14: HINO | C14: EH100 | D14: 105 | E14: 0 kiềng gang | F14: Buồng Nổ hình đầu trâu có 2 dấu supap | G14: 34x89.5 | H14: 42 | I14: 112 | J14: 2.5-2.5-2.5-4-4 | L14: Bộ 6 | R14: 🟢 CÓ | U14: =IF($C14="","",B14&" "&C14&" · ĐK"&D14&IF(E14=""," "," "&E14)&IF(K14=""," "," - "&K14)) -> HINO EH100 · ĐK105 0 kiềng gang
B15: HINO | C15: H06B-T | D15: 105.8 | E15: (A)+(O) | F15: Buồng Nổ tròn 65 nhọn có 2 dấu supap | G15: 39x87 | H15: 50 | I15: 121.5 | J15: 2.8K-2.5-2.5-5 | L15: Bộ 6 | R15: 🟢 CÓ | U15: =IF($C15="","",B15&" "&C15&" · ĐK"&D15&IF(E15=""," "," "&E15)&IF(K15=""," "," - "&K15)) -> HINO H06B-T · ĐK105.8 (A)+(O)
B16: HINO | C16: H06B-TI | D16: 105.8 | E16: (A)+(O) | F16: Buồng Nổ tròn 65 nhọn có 2 dấu supap | G16: 39x87 | H16: 50 | I16: 121.5 | J16: 2.8K-2.5-2.5-4 | L16: Bộ 6 | R16: 🟢 CÓ | U16: =IF($C16="","",B16&" "&C16&" · ĐK"&D16&IF(E16=""," "," "&E16)&IF(K16=""," "," - "&K16)) -> HINO H06B-TI · ĐK105.8 (A)+(O)
B17: HINO | C17: EH300 | D17: 108 | E17: 0 kiềng gang | F17: Buồng Nổ hình đầu trâu có 2 dấu supap | G17: 35x90 | H17: 42 | I17: 114 | J17: 3-2.5-5-4 | L17: Bộ 6 | R17: 🟢 CÓ | U17: =IF($C17="","",B17&" "&C17&" · ĐK"&D17&IF(E17=""," "," "&E17)&IF(K17=""," "," - "&K17)) -> HINO EH300 · ĐK108 0 kiềng gang
A18: HH068738 | B18: HINO | C18: H06C | D18: 108 | E18: (A) | F18: buồng nổ tròn 54 nhọn có 2 dấu supap | G18: 39x90 | H18: 50 | I18: 121.5 | J18: 2.8K-2.5-2.5-5 | K18: IZUMI | L18: Bộ 6 | R18: 🟢 CÓ | S18: 13216-1540 | U18: =IF($C18="","",B18&" "&C18&" · ĐK"&D18&IF(E18=""," "," "&E18)&IF(K18=""," "," - "&K18)) -> HINO H06C · ĐK108 (A) - IZUMI
A19: HH076960 | B19: HINO | C19: H06C-T | D19: 108 | E19: (A)+(O) | F19: Buồng Nổ tròn 55 hơi nhọn | G19: 39x90 | H19: 50 | I19: 121.5 | J19: 2.8K-2.5-2.5-5 | K19: IZUMI | L19: Bộ 6 | R19: 🟢 CÓ | U19: =IF($C19="","",B19&" "&C19&" · ĐK"&D19&IF(E19=""," "," "&E19)&IF(K19=""," "," - "&K19)) -> HINO H06C-T · ĐK108 (A)+(O) - IZUMI
A20: HH071862 | B20: HINO | C20: H06C-TA | D20: 108 | E20: (A) | F20: buồng nổ tròn 60 nhọn có 2 dấu supap | G20: 39x90 | H20: 50 | I20: 121.5 | J20: 2.8K-2.5-2.5-5 | K20: IZUMI | L20: Bộ 6 | R20: 🟢 CÓ | U20: =IF($C20="","",B20&" "&C20&" · ĐK"&D20&IF(E20=""," "," "&E20)&IF(K20=""," "," - "&K20)) -> HINO H06C-TA · ĐK108 (A) - IZUMI
A21: HH0279 | B21: HINO | C21: DS50 | D21: 110 | E21: 0 kiềng gang | F21: Buồng Nổ hình đầu trâu, có 2 dấu supap | G21: 40x92 | H21: 58.5 | I21: 145 | J21: 3-3-3-4.5-4.5 | K21: IZUMI | L21: Cái | R21: 🟢 CÓ | U21: =IF($C21="","",B21&" "&C21&" · ĐK"&D21&IF(E21=""," "," "&E21)&IF(K21=""," "," - "&K21)) -> HINO DS50 · ĐK110 0 kiềng gang - IZUMI
A22: HH070478 | B22: HINO | C22: EH700 | D22: 110 | E22: (A) | F22: Buồng Nổ tròn 55 nhọn có 2 dấu supap | G22: 39x90 | H22: 50 | I22: 121.5 | J22: 3-2.5-2.5-5 | K22: IZUMI | L22: Bộ 6 | R22: 🟢 CÓ | S22: 13216-1181 | U22: =IF($C22="","",B22&" "&C22&" · ĐK"&D22&IF(E22=""," "," "&E22)&IF(K22=""," "," - "&K22)) -> HINO EH700 · ĐK110 (A) - IZUMI
A23: HH070477 | B23: HINO | C23: EH700-T | D23: 110 | E23: (A) | F23: Buồng Nổ tròn 57 nhọn có 2 dấu supap, có cò nhớt | G23: 39x90 | H23: 50 | I23: 121.5 | J23: 3-2.5-2.5-5 | K23: IZUMI | L23: Bộ 6 | R23: 🟢 CÓ | U23: =IF($C23="","",B23&" "&C23&" · ĐK"&D23&IF(E23=""," "," "&E23)&IF(K23=""," "," - "&K23)) -> HINO EH700-T · ĐK110 (A) - IZUMI
A24: HH070475 | B24: HINO | C24: H07C (NEW) | D24: 110 | E24: (A) | F24: Buồng Nổ tròn 53, 5 bằng, có cò nhớt | G24: 39x90 | H24: 50 | I24: 121.5 | J24: 3-2.5-2.5-5 | K24: IZUMI | L24: Bộ 6 | R24: 🟢 CÓ | U24: =IF($C24="","",B24&" "&C24&" · ĐK"&D24&IF(E24=""," "," "&E24)&IF(K24=""," "," - "&K24)) -> HINO H07C (NEW) · ĐK110 (A) - IZUMI
A25: HH081682 | B25: HINO | C25: H07C (OLD) | D25: 110 | E25: (A) | F25: Buồng Nổ tròn 51 nhọn có 2 dấu supap, có cò nhớt | G25: 39x90 | H25: 50 | I25: 121.5 | J25: 3-2.5-2.5-5 | K25: IKAZU | L25: Bộ 6 | R25: 🟢 CÓ | S25: 13211-2580 | U25: =IF($C25="","",B25&" "&C25&" · ĐK"&D25&IF(E25=""," "," "&E25)&IF(K25=""," "," - "&K25)) -> HINO H07C (OLD) · ĐK110 (A) - IKAZU
A26: HH070476 | B26: HINO | C26: H07C (OLD) | D26: 110 | E26: (A) | F26: Buồng Nổ tròn 51 nhọn có 2 dấu supap, có cò nhớt | G26: 39x90 | H26: 50 | I26: 121.5 | J26: 3-2.5-2.5-5 | K26: IZUMI | L26: Bộ 6 | R26: 🟢 CÓ | S26: 13211-2580 | U26: =IF($C26="","",B26&" "&C26&" · ĐK"&D26&IF(E26=""," "," "&E26)&IF(K26=""," "," - "&K26)) -> HINO H07C (OLD) · ĐK110 (A) - IZUMI
A27: HH070808 | B27: HINO | C27: H07C-2 | D27: 110 | E27: (A) | F27: Buồng Nổ tròn 53 dù có 2 dấu supap, có cò nhớt, dù 31 | G27: 39x90 | H27: 50 | I27: 121.5 | J27: 3-2.5-2.5-5 | K27: IZUMI | L27: Bộ 6 | R27: 🟢 CÓ | U27: =IF($C27="","",B27&" "&C27&" · ĐK"&D27&IF(E27=""," "," "&E27)&IF(K27=""," "," - "&K27)) -> HINO H07C-2 · ĐK110 (A) - IZUMI
B28: HINO | C28: H07C-T2 | D28: 110 | E28: (A)+(O) | F28: Buồng Nổ tròn 58 nhọn, có lỗ nhớt | G28: 39x90 | H28: 50 | I28: 121.5 | J28: 2.8K-2-2-4 | L28: Bộ 6 | R28: 🟢 CÓ | S28: 13216-2740 | U28: =IF($C28="","",B28&" "&C28&" · ĐK"&D28&IF(E28=""," "," "&E28)&IF(K28=""," "," - "&K28)) -> HINO H07C-T2 · ĐK110 (A)+(O)
B29: HINO | C29: H07D | D29: 110 | E29: (A) | F29: Buồng Nổ 58 bằng | G29: 37x85 | H29: 38.5 | I29: 100 | J29: 3-2-4 | L29: Bộ 6 | R29: 🟢 CÓ | S29: 13216-2260 | U29: =IF($C29="","",B29&" "&C29&" · ĐK"&D29&IF(E29=""," "," "&E29)&IF(K29=""," "," - "&K29)) -> HINO H07D · ĐK110 (A)
A30: HH070473 | B30: HINO | C30: H07D-NEW | D30: 110 | E30: (A) | F30: Buồng Nổ tròn 57 nhọn | G30: 37x85 | H30: 38.5 | I30: 100 | J30: 3-2-4 | K30: IZUMI | L30: Bộ 6 | R30: 🟢 CÓ | S30: 13216-1980 | U30: =IF($C30="","",B30&" "&C30&" · ĐK"&D30&IF(E30=""," "," "&E30)&IF(K30=""," "," - "&K30)) -> HINO H07D-NEW · ĐK110 (A) - IZUMI
A31: HH075633 | B31: HINO | C31: J05E/J08E | D31: 112 | E31: (A)+(O) | F31: Buồng Nổ tròn khuyết 63, 5 hơi nhọn | G31: 37x84.5 | H31: 38.5 | I31: 100 | J31: 2.5-2-4 | K31: MAHLE | L31: Bộ 4 | R31: 🟢 CÓ | S31: S130B-E0390 | U31: =IF($C31="","",B31&" "&C31&" · ĐK"&D31&IF(E31=""," "," "&E31)&IF(K31=""," "," - "&K31)) -> HINO J05E/J08E · ĐK112 (A)+(O) - MAHLE
A32: HH071883 | B32: HINO | C32: J05E/J08E | D32: 112 | E32: (A)+(O) | F32: Buồng Nổ tròn khuyết 63, 5 hơi nhọn | G32: 37x84.5 | H32: 38.5 | I32: 100 | J32: 2.5-2-4 | K32: NSP | L32: Bộ 4 | R32: 🟢 CÓ | U32: =IF($C32="","",B32&" "&C32&" · ĐK"&D32&IF(E32=""," "," "&E32)&IF(K32=""," "," - "&K32)) -> HINO J05E/J08E · ĐK112 (A)+(O) - NSP
A33: HH081163 | B33: HINO | C33: J05E/J08E | D33: 112 | E33: (A)+(O) | F33: Buồng Nổ tròn khuyết 63, 5 hơi nhọn | G33: 37x84.5 | H33: 38.5 | I33: 100 | J33: 2.5-2-4 | K33: IKAZU | L33: Bộ 4 | R33: 🟢 CÓ | S33: S130A-E0100 | U33: =IF($C33="","",B33&" "&C33&" · ĐK"&D33&IF(E33=""," "," "&E33)&IF(K33=""," "," - "&K33)) -> HINO J05E/J08E · ĐK112 (A)+(O) - IKAZU
A34: HH079464 | B34: HINO | C34: J05ETA (gang) | D34: 112 | F34: Buồng Nổ tròn nhọn, ko có dấu supap | J34: 3K-2-4 | K34: IKAZU | L34: Bộ 4 | R34: 🟢 CÓ | S34: 13201-E0361 | U34: =IF($C34="","",B34&" "&C34&" · ĐK"&D34&IF(E34=""," "," "&E34)&IF(K34=""," "," - "&K34)) -> HINO J05ETA (gang) · ĐK112 - IKAZU
A35: HH083527 | B35: HINO | C35: J05ETA (gang) | D35: 112 | F35: Buồng Nổ tròn nhọn 2 tầng, ko có dấu supap | J35: 3K-2-4 | K35: IKAZU | L35: Bộ 4 | R35: 🟢 CÓ | S35: S130A-E0281 | U35: =IF($C35="","",B35&" "&C35&" · ĐK"&D35&IF(E35=""," "," "&E35)&IF(K35=""," "," - "&K35)) -> HINO J05ETA (gang) · ĐK112 - IKAZU
B36: HINO | C36: J07E | D36: 112 | E36: (A)+(O) | F36: Buồng Nổ tròn khuyết 63, 5 hơi nhọn | G36: 37x84.5 | H36: 38.5 | I36: 100 | J36: 2.5-2-4 | L36: Cái | R36: 🟢 CÓ | U36: =IF($C36="","",B36&" "&C36&" · ĐK"&D36&IF(E36=""," "," "&E36)&IF(K36=""," "," - "&K36)) -> HINO J07E · ĐK112 (A)+(O)
B37: HINO | C37: J08E | D37: 112 | E37: (A)+(O) | F37: Buồng Nổ tròn khuyết 63, 5 hơi nhọn | G37: 37x84.5 | H37: 38.5 | I37: 100 | J37: 2.5-2-4 | K37: MAHLE | L37: Bộ 6 | R37: 🟢 CÓ | U37: =IF($C37="","",B37&" "&C37&" · ĐK"&D37&IF(E37=""," "," "&E37)&IF(K37=""," "," - "&K37)) -> HINO J08E · ĐK112 (A)+(O) - MAHLE
B38: HINO | C38: J07C | D38: 114 | E38: (A) | F38: Buồng Nổ tròn khuyết 56 hơi nhọn | G38: 37x84.5 | H38: 38.5 | I38: 100 | J38: 2.5-2-4 | L38: Cái | R38: 🟢 CÓ | U38: =IF($C38="","",B38&" "&C38&" · ĐK"&D38&IF(E38=""," "," "&E38)&IF(K38=""," "," - "&K38)) -> HINO J07C · ĐK114 (A)
A39: HH070479 | B39: HINO | C39: J08C | D39: 114 | E39: (A) | F39: Buồng Nổ tròn 56 bằng, bạc đầu 3 ly | G39: 37x84.5 | H39: 38.5 | I39: 100 | J39: 3-2-4 | K39: IZUMI | L39: Cái | R39: 🟢 CÓ | S39: 13216-2631 | U39: =IF($C39="","",B39&" "&C39&" · ĐK"&D39&IF(E39=""," "," "&E39)&IF(K39=""," "," - "&K39)) -> HINO J08C · ĐK114 (A) - IZUMI
A40: HH073911 | B40: HINO | C40: J08C | D40: 114 | E40: (A) | F40: Buồng Nổ tròn 56 bằng, bạc đầu 2, 5 | G40: 37x84.5 | H40: 38.5 | I40: 100 | J40: 2.5-2-4 | K40: IZUMI | L40: Bộ 6 | R40: 🟢 CÓ | U40: =IF($C40="","",B40&" "&C40&" · ĐK"&D40&IF(E40=""," "," "&E40)&IF(K40=""," "," - "&K40)) -> HINO J08C · ĐK114 (A) - IZUMI
A41: HH082716 | B41: HINO | C41: J08C | D41: 114 | E41: (A) | F41: Buồng Nổ tròn 56 bằng, bạc đầu 2, 5 | G41: 37x84.5 | H41: 38.5 | I41: 100 | J41: 2.5-2-4 | K41: IKAZU | L41: Bộ 6 | R41: 🟢 CÓ | U41: =IF($C41="","",B41&" "&C41&" · ĐK"&D41&IF(E41=""," "," "&E41)&IF(K41=""," "," - "&K41)) -> HINO J08C · ĐK114 (A) - IKAZU
A42: HH072017 | B42: HINO | C42: J08C-2 | D42: 114 | E42: (A) | F42: Buồng Nổ tròn khuyết 56 hơi nhọn | G42: 37x84.5 | H42: 38.5 | I42: 100 | J42: 2.5-2-4 | K42: IZUMI | L42: Bộ 6 | R42: 🟢 CÓ | U42: =IF($C42="","",B42&" "&C42&" · ĐK"&D42&IF(E42=""," "," "&E42)&IF(K42=""," "," - "&K42)) -> HINO J08C-2 · ĐK114 (A) - IZUMI
B43: HINO | C43: J08C-NEW | D43: 114 | E43: (A) | F43: Buồng Nổ tròn khuyết 53 hơi nhọn | G43: 37x84.5 | H43: 42 | I43: 103.5 | J43: 2.5-2-4 | L43: Bộ 6 | R43: 🟢 CÓ | U43: =IF($C43="","",B43&" "&C43&" · ĐK"&D43&IF(E43=""," "," "&E43)&IF(K43=""," "," - "&K43)) -> HINO J08C-NEW · ĐK114 (A)
A44: HH082321 | B44: HINO | C44: J08C-T/J05C-T | D44: 114 | E44: (A)+(O) | F44: Buồng Nổ tròn khuyết 65 hơi nhọn | G44: 37x84.5 | H44: 38.5 | I44: 100 | J44: 2.5-2-4 | K44: IKAZU | L44: Bộ 6 | R44: 🟢 CÓ | S44: S130AE0080 | U44: =IF($C44="","",B44&" "&C44&" · ĐK"&D44&IF(E44=""," "," "&E44)&IF(K44=""," "," - "&K44)) -> HINO J08C-T/J05C-T · ĐK114 (A)+(O) - IKAZU
B45: HINO | C45: EB100 | D45: 115 | E45: 0 kiềng gang | F45: Buồng Nổ hình đầu trâu, có 2 dấu supap | G45: 43x89 | H45: 65 | I45: 153 | J45: 3.5-3-3-5-5 | L45: Bộ 6 | R45: 🟢 CÓ | U45: =IF($C45="","",B45&" "&C45&" · ĐK"&D45&IF(E45=""," "," "&E45)&IF(K45=""," "," - "&K45)) -> HINO EB100 · ĐK115 0 kiềng gang
A46: HH00267 | B46: HINO | C46: EL100 | D46: 116 | E46: (A) | F46: Buồng Nổ tròn 57 nhọn có 2 dấu supap | G46: 40x93 | H46: 58 | I46: 130.5 | J46: 3-2.5-2.5-5 | K46: IKAZU | L46: Bộ 6 | R46: 🟢 CÓ | S46: 13211-1563 | U46: =IF($C46="","",B46&" "&C46&" · ĐK"&D46&IF(E46=""," "," "&E46)&IF(K46=""," "," - "&K46)) -> HINO EL100 · ĐK116 (A) - IKAZU
A47: HH070809 | B47: HINO | C47: EL100 | D47: 116 | E47: (A) | F47: Buồng Nổ tròn 57 nhọn có 2 dấu supap | G47: 40x93 | H47: 58 | I47: 130.5 | J47: 3-2.5-2.5-5 | K47: IZUMI | L47: Bộ 6 | R47: 🟢 CÓ | S47: 13211-1563 | U47: =IF($C47="","",B47&" "&C47&" · ĐK"&D47&IF(E47=""," "," "&E47)&IF(K47=""," "," - "&K47)) -> HINO EL100 · ĐK116 (A) - IZUMI
B48: HINO | C48: P09B-TI | D48: 117.8 | E48: (A)+(O) | F48: Buồng Nổ tròn 67 nhọn, có 4 dấu supap | G48: 47x96.5 | H48: 61 | I48: 145 | J48: 3.3K-2.8K-2.5-5 | L48: Cái | R48: 🟢 CÓ | U48: =IF($C48="","",B48&" "&C48&" · ĐK"&D48&IF(E48=""," "," "&E48)&IF(K48=""," "," - "&K48)) -> HINO P09B-TI · ĐK117.8 (A)+(O)
B49: HINO | C49: DK10 | D49: 120 | E49: 0 kiềng gang | F49: Buồng Nổ hình đầu trâu, có 2 dấu supap | G49: 48x100 | H49: 72 | I49: 164 | J49: 3.5-3.5-3.5-5-5 | L49: Bộ 6 | R49: 🟢 CÓ | U49: =IF($C49="","",B49&" "&C49&" · ĐK"&D49&IF(E49=""," "," "&E49)&IF(K49=""," "," - "&K49)) -> HINO DK10 · ĐK120 0 kiềng gang
B50: HINO | C50: EB300 | D50: 120 | E50: (A) | F50: Buồng Nổ hình đầu trâu, có 2 dấu supap | G50: 45x100 | H50: 64 | I50: 155.5 | J50: 3.5-3.5-3.5-6 | L50: Bộ 6 | R50: 🟢 CÓ | U50: =IF($C50="","",B50&" "&C50&" · ĐK"&D50&IF(E50=""," "," "&E50)&IF(K50=""," "," - "&K50)) -> HINO EB300 · ĐK120 (A)
B51: HINO | C51: EP100T | D51: 120 | E51: (A)+(O) | F51: Buồng Nổ tròn 67 nhọn, có 2 dấu supap | G51: 47x99 | H51: 62 | I51: 145 | J51: 3.3K-2.8K-2.5-5 | L51: Cái | R51: 🟢 CÓ | S51: 13216-1450C | U51: =IF($C51="","",B51&" "&C51&" · ĐK"&D51&IF(E51=""," "," "&E51)&IF(K51=""," "," - "&K51)) -> HINO EP100T · ĐK120 (A)+(O)
A52: HH070480 | B52: HINO | C52: P09C | D52: 120 | E52: (A)+(O) | F52: Buồng Nổ tròn 70 nhọn, có 4 dấu supap | G52: 47x99 | I52: 145 | J52: 3.3K-2.8K-2.5-5 | K52: IZUMI | L52: Cái | R52: 🟢 CÓ | U52: =IF($C52="","",B52&" "&C52&" · ĐK"&D52&IF(E52=""," "," "&E52)&IF(K52=""," "," - "&K52)) -> HINO P09C · ĐK120 (A)+(O) - IZUMI
B53: HINO | C53: P11C-NEW | D53: 122 | E53: gang | F53: Buồng Nổ tròn 75 nhọn, có 4 dấu supap má ắc lủng | G53: 47x89 | H53: 40 | I53: 96 | J53: 3.3K-2.3K-2-4 | L53: Bộ 6 | R53: 🟢 CÓ | U53: =IF($C53="","",B53&" "&C53&" · ĐK"&D53&IF(E53=""," "," "&E53)&IF(K53=""," "," - "&K53)) -> HINO P11C-NEW · ĐK122 gang
B54: HINO | C54: P11C-OLD | D54: 122 | E54: gang | F54: Buồng Nổ tròn 75 nhọn, có 4 dấu supap má ắc ko lủng | G54: 47x89 | H54: 40 | I54: 96 | J54: 3.3K-2.3K-2-4 | L54: Bộ 6 | R54: 🟢 CÓ | U54: =IF($C54="","",B54&" "&C54&" · ĐK"&D54&IF(E54=""," "," "&E54)&IF(K54=""," "," - "&K54)) -> HINO P11C-OLD · ĐK122 gang
B55: HINO | C55: EM100 | D55: 124 | E55: (A) | F55: Buồng Nổ tròn 63 nhọn, có 2 dấu supap | G55: 42x98 | H55: 59 | I55: 139.5 | J55: 2.8K-2.5-3-5 | L55: Bộ 6 | R55: 🟢 CÓ | U55: =IF($C55="","",B55&" "&C55&" · ĐK"&D55&IF(E55=""," "," "&E55)&IF(K55=""," "," - "&K55)) -> HINO EM100 · ĐK124 (A)
B56: HINO | C56: M10C | D56: 127 | E56: (A) | F56: Buồng Nổ tròn 65 bằng, có 2 dấu supap | G56: 47x99 | H56: 62 | I56: 144.5 | J56: 3.3K-3-3-5 | L56: Bộ 6 | R56: 🟢 CÓ | S56: 13216-2411 | U56: =IF($C56="","",B56&" "&C56&" · ĐK"&D56&IF(E56=""," "," "&E56)&IF(K56=""," "," - "&K56)) -> HINO M10C · ĐK127 (A)
B57: HINO | C57: ED100 | D57: 128 | E57: (A) | F57: Buồng Nổ tròn 48 bằng | G57: 48x107 | H57: 75 | I57: 160 | J57: 3.5-3.5-3.5-6 | L57: Bộ 6 | R57: 🟢 CÓ | U57: =IF($C57="","",B57&" "&C57&" · ĐK"&D57&IF(E57=""," "," "&E57)&IF(K57=""," "," - "&K57)) -> HINO ED100 · ĐK128 (A)
B58: HINO | C58: K13C-12V | D58: 135 | E58: (A)+(O) | F58: Buồng Nổ 80, 5 nhọn, có 2 dấu supap | G58: 50x110 | H58: 65.3 | I58: 145 | J58: 3.3K-3.5-3.5-5 | L58: Bộ 6 | R58: 🟢 CÓ | U58: =IF($C58="","",B58&" "&C58&" · ĐK"&D58&IF(E58=""," "," "&E58)&IF(K58=""," "," - "&K58)) -> HINO K13C-12V · ĐK135 (A)+(O)
B59: HINO | C59: K13C-24V | D59: 135 | E59: (A)+(O) | F59: Buồng Nổ tròn 84 nhọn có 4 dấu supap | G59: 50x110 | H59: 65.3 | I59: 145 | J59: 3.3K-3.5-3.5-5 | L59: Bộ 6 | R59: 🟢 CÓ | S59: 13211-3260 | U59: =IF($C59="","",B59&" "&C59&" · ĐK"&D59&IF(E59=""," "," "&E59)&IF(K59=""," "," - "&K59)) -> HINO K13C-24V · ĐK135 (A)+(O)
B60: HINO | C60: K13C-TE | D60: 135 | E60: (A)+(O) | F60: Buồng Nổ tròn 82 nhọn có 4 dấu supap | G60: 50x110 | H60: 65.3 | I60: 145 | J60: 3.3K-3.5-3.5-5 | L60: Bộ 6 | R60: 🟢 CÓ | U60: =IF($C60="","",B60&" "&C60&" · ĐK"&D60&IF(E60=""," "," "&E60)&IF(K60=""," "," - "&K60)) -> HINO K13C-TE · ĐK135 (A)+(O)
B61: HINO | C61: E13C | D61: 137 | F61: Nổ tròn nhọn 4 dấu supap | G61: 55x100 | H61: 44 | I61: 110 | J61: 3.3k-2.8k-2.5-4 | L61: Bộ 6 | R61: 🟢 CÓ | U61: =IF($C61="","",B61&" "&C61&" · ĐK"&D61&IF(E61=""," "," "&E61)&IF(K61=""," "," - "&K61)) -> HINO E13C · ĐK137
B62: HINO | C62: EF750 | D62: 137 | E62: (A) | F62: Buồng Nổ tròn 74 nhọn, có 2 dấu supap | G62: 50x110 | H62: 65.3 | I62: 144.3 | J62: 3.3K-3.5-3.5-6 | L62: Bộ 8 | R62: 🟢 CÓ | S62: 13216-1860 | U62: =IF($C62="","",B62&" "&C62&" · ĐK"&D62&IF(E62=""," "," "&E62)&IF(K62=""," "," - "&K62)) -> HINO EF750 · ĐK137 (A)
B63: HINO | C63: EK100 | D63: 137 | E63: (A) | F63: Buồng Nổ tròn 73 nhọn, có 2 dấu supap | G63: 50x110 | H63: 65.3 | I63: 145.5 | J63: 3.3K-3.5-3.5-6 | L63: Bộ 6 | R63: 🟢 CÓ | U63: =IF($C63="","",B63&" "&C63&" · ĐK"&D63&IF(E63=""," "," "&E63)&IF(K63=""," "," - "&K63)) -> HINO EK100 · ĐK137 (A)
B64: HINO | C64: EK130T | D64: 137 | E64: (A) | F64: Buồng Nổ tròn 82 nhọn, có 2 dấu supap | G64: 50x110 | H64: 65.3 | I64: 145.5 | J64: 3.3k-3.5-3.5-6 | L64: Cái | R64: 🟢 CÓ | U64: =IF($C64="","",B64&" "&C64&" · ĐK"&D64&IF(E64=""," "," "&E64)&IF(K64=""," "," - "&K64)) -> HINO EK130T · ĐK137 (A)
B65: HINO | C65: EK200 | D65: 137 | E65: (A) | F65: Buồng Nổ tròn 73 nhọn, có 2 dấu supap | G65: 50x110 | H65: 65.3 | I65: 145.5 | J65: 3.3K-3.5-3.5-6 | L65: Bộ 6 | R65: 🟢 CÓ | U65: =IF($C65="","",B65&" "&C65&" · ĐK"&D65&IF(E65=""," "," "&E65)&IF(K65=""," "," - "&K65)) -> HINO EK200 · ĐK137 (A)
B66: HINO | C66: F17D | D66: 137 | E66: (A) | F66: Buồng Nổ tròn 73 nhọn, có 2 dấu supap | G66: 50x110 | H66: 65.3 | I66: 144.3 | J66: 3.3K-3.5-3.5-5 | L66: Bộ 8 | R66: 🟢 CÓ | U66: =IF($C66="","",B66&" "&C66&" · ĐK"&D66&IF(E66=""," "," "&E66)&IF(K66=""," "," - "&K66)) -> HINO F17D · ĐK137 (A)
B67: HINO | C67: F17D-NEW | D67: 137 | E67: (A) | F67: Buồng Nổ tròn 69 nhọn, có 2 dấu supap | G67: 50x110 | H67: 62 | I67: 142 | J67: 3.3K-3.5-3.5-4 | L67: Bộ 8 | R67: 🟢 CÓ | U67: =IF($C67="","",B67&" "&C67&" · ĐK"&D67&IF(E67=""," "," "&E67)&IF(K67=""," "," - "&K67)) -> HINO F17D-NEW · ĐK137 (A)
B68: HINO | C68: F17D-T | D68: 137 | E68: (A) | F68: Buồng Nổ tròn 80 nhọn, có 4 dấu supap | G68: 50x110 | H68: 62 | I68: 142 | J68: 3.3K-3.5-3.5-4 | L68: Bộ 8 | R68: 🟢 CÓ | U68: =IF($C68="","",B68&" "&C68&" · ĐK"&D68&IF(E68=""," "," "&E68)&IF(K68=""," "," - "&K68)) -> HINO F17D-T · ĐK137 (A)
B69: HINO | C69: K13D | D69: 137 | E69: (A) | F69: Buồng Nổ tròn 74 nhọn, có 2 dấu supap | G69: 50x110 | H69: 65.3 | I69: 144.3 | J69: 3.3K-3.5-3.5-5 | L69: Bộ 6 | R69: 🟢 CÓ | U69: =IF($C69="","",B69&" "&C69&" · ĐK"&D69&IF(E69=""," "," "&E69)&IF(K69=""," "," - "&K69)) -> HINO K13D · ĐK137 (A)
B70: HINO | C70: F17C | D70: 139 | E70: (A) | F70: Buồng Nổ tròn 74 nhọn, có 2 dấu supap | G70: 50x110 | H70: 65.3 | I70: 144.3 | J70: 3.3K-3.5-3.5-5 | L70: Bộ 8 | R70: 🟢 CÓ | U70: =IF($C70="","",B70&" "&C70&" · ĐK"&D70&IF(E70=""," "," "&E70)&IF(K70=""," "," - "&K70)) -> HINO F17C · ĐK139 (A)
B71: HINO | C71: F17C-2 | D71: 139 | E71: (A) | F71: Buồng Nổ tròn 74 nhọn, có 2 dấu supap | G71: 50x110 | H71: 65.3 | I71: 144.3 | J71: 3.3K-3.5-3.5-4 | L71: Bộ 8 | R71: 🟢 CÓ | U71: =IF($C71="","",B71&" "&C71&" · ĐK"&D71&IF(E71=""," "," "&E71)&IF(K71=""," "," - "&K71)) -> HINO F17C-2 · ĐK139 (A)
B72: HINO | C72: F17E | D72: 139 | E72: (A) | F72: Buồng Nổ tròn 71 nhọn, có 2 dấu supap | G72: 50x110 | H72: 65.3 | I72: 144.3 | J72: 3.3K-3.5-3.5-5 | L72: Bộ 8 | R72: 🟢 CÓ | U72: =IF($C72="","",B72&" "&C72&" · ĐK"&D72&IF(E72=""," "," "&E72)&IF(K72=""," "," - "&K72)) -> HINO F17E · ĐK139 (A)
B73: HINO | C73: V22C | D73: 139 | E73: (A) | F73: Buồng Nổ tròn 74 nhọn, có 2 dấu supap | G73: 50x110 | H73: 65.3 | I73: 144.3 | J73: 3.3K-3.5-3.5-6 | L73: Cái | R73: 🟢 CÓ | U73: =IF($C73="","",B73&" "&C73&" · ĐK"&D73&IF(E73=""," "," "&E73)&IF(K73=""," "," - "&K73)) -> HINO V22C · ĐK139 (A)
B74: HINO | C74: F20C-A | D74: 146 | E74: (A) | F74: Buồng Nổ tròn 76 nhọn có 4 dấu supap | G74: 50x110 | H74: 59.5 | I74: 138.5 | J74: 3.3K-3.5-3.5-5 | L74: Cái | R74: 🟢 CÓ | U74: =IF($C74="","",B74&" "&C74&" · ĐK"&D74&IF(E74=""," "," "&E74)&IF(K74=""," "," - "&K74)) -> HINO F20C-A · ĐK146 (A)
... B78: HINO | C78: V26C, V26C-T | D78: 150 | E78: (A)+(O) | F78: Buồng Nổ tròn 72 nhọn, có 4 dấu supap | G78: 50x110 | H78: 59.5 | I78: 138.5 | J78: 3.3K-3-3-4 | L78: Cái | R78: 🟢 CÓ | U78: =IF($C78="","",B78&" "&C78&" · ĐK"&D78&IF(E78=""," "," "&E78)&IF(K78=""," "," - "&K78)) -> HINO V26C, V26C-T · ĐK150 (A)+(O)
B79: ◆ ISUZU (127 sản phẩm) | U79: =IF($C79="","",B79&" "&C79&" · ĐK"&D79&IF(E79=""," "," "&E79)&IF(K79=""," "," - "&K79))
A80: HH071407 | B80: ISUZU | C80: 3KC1 | D80: 74 | E80: 0 kiềng gang | F80: Buồng Nổ chuồn | G80: 21x66.5 | H80: 27 | I80: 70 | J80: 2-1.5-3.5 | K80: IZUMI | L80: Cái | R80: 🟢 CÓ | U80: =IF($C80="","",B80&" "&C80&" · ĐK"&D80&IF(E80=""," "," "&E80)&IF(K80=""," "," - "&K80)) -> ISUZU 3KC1 · ĐK74 0 kiềng gang - IZUMI
A81: HH083894 | B81: ISUZU | C81: 3KC1 | D81: 74 | E81: 0 kiềng gang | F81: Buồng Nổ chuồn | G81: 21x66.5 | H81: 27 | I81: 70 | J81: 2-1.5-3.5 | K81: NICE IN | L81: Cái | R81: 🟢 CÓ | U81: =IF($C81="","",B81&" "&C81&" · ĐK"&D81&IF(E81=""," "," "&E81)&IF(K81=""," "," - "&K81)) -> ISUZU 3KC1 · ĐK74 0 kiềng gang - NICE IN
B82: ISUZU | C82: 4FE1-PB | D82: 76.3 | E82: 0 kiềng gang | F82: Buồng Nổ chuồn | G82: 25x63 | H82: 33 | I82: 80 | J82: 2-2-4 | L82: Bộ 4 | R82: 🟢 CÓ | U82: =IF($C82="","",B82&" "&C82&" · ĐK"&D82&IF(E82=""," "," "&E82)&IF(K82=""," "," - "&K82)) -> ISUZU 4FE1-PB · ĐK76.3 0 kiềng gang
A83: HH074379 | B83: ISUZU | C83: 3LB1 | D83: 77.4 | E83: 0 kiềng gang | F83: buồng nổ ách chuồn, má đen | G83: 21x60 | H83: 25.5 | I83: 80 | J83: 2-1.5-3.5 | K83: IZUMI | L83: Cái | R83: 🟢 CÓ | U83: =IF($C83="","",B83&" "&C83&" · ĐK"&D83&IF(E83=""," "," "&E83)&IF(K83=""," "," - "&K83)) -> ISUZU 3LB1 · ĐK77.4 0 kiềng gang - IZUMI
A84: HH075420 | B84: ISUZU | C84: 4LB1 | D84: 77.4 | E84: 0 kiềng gang | F84: buồng nổ ách chuồn, má đen | G84: 21x60 | H84: 25.5 | I84: 80 | J84: 2-1.5-3.5 | K84: IZUMI | L84: Cái | R84: 🟢 CÓ | U84: =IF($C84="","",B84&" "&C84&" · ĐK"&D84&IF(E84=""," "," "&E84)&IF(K84=""," "," - "&K84)) -> ISUZU 4LB1 · ĐK77.4 0 kiềng gang - IZUMI
A85: HH082325 | B85: ISUZU | C85: 4LC1 | D85: 77.4 | E85: 0 kiềng gang | F85: Buồng Nổ chuồn | G85: 25x60 | H85: 31.5 | I85: 80 | J85: 2-1.5-3.5 | K85: NICE IN | L85: Bộ 4 | R85: 🟢 CÓ | U85: =IF($C85="","",B85&" "&C85&" · ĐK"&D85&IF(E85=""," "," "&E85)&IF(K85=""," "," - "&K85)) -> ISUZU 4LC1 · ĐK77.4 0 kiềng gang - NICE IN
B86: ISUZU | C86: 4EE1-T | D86: 79 | F86: Buồng Nổ 38, 8 có 4 dấu supap | G86: 27x64 | H86: 26 | I86: 84 | J86: 2-1.5-3 | L86: Bộ 4 | R86: 🟢 CÓ | U86: =IF($C86="","",B86&" "&C86&" · ĐK"&D86&IF(E86=""," "," "&E86)&IF(K86=""," "," - "&K86)) -> ISUZU 4EE1-T · ĐK79
A87: HH068730 | B87: ISUZU | C87: 3KR1 | D87: 81 | E87: 0 kiềng gang | F87: Buồng Nổ chuồn | G87: 25x64 | H87: 37 | I87: 80 | J87: 2-1.75-4 | K87: IZUMI | L87: Cái | R87: 🟢 CÓ | U87: =IF($C87="","",B87&" "&C87&" · ĐK"&D87&IF(E87=""," "," "&E87)&IF(K87=""," "," - "&K87)) -> ISUZU 3KR1 · ĐK81 0 kiềng gang - IZUMI
A88: HH068733 | B88: ISUZU | C88: 3KR2 | D88: 81 | E88: 0 kiềng gang | F88: Buồng Nổ vuông 42 nhọn có 2 dấu supap | G88: 27x65 | H88: 35.5 | I88: 80 | J88: 2-1.75-4 | K88: IZUMI | L88: Cái | R88: 🟢 CÓ | U88: =IF($C88="","",B88&" "&C88&" · ĐK"&D88&IF(E88=""," "," "&E88)&IF(K88=""," "," - "&K88)) -> ISUZU 3KR2 · ĐK81 0 kiềng gang - IZUMI
A89: HH0296 | B89: ISUZU | C89: 3LD1 | D89: 83 | E89: 0 kiềng gang | F89: buồng nổ ách chuồn, có cò nhớt | G89: 25x63 | H89: 32 | I89: 80 | J89: 2-1.75-4 | L89: Cái | R89: 🟢 CÓ | S89: 8-97176-287-0 | U89: =IF($C89="","",B89&" "&C89&" · ĐK"&D89&IF(E89=""," "," "&E89)&IF(K89=""," "," - "&K89)) -> ISUZU 3LD1 · ĐK83 0 kiềng gang
A90: HH082857 | B90: ISUZU | C90: 3LD1 | D90: 83 | E90: 0 kiềng gang | F90: buồng nổ ách chuồn, có cò nhớt | G90: 25x63 | H90: 32 | I90: 80 | J90: 2-1.75-4 | K90: NICE IN | L90: Cái | R90: 🟢 CÓ | S90: 8-97176-287-0 | U90: =IF($C90="","",B90&" "&C90&" · ĐK"&D90&IF(E90=""," "," "&E90)&IF(K90=""," "," - "&K90)) -> ISUZU 3LD1 · ĐK83 0 kiềng gang - NICE IN
A91: HH075076 | B91: ISUZU | C91: 3LD2 | D91: 83 | E91: 0 kiềng gang | F91: Buồng Nổ tròn dù 38, 5, có cò nhớt | G91: 25x63 | H91: 32 | I91: 78 | J91: 2-1.75-4 | K91: IZUMI | L91: Cái | R91: 🟢 CÓ | U91: =IF($C91="","",B91&" "&C91&" · ĐK"&D91&IF(E91=""," "," "&E91)&IF(K91=""," "," - "&K91)) -> ISUZU 3LD2 · ĐK83 0 kiềng gang - IZUMI
B92: ISUZU | C92: C221 | D92: 83 | E92: 0 kiềng gang | F92: Buồng Nổ chuồn | G92: 25x72 | H92: 36 | I92: 95 | J92: 2-2-2-5-5 | L92: Bộ 4 | R92: 🟢 CÓ | U92: =IF($C92="","",B92&" "&C92&" · ĐK"&D92&IF(E92=""," "," "&E92)&IF(K92=""," "," - "&K92)) -> ISUZU C221 · ĐK83 0 kiềng gang
A93: HH083871 | B93: ISUZU | C93: 4LE1 | D93: 85 | E93: 0 kiềng gang | F93: Buồng Nổ chuồn, có cò nhớt | G93: 25x67 | H93: 29.5 | I93: 78 | J93: 2-1.75-4 | K93: IKAZU | L93: Bộ 4 | R93: 🟢 CÓ | S93: 8-97257-876-0 | U93: =IF($C93="","",B93&" "&C93&" · ĐK"&D93&IF(E93=""," "," "&E93)&IF(K93=""," "," - "&K93)) -> ISUZU 4LE1 · ĐK85 0 kiềng gang - IKAZU
B94: ISUZU | C94: 4LE1-NEW | D94: 85 | E94: 0 kiềng gang | F94: buồng nổ ách chuồn, má đen, có cò nhớt | G94: 25x67 | H94: 29.5 | I94: 78 | J94: 2-1.75-4 | L94: Bộ 4 | R94: 🟢 CÓ | U94: =IF($C94="","",B94&" "&C94&" · ĐK"&D94&IF(E94=""," "," "&E94)&IF(K94=""," "," - "&K94)) -> ISUZU 4LE1-NEW · ĐK85 0 kiềng gang
A95: HH076886 | B95: ISUZU | C95: 4LE2 | D95: 85 | E95: 0 kiềng gang | F95: Buồng Nổ tròn dù 42, má đen, có cò nhớt,ắc 25 | G95: 25x67 | H95: 29 | I95: 77 | J95: 2-1.75-4 | K95: IZUMI | L95: Bộ 4 | R95: 🟢 CÓ | U95: =IF($C95="","",B95&" "&C95&" · ĐK"&D95&IF(E95=""," "," "&E95)&IF(K95=""," "," - "&K95)) -> ISUZU 4LE2 · ĐK85 0 kiềng gang - IZUMI
A96: HH083870 | B96: ISUZU | C96: 4LE2 | D96: 85 | E96: 0 kiềng gang | F96: Buồng Nổ tròn dù 42, má đen, có cò nhớt,ắc 25 | G96: 25x67 | H96: 29 | I96: 77 | J96: 2-1.75-4 | K96: IKAZU | L96: Bộ 4 | R96: 🟢 CÓ | S96: 8-97232-604-0 | U96: =IF($C96="","",B96&" "&C96&" · ĐK"&D96&IF(E96=""," "," "&E96)&IF(K96=""," "," - "&K96)) -> ISUZU 4LE2 · ĐK85 0 kiềng gang - IKAZU
A97: HH083898 | B97: ISUZU | C97: 4LE2 | D97: 85 | E97: 0 kiềng gang | F97: Buồng Nổ tròn dù 42, má đen, có cò nhớt,ắc 25 | G97: 25x67 | H97: 29 | I97: 77 | J97: 2-1.75-4 | K97: NICE IN | L97: Bộ 4 | R97: 🟢 CÓ | S97: 8-97232-604-0 | U97: =IF($C97="","",B97&" "&C97&" · ĐK"&D97&IF(E97=""," "," "&E97)&IF(K97=""," "," - "&K97)) -> ISUZU 4LE2 · ĐK85 0 kiềng gang - NICE IN
A98: HH071254 | B98: ISUZU | C98: 4LE2-NEW | D98: 85 | E98: (A) | F98: Buồng Nổ tròn dù 42, dù thấp, má đen, có cò nhớt,ắc 27 | G98: 27x68 | H98: 28 | I98: 64 | J98: 2HK-2-3 | K98: IZUMI | L98: Bộ 4 | R98: 🟢 CÓ | U98: =IF($C98="","",B98&" "&C98&" · ĐK"&D98&IF(E98=""," "," "&E98)&IF(K98=""," "," - "&K98)) -> ISUZU 4LE2-NEW · ĐK85 (A) - IZUMI
A99: HH082893 | B99: ISUZU | C99: 4LE2-NEW | D99: 85 | E99: (A) | F99: Buồng Nổ tròn dù 42, dù thấp, má đen, có cò nhớt,ắc 27 | G99: 27x68 | H99: 28 | I99: 64 | J99: 2HK-2-3 | K99: IKAZU | L99: Bộ 4 | R99: 🟢 CÓ | U99: =IF($C99="","",B99&" "&C99&" · ĐK"&D99&IF(E99=""," "," "&E99)&IF(K99=""," "," - "&K99)) -> ISUZU 4LE2-NEW · ĐK85 (A) - IKAZU
A100: HH083520 | B100: ISUZU | C100: C240 /C190 (3 bạc) | D100: 86 | E100: (A) | F100: Buồng Nổ ách chuồn, có 2 dấu supap, 3 bạc ,dài 96,6 | G100: 27x68 | H100: 38 | I100: 96.6 | J100: 2.5-2-5 | K100: IKAZU | L100: Bộ 4 | R100: 🟢 CÓ | S100: 5-12111-226-0 | U100: =IF($C100="","",B100&" "&C100&" · ĐK"&D100&IF(E100=""," "," "&E100)&IF(K100=""," "," - "&K100)) -> ISUZU C240 /C190 (3 bạc) · ĐK86 (A) - IKAZU
A101: HH071437 | B101: ISUZU | C101: C240 /C190 (3 bạc) | D101: 86 | E101: (A) | F101: Buồng Nổ ách chuồn, có 2 dấu supap, 3 bạc ,dài 96,6 | G101: 27x68 | H101: 38 | I101: 96.6 | J101: 2.5-2-5 | K101: NSP | L101: Bộ 4 | R101: 🟢 CÓ | S101: 5-12111-226-0 | U101: =IF($C101="","",B101&" "&C101&" · ĐK"&D101&IF(E101=""," "," "&E101)&IF(K101=""," "," - "&K101)) -> ISUZU C240 /C190 (3 bạc) · ĐK86 (A) - NSP
A102: HH071115 | B102: ISUZU | C102: C240 /C190 (3 bạc) | D102: 86 | E102: (A) | F102: Buồng Nổ ách chuồn, có 2 dấu supap, 3 bạc ,dài 96,6 | G102: 27x68 | H102: 38 | I102: 96.6 | J102: 2.5-2-5 | K102: IZUMI | L102: Bộ 4 | R102: 🟢 CÓ | S102: 5-12111-226-0 | U102: =IF($C102="","",B102&" "&C102&" · ĐK"&D102&IF(E102=""," "," "&E102)&IF(K102=""," "," - "&K102)) -> ISUZU C240 /C190 (3 bạc) · ĐK86 (A) - IZUMI
A103: HH071438 | B103: ISUZU | C103: C240-NEW C190 (3 bạc) | D103: 86 | E103: (A) | F103: Buồng Nổ ách chuồn, có 2 dấu supap,3 bạc ,dài 84,5 | G103: 27x68 | H103: 38 | I103: 84.5 | J103: 2.5-2-5 | K103: NSP | L103: Bộ 4 | R103: 🟢 CÓ | U103: =IF($C103="","",B103&" "&C103&" · ĐK"&D103&IF(E103=""," "," "&E103)&IF(K103=""," "," - "&K103)) -> ISUZU C240-NEW C190 (3 bạc) · ĐK86 (A) - NSP
...

Sheet ⚙️ SÉC MĂNG
A1: ⚙️ SÉC MĂNG — dữ liệu mới nhất (Hãng + ĐK lấy từ Piston)
A2: 🏷️ Mã HH | B2: 🏭 Hãng | C2: ⚙️ Mã ĐC | D2: 📐 ĐK | E2: Xy lanh kiếng? | F2: Loại mạ | G2: Ring | H2: 🏷️ Thương hiệu | I2: 📦 ĐVT | J2: 💰 Vốn | K2: 🟢 VIP | L2: 🟡 Ưu đãi | M2: 🔵 Đại lý | N2: 🟣 Gara | O2: 📦 Tồn | P2: 🔧 PARNO | Q2: 📝 Ghi chú | R2: _KEY | S2: _AUTO
C3: ◆ HINO
A4: HH071911 | B4: HINO | C4: DM100 | D4: 90 | G4: 2.5-2.5-2.5-4-4 | H4: TP | I4: Máy | R4: Séc măng DM100 (2.5-2.5-2.5-4-4) - TP | S4: =IF(OR('⚙️ BỘ HƠI'!$H$40=0,'⚙️ BỘ HƠI'!$H$2="",$C4="",LEFT($C4,1)="◆"),99999,IF(OR(ISNUMBER(SEARCH('⚙️ BỘ HƠI'!$H$2,$C4)),ISNUMBER(SEARCH($C4,'⚙️ BỘ HƠI'!$H$2))),ROW()-2,99999)) -> 99999
A5: HH083979 | B5: HINO | C5: DM100 | D5: 90 | G5: 2.5-2.5-2.5-4-4 | H5: HENWEIT, R-HN23-00 | I5: Máy | P5: SCH20004ZZ | R5: Séc măng Hino DM100 (2.5-2.5-2.5-4-4) SCH20004ZZ - HENWEIT, R-HN23-00 | S5: =IF(OR('⚙️ BỘ HƠI'!$H$40=0,'⚙️ BỘ HƠI'!$H$2="",$C5="",LEFT($C5,1)="◆"),99999,IF(OR(ISNUMBER(SEARCH('⚙️ BỘ HƠI'!$H$2,$C5)),ISNUMBER(SEARCH($C5,'⚙️ BỘ HƠI'!$H$2))),ROW()-2,99999)) -> 99999
A6: HH071287 | B6: HINO | C6: EC100/có/lò/xo | D6: 97 | G6: 2.5-2.5-2.5-4-4 | H6: RIK | I6: 1Máy | R6: Séc măng EC100 có lò xo (2.5-2.5-2.5-4-4) - RIK | S6: =IF(OR('⚙️ BỘ HƠI'!$H$40=0,'⚙️ BỘ HƠI'!$H$2="",$C6="",LEFT($C6,1)="◆"),99999,IF(OR(ISNUMBER(SEARCH('⚙️ BỘ HƠI'!$H$2,$C6)),ISNUMBER(SEARCH($C6,'⚙️ BỘ HƠI'!$H$2))),ROW()-2,99999)) -> 99999
A7: HH083716 | B7: HINO | C7: N04C/W04DT/1+3/thép | D7: 104 | G7: 2.8K-2-4 | H7: NPR | I7: Máy | P7: SDT10221ZZ | R7: Séc măng Hino N04C/W04DT/SDT10221ZZ (2.8K-2-4) 1+3 thép HỘP4- NPR | S7: =IF(OR('⚙️ BỘ HƠI'!$H$40=0,'⚙️ BỘ HƠI'!$H$2="",$C7="",LEFT($C7,1)="◆"),99999,IF(OR(ISNUMBER(SEARCH('⚙️ BỘ HƠI'!$H$2,$C7)),ISNUMBER(SEARCH($C7,'⚙️ BỘ HƠI'!$H$2))),ROW()-2,99999)) -> 99999
A8: HH081985 | B8: HINO | C8: W04C-T/W06C/1/thép | D8: 104 | G8: 2.8K-2.5-5 | H8: NPR | I8: Máy | P8: YDH20047ZX | R8: Séc măng Hino W04C-T/ YDH20047ZX (2.8K-2.5-5) W06C, 1 thép, HỘP1 - NPR | S8: =IF(OR('⚙️ BỘ HƠI'!$H$40=0,'⚙️ BỘ HƠI'!$H$2="",$C8="",LEFT($C8,1)="◆"),99999,IF(OR(ISNUMBER(SEARCH('⚙️ BỘ HƠI'!$H$2,$C8)),ISNUMBER(SEARCH($C8,'⚙️ BỘ HƠI'!$H$2))),ROW()-2,99999)) -> 99999
A9: HH078927 | B9: HINO | C9: W04D/W04E | D9: 104 | G9: 2.5-2-5 | H9: IZUMI | I9: Cái | R9: Séc măng HINO-W04D /W04E (2.5-2-5) - IZUMI | S9: =IF(OR('⚙️ BỘ HƠI'!$H$40=0,'⚙️ BỘ HƠI'!$H$2="",$C9="",LEFT($C9,1)="◆"),99999,IF(OR(ISNUMBER(SEARCH('⚙️ BỘ HƠI'!$H$2,$C9)),ISNUMBER(SEARCH($C9,'⚙️ BỘ HƠI'!$H$2))),ROW()-2,99999)) -> 99999
A10: HH073113 | B10: HINO | C10: W04D/W04E | D10: 104 | G10: 2.5-2-5 | H10: TP | I10: Cái | R10: Séc măng HINO-W04D /W04E (2.5-2-5) - TP | S10: =IF(OR('⚙️ BỘ HƠI'!$H$40=0,'⚙️ BỘ HƠI'!$H$2="",$C10="",LEFT($C10,1)="◆"),99999,IF(OR(ISNUMBER(SEARCH('⚙️ BỘ HƠI'!$H$2,$C10)),ISNUMBER(SEARCH($C10,'⚙️ BỘ HƠI'!$H$2))),ROW()-2,99999)) -> 99999
A11: HH00278 | B11: HINO | C11: W04D/W04E | D11: 104 | G11: 2.5-2-5 | H11: NPR | I11: Máy | P11: SDH20038ZX | R11: Séc măng HINO-W04D/W04E (2.5-2-5) SDH20038ZX - NPR | S11: =IF(OR('⚙️ BỘ HƠI'!$H$40=0,'⚙️ BỘ HƠI'!$H$2="",$C11="",LEFT($C11,1)="◆"),99999,IF(OR(ISNUMBER(SEARCH('⚙️ BỘ HƠI'!$H$2,$C11)),ISNUMBER(SEARCH($C11,'⚙️ BỘ HƠI'!$H$2))),ROW()-2,99999)) -> 99999
A12: HH084322 | B12: HINO | C12: W04D/W04E/nhớt/thép/-/HENWEIT/'R-HN01-00-1 | D12: 104 | G12: 2.5-2-5 | I12: Máy | P12: 13011-1973 | R12: Séc măng Hino W04D/W04E/13011-1973 (2.5-2-5) nhớt thép - HENWEIT 'R-HN01-00-1 | S12: =IF(OR('⚙️ BỘ HƠI'!$H$40=0,'⚙️ BỘ HƠI'!$H$2="",$C12="",LEFT($C12,1)="◆"),99999,IF(OR(ISNUMBER(SEARCH('⚙️ BỘ HƠI'!$H$2,$C12)),ISNUMBER(SEARCH($C12,'⚙️ BỘ HƠI'!$H$2))),ROW()-2,99999)) -> 99999
A13: HH20499 | B13: HINO | C13: W06D/W04D/1+3/thép/1/máy | D13: 104 | G13: 2.5-2-5 | H13: NPR | I13: 1Máy | P13: YDH20041ZX | R13: Séc măng Hino W06D/ YDH20041ZX (2.5-2-5), W04D, 1+3 thép, hộp 1 máy - NPR | S13: =IF(OR('⚙️ BỘ HƠI'!$H$40=0,'⚙️ BỘ HƠI'!$H$2="",$C13="",LEFT($C13,1)="◆"),99999,IF(OR(ISNUMBER(SEARCH('⚙️ BỘ HƠI'!$H$2,$C13)),ISNUMBER(SEARCH($C13,'⚙️ BỘ HƠI'!$H$2))),ROW()-2,99999)) -> 99999
A14: HH00454 | B14: HINO | C14: W06D/W06E | D14: 104 | G14: 2.5-2-5 | H14: TP | I14: Máy | R14: Séc măng W06D/ W06E (2.5-2-5) - TP | S14: =IF(OR('⚙️ BỘ HƠI'!$H$40=0,'⚙️ BỘ HƠI'!$H$2="",$C14="",LEFT($C14,1)="◆"),99999,IF(OR(ISNUMBER(SEARCH('⚙️ BỘ HƠI'!$H$2,$C14)),ISNUMBER(SEARCH($C14,'⚙️ BỘ HƠI'!$H$2))),ROW()-2,99999)) -> 99999
A15: HH076961 | B15: HINO | C15: H06C-TA | D15: 108 | G15: 2.8K-2.5-2.5-5 | H15: TP | I15: 1Máy | R15: Séc măng H06C-TA (2.8K-2.5-2.5-5) - TP | S15: =IF(OR('⚙️ BỘ HƠI'!$H$40=0,'⚙️ BỘ HƠI'!$H$2="",$C15="",LEFT($C15,1)="◆"),99999,IF(OR(ISNUMBER(SEARCH('⚙️ BỘ HƠI'!$H$2,$C15)),ISNUMBER(SEARCH($C15,'⚙️ BỘ HƠI'!$H$2))),ROW()-2,99999)) -> 99999
A16: HH084326 | B16: HINO | C16: H06C-TA | D16: 108 | G16: 2.8K-2.5-2.5-5 | H16: HENWEIT 'R-HN24-00 | I16: Máy | R16: Séc măng Hino H06C-TA (2.8K-2.5-2.5-5) - HENWEIT 'R-HN24-00 | S16: =IF(OR('⚙️ BỘ HƠI'!$H$40=0,'⚙️ BỘ HƠI'!$H$2="",$C16="",LEFT($C16,1)="◆"),99999,IF(OR(ISNUMBER(SEARCH('⚙️ BỘ HƠI'!$H$2,$C16)),ISNUMBER(SEARCH($C16,'⚙️ BỘ HƠI'!$H$2))),ROW()-2,99999)) -> 99999
A17: HH073310 | B17: HINO | C17: H06C/1+4/thép/BỘ6 | D17: 108 | G17: 3-2.5-2.5-5 | H17: NPR | I17: Máy | P17: SDH20042ZX | R17: Séc măng Hino H06C/ SDH20042ZX (3-2.5-2.5-5) 1+4 thép, BỘ6 - NPR | S17: =IF(OR('⚙️ BỘ HƠI'!$H$40=0,'⚙️ BỘ HƠI'!$H$2="",$C17="",LEFT($C17,1)="◆"),99999,IF(OR(ISNUMBER(SEARCH('⚙️ BỘ HƠI'!$H$2,$C17)),ISNUMBER(SEARCH($C17,'⚙️ BỘ HƠI'!$H$2))),ROW()-2,99999)) -> 99999
A18: HH084327 | B18: HINO | C18: EH700/H07C | D18: 110 | G18: 3-2.5-2.5-5 | H18: HENWEIT 'R-HN03-00 | I18: Máy | R18: Séc măng Hino EH700/ H07C (3-2.5-2.5-5) - HENWEIT 'R-HN03-00 | S18: =IF(OR('⚙️ BỘ HƠI'!$H$40=0,'⚙️ BỘ HƠI'!$H$2="",$C18="",LEFT($C18,1)="◆"),99999,IF(OR(ISNUMBER(SEARCH('⚙️ BỘ HƠI'!$H$2,$C18)),ISNUMBER(SEARCH($C18,'⚙️ BỘ HƠI'!$H$2))),ROW()-2,99999)) -> 99999
A19: HH0234 | B19: HINO | C19: EH700/H07C/1+4/thép | D19: 110 | G19: 3-2.5-2.5-5 | H19: NPR | I19: Máy | P19: SDH20043ZX | R19: Séc măng Hino EH700/H07C/SDH20043ZX (3-2.5-2.5-5) 1+4 thép HỘP6- NPR | S19: =IF(OR('⚙️ BỘ HƠI'!$H$40=0,'⚙️ BỘ HƠI'!$H$2="",$C19="",LEFT($C19,1)="◆"),99999,IF(OR(ISNUMBER(SEARCH('⚙️ BỘ HƠI'!$H$2,$C19)),ISNUMBER(SEARCH($C19,'⚙️ BỘ HƠI'!$H$2))),ROW()-2,99999)) -> 99999
A20: HH071313 | B20: HINO | C20: H07CT/1+4/thép | D20: 110 | G20: 2.8K-2-2.5-4 | H20: NPR | I20: Máy | P20: SDH20057ZX | R20: Séc măng Hino H07CT/ SDH20057ZX (2.8K-2-2.5-4) 1+4 thép HỘP6 - NPR | S20: =IF(OR('⚙️ BỘ HƠI'!$H$40=0,'⚙️ BỘ HƠI'!$H$2="",$C20="",LEFT($C20,1)="◆"),99999,IF(OR(ISNUMBER(SEARCH('⚙️ BỘ HƠI'!$H$2,$C20)),ISNUMBER(SEARCH($C20,'⚙️ BỘ HƠI'!$H$2))),ROW()-2,99999)) -> 99999
A21: HH070558 | B21: HINO | C21: H07D/1+3thép | D21: 110 | G21: 3-2-4 | H21: NPR | I21: Máy | P21: SDH20056ZX | R21: Séc măng Hino H07D/ SDH20056ZX (3-2-4) 1+3thép, HỘP6 - NPR | S21: =IF(OR('⚙️ BỘ HƠI'!$H$40=0,'⚙️ BỘ HƠI'!$H$2="",$C21="",LEFT($C21,1)="◆"),99999,IF(OR(ISNUMBER(SEARCH('⚙️ BỘ HƠI'!$H$2,$C21)),ISNUMBER(SEARCH($C21,'⚙️ BỘ HƠI'!$H$2))),ROW()-2,99999)) -> 99999
A22: HH078417 | B22: HINO | C22: J05E/J08E | D22: 112 | G22: 2.5-2-4 | H22: TP | I22: 1Máy | R22: Séc măng J05E/J08E/ 2.5-2-4 - TP | S22: =IF(OR('⚙️ BỘ HƠI'!$H$40=0,'⚙️ BỘ HƠI'!$H$2="",$C22="",LEFT($C22,1)="◆"),99999,IF(OR(ISNUMBER(SEARCH('⚙️ BỘ HƠI'!$H$2,$C22)),ISNUMBER(SEARCH($C22,'⚙️ BỘ HƠI'!$H$2))),ROW()-2,99999)) -> 99999
A23: HH079583 | B23: HINO | C23: J05E/THÉP | D23: 112 | G23: 2.5-2-4 | H23: NPR | I23: Máy | P23: SDH20108ZY | R23: Séc măng Hino J05E/ SDH20108ZY (2.5-2-4) THÉP HỘP4- NPR | S23: =IF(OR('⚙️ BỘ HƠI'!$H$40=0,'⚙️ BỘ HƠI'!$H$2="",$C23="",LEFT($C23,1)="◆"),99999,IF(OR(ISNUMBER(SEARCH('⚙️ BỘ HƠI'!$H$2,$C23)),ISNUMBER(SEARCH($C23,'⚙️ BỘ HƠI'!$H$2))),ROW()-2,99999)) -> 99999
A24: HH084138 | B24: HINO | C24: J08E/J05E | D24: 112 | G24: 2.5-2-4 | H24: HENWEIT R-HN13-00 | I24: Máy | P24: 13011-4040A | R24: Séc măng Hino J08E/ J05E (2.5-2-4) 13011-4040A - HENWEIT R-HN13-00 | S24: =IF(OR('⚙️ BỘ HƠI'!$H$40=0,'⚙️ BỘ HƠI'!$H$2="",$C24="",LEFT($C24,1)="◆"),99999,IF(OR(ISNUMBER(SEARCH('⚙️ BỘ HƠI'!$H$2,$C24)),ISNUMBER(SEARCH($C24,'⚙️ BỘ HƠI'!$H$2))),ROW()-2,99999)) -> 99999
A25: HH083677 | B25: HINO | C25: YL86/J05E/cho/pt/GANG | D25: 112 | G25: 3K-2-4 | H25: TP | I25: 1Máy | R25: Séc măng YL86/ J05E cho pt GANG, 3K-2-4 - TP | S25: =IF(OR('⚙️ BỘ HƠI'!$H$40=0,'⚙️ BỘ HƠI'!$H$2="",$C25="",LEFT($C25,1)="◆"),99999,IF(OR(ISNUMBER(SEARCH('⚙️ BỘ HƠI'!$H$2,$C25)),ISNUMBER(SEARCH($C25,'⚙️ BỘ HƠI'!$H$2))),ROW()-2,99999)) -> 99999
A26: HH084131 | B26: HINO | C26: J08C | D26: 114 | G26: 2.5-2-4 | H26: HENWEIT R-HN15-00 | I26: 1Máy | P26: 13011-3880 | R26: Séc măng Hino J08C/ 13011-3880/ 2.5-2-4 - HENWEIT R-HN15-00 | S26: =IF(OR('⚙️ BỘ HƠI'!$H$40=0,'⚙️ BỘ HƠI'!$H$2="",$C26="",LEFT($C26,1)="◆"),99999,IF(OR(ISNUMBER(SEARCH('⚙️ BỘ HƠI'!$H$2,$C26)),ISNUMBER(SEARCH($C26,'⚙️ BỘ HƠI'!$H$2))),ROW()-2,99999)) -> 99999
A27: HH073762 | B27: HINO | C27: J08C | D27: 114 | G27: 2.5-2-4 | H27: TP | I27: 1Máy | R27: Séc măng J08C/ 2.5-2-4 - TP | S27: =IF(OR('⚙️ BỘ HƠI'!$H$40=0,'⚙️ BỘ HƠI'!$H$2="",$C27="",LEFT($C27,1)="◆"),99999,IF(OR(ISNUMBER(SEARCH('⚙️ BỘ HƠI'!$H$2,$C27)),ISNUMBER(SEARCH($C27,'⚙️ BỘ HƠI'!$H$2))),ROW()-2,99999)) -> 99999
A28: HH00007 | B28: HINO | C28: J08C | D28: 114 | G28: 2.5-2-4 | H28: NPR | I28: 1Máy | P28: SDH20088ZY | R28: Séc măng J08C/ 2.5-2-4 (SDH20088ZY) - NPR | S28: =IF(OR('⚙️ BỘ HƠI'!$H$40=0,'⚙️ BỘ HƠI'!$H$2="",$C28="",LEFT($C28,1)="◆"),99999,IF(OR(ISNUMBER(SEARCH('⚙️ BỘ HƠI'!$H$2,$C28)),ISNUMBER(SEARCH($C28,'⚙️ BỘ HƠI'!$H$2))),ROW()-2,99999)) -> 99999
A29: HH075424 | B29: HINO | C29: J08C | D29: 114 | G29: 3-2-4 | H29: NPR | I29: 1Máy | P29: SDH20067ZX | R29: Séc măng J08C/ 3-2-4 (SDH20067ZX) - NPR | S29: =IF(OR('⚙️ BỘ HƠI'!$H$40=0,'⚙️ BỘ HƠI'!$H$2="",$C29="",LEFT($C29,1)="◆"),99999,IF(OR(ISNUMBER(SEARCH('⚙️ BỘ HƠI'!$H$2,$C29)),ISNUMBER(SEARCH($C29,'⚙️ BỘ HƠI'!$H$2))),ROW()-2,99999)) -> 99999
A30: HH077096 | B30: HINO | C30: EL100/phi | D30: 116 | G30: 3-2.5-2.5-5 | H30: TP | I30: 1Máy | R30: Séc măng EL100 (phi 116) (3-2.5-2.5-5) - TP | S30: =IF(OR('⚙️ BỘ HƠI'!$H$40=0,'⚙️ BỘ HƠI'!$H$2="",$C30="",LEFT($C30,1)="◆"),99999,IF(OR(ISNUMBER(SEARCH('⚙️ BỘ HƠI'!$H$2,$C30)),ISNUMBER(SEARCH($C30,'⚙️ BỘ HƠI'!$H$2))),ROW()-2,99999)) -> 99999
A31: HH071107 | B31: HINO | C31: EL100/phi | D31: 116 | G31: 3-2.5-2.5-5 | H31: NPR | I31: Máy | P31: SDH20029ZX | R31: Séc măng EL100 (phi 116) (3-2.5-2.5-5) SDH20029ZX - NPR | S31: =IF(OR('⚙️ BỘ HƠI'!$H$40=0,'⚙️ BỘ HƠI'!$H$2="",$C31="",LEFT($C31,1)="◆"),99999,IF(OR(ISNUMBER(SEARCH('⚙️ BỘ HƠI'!$H$2,$C31)),ISNUMBER(SEARCH($C31,'⚙️ BỘ HƠI'!$H$2))),ROW()-2,99999)) -> 99999
A32: HH074451 | B32: HINO | C32: EP100/P09C/1+4/thép/BỘ6 | D32: 120 | G32: 3.3K-2.8K-2.4-5 | H32: NPR | I32: Máy | P32: SDH20034ZX | R32: Séc măng Hino EP100/P09C/SDH20034ZX (3.3K-2.8K-2.4-5) 1+4 thép BỘ6- NPR | S32: =IF(OR('⚙️ BỘ HƠI'!$H$40=0,'⚙️ BỘ HƠI'!$H$2="",$C32="",LEFT($C32,1)="◆"),99999,IF(OR(ISNUMBER(SEARCH('⚙️ BỘ HƠI'!$H$2,$C32)),ISNUMBER(SEARCH($C32,'⚙️ BỘ HƠI'!$H$2))),ROW()-2,99999)) -> 99999
A33: HH070727 | B33: HINO | C33: P11C/P11B | D33: 122 | G33: 3.3K-2.3K-2-4 | H33: NPR | I33: Máy | P33: SDH20073ZZ | R33: Séc măng Hino P11C / P11B (3.3K-2.3K-2-4) SDH20073ZZ - NPR | S33: =IF(OR('⚙️ BỘ HƠI'!$H$40=0,'⚙️ BỘ HƠI'!$H$2="",$C33="",LEFT($C33,1)="◆"),99999,IF(OR(ISNUMBER(SEARCH('⚙️ BỘ HƠI'!$H$2,$C33)),ISNUMBER(SEARCH($C33,'⚙️ BỘ HƠI'!$H$2))),ROW()-2,99999)) -> 99999
A34: HH071927 | B34: HINO | C34: EM100/phi | D34: 124 | G34: 2.8K-2.5-3-5 | H34: NPR | I34: 1Máy | P34: SDH20033ZX | R34: Séc măng EM100 phi 124 (2.8K-2.5-3-5) SDH20033ZX - NPR | S34: =IF(OR('⚙️ BỘ HƠI'!$H$40=0,'⚙️ BỘ HƠI'!$H$2="",$C34="",LEFT($C34,1)="◆"),99999,IF(OR(ISNUMBER(SEARCH('⚙️ BỘ HƠI'!$H$2,$C34)),ISNUMBER(SEARCH($C34,'⚙️ BỘ HƠI'!$H$2))),ROW()-2,99999)) -> 99999
A35: HH082808 | B35: HINO | C35: K13C-TE | D35: 135 | G35: 3.3K-3.5-3.5-5 | H35: NPR | I35: Cái | R35: Séc măng K13C-TE (3.3K-3.5-3.5-5) - NPR | S35: =IF(OR('⚙️ BỘ HƠI'!$H$40=0,'⚙️ BỘ HƠI'!$H$2="",$C35="",LEFT($C35,1)="◆"),99999,IF(OR(ISNUMBER(SEARCH('⚙️ BỘ HƠI'!$H$2,$C35)),ISNUMBER(SEARCH($C35,'⚙️ BỘ HƠI'!$H$2))),ROW()-2,99999)) -> 99999
A36: HH00527 | B36: HINO | C36: EF750 | D36: 137 | G36: 3.3K-3.5-3.5-6 | H36: TP | I36: Cái | R36: Séc măng EF750 (3.3K-3.5-3.5-6) - TP | S36: =IF(OR('⚙️ BỘ HƠI'!$H$40=0,'⚙️ BỘ HƠI'!$H$2="",$C36="",LEFT($C36,1)="◆"),99999,IF(OR(ISNUMBER(SEARCH('⚙️ BỘ HƠI'!$H$2,$C36)),ISNUMBER(SEARCH($C36,'⚙️ BỘ HƠI'!$H$2))),ROW()-2,99999)) -> 99999
A37: HH00526 | B37: HINO | C37: EF750/EF700/1thép | D37: 137 | G37: 3.3K-3.5-3.5-6 | H37: NPR | I37: Máy | P37: SDH20025ZX0 | R37: Séc măng Hino EF750/EF700/SDH20025ZX0 (3.3K-3.5-3.5-6) 1thép, HỘP8 - NPR | S37: =IF(OR('⚙️ BỘ HƠI'!$H$40=0,'⚙️ BỘ HƠI'!$H$2="",$C37="",LEFT($C37,1)="◆"),99999,IF(OR(ISNUMBER(SEARCH('⚙️ BỘ HƠI'!$H$2,$C37)),ISNUMBER(SEARCH($C37,'⚙️ BỘ HƠI'!$H$2))),ROW()-2,99999)) -> 99999
A38: HH074495 | B38: HINO | C38: EK100/EK200 | D38: 137 | H38: TP | I38: Máy | R38: Séc măng EK100/EK200 - TP | S38: =IF(OR('⚙️ BỘ HƠI'!$H$40=0,'⚙️ BỘ HƠI'!$H$2="",$C38="",LEFT($C38,1)="◆"),99999,IF(OR(ISNUMBER(SEARCH('⚙️ BỘ HƠI'!$H$2,$C38)),ISNUMBER(SEARCH($C38,'⚙️ BỘ HƠI'!$H$2))),ROW()-2,99999)) -> 99999
A39: HH077107 | B39: HINO | C39: V22C/10/máy | D39: 139 | G39: 3.3K-3.5-3.5-6 | H39: NPR | I39: Máy | P39: SDH20052ZZ | R39: Séc măng Hino V22C/SDH20052ZZ (3.3K-3.5-3.5-6) hộp 10 máy - NPR | S39: =IF(OR('⚙️ BỘ HƠI'!$H$40=0,'⚙️ BỘ HƠI'!$H$2="",$C39="",LEFT($C39,1)="◆"),99999,IF(OR(ISNUMBER(SEARCH('⚙️ BỘ HƠI'!$H$2,$C39)),ISNUMBER(SEARCH($C39,'⚙️ BỘ HƠI'!$H$2))),ROW()-2,99999)) -> 99999
A40: HH083702 | B40: HINO | C40: F20C/8/máy | D40: 146 | G40: 3.3K-3.5-3.5-5 | H40: NPR | I40: Máy | P40: SDH20062ZX | R40: Séc măng Hino F20C/ SDH20062ZX (3.3K-3.5-3.5-5), hộp 8 máy - NPR | S40: =IF(OR('⚙️ BỘ HƠI'!$H$40=0,'⚙️ BỘ HƠI'!$H$2="",$C40="",LEFT($C40,1)="◆"),99999,IF(OR(ISNUMBER(SEARCH('⚙️ BỘ HƠI'!$H$2,$C40)),ISNUMBER(SEARCH($C40,'⚙️ BỘ HƠI'!$H$2))),ROW()-2,99999)) -> 99999
A41: HH083703 | B41: HINO | C41: F20C/8/máy | D41: 146 | G41: 3.3K-3-3-4 | H41: NPR | I41: Máy | P41: SDH20077ZX | R41: Séc măng Hino F20C/ SDH20077ZX (3.3K-3-3-4) hộp 8 máy - NPR | S41: =IF(OR('⚙️ BỘ HƠI'!$H$40=0,'⚙️ BỘ HƠI'!$H$2="",$C41="",LEFT($C41,1)="◆"),99999,IF(OR(ISNUMBER(SEARCH('⚙️ BỘ HƠI'!$H$2,$C41)),ISNUMBER(SEARCH($C41,'⚙️ BỘ HƠI'!$H$2))),ROW()-2,99999)) -> 99999
C42: ◆ ISUZU
A43: HH071262 | B43: ISUZU | C43: 3KC1/3KC2 | D43: 74 | G43: 2-1.5-3.5 | H43: NPR | I43: 1Máy | P43: SDI10102ZZ | R43: Séc măng 3KC1/3KC2 ( 2-1.5-3.5) SDI10102ZZ - NPR | S43: =IF(OR('⚙️ BỘ HƠI'!$H$40=0,'⚙️ BỘ HƠI'!$H$2="",$C43="",LEFT($C43,1)="◆"),99999,IF(OR(ISNUMBER(SEARCH('⚙️ BỘ HƠI'!$H$2,$C43)),ISNUMBER(SEARCH($C43,'⚙️ BỘ HƠI'!$H$2))),ROW()-2,99999)) -> 99999
A44: HH080955 | B44: ISUZU | C44: 3KC1/3KC2/3c | D44: 74 | G44: 2-1.5-3.5 | H44: IZ IKAZU | I44: 1Máy | R44: Séc măng 3KC1/3KC2 (2-1.5-3.5), hộp 3c - IZ IKAZU | S44: =IF(OR('⚙️ BỘ HƠI'!$H$40=0,'⚙️ BỘ HƠI'!$H$2="",$C44="",LEFT($C44,1)="◆"),99999,IF(OR(ISNUMBER(SEARCH('⚙️ BỘ HƠI'!$H$2,$C44)),ISNUMBER(SEARCH($C44,'⚙️ BỘ HƠI'!$H$2))),ROW()-2,99999)) -> 99999
A45: HH077134 | B45: ISUZU | C45: 4FE1 | D45: 76.3 | G45: 2-2-4 | H45: TP | I45: 1Máy | R45: Séc măng 4FE1 (2-2-4) - TP | S45: =IF(OR('⚙️ BỘ HƠI'!$H$40=0,'⚙️ BỘ HƠI'!$H$2="",$C45="",LEFT($C45,1)="◆"),99999,IF(OR(ISNUMBER(SEARCH('⚙️ BỘ HƠI'!$H$2,$C45)),ISNUMBER(SEARCH($C45,'⚙️ BỘ HƠI'!$H$2))),ROW()-2,99999)) -> 99999
A46: HH0642 | B46: ISUZU | C46: 4FE1 | D46: 76.3 | G46: 2-2-4 | H46: NPR | I46: Máy | P46: SDI10212ZZ | R46: Séc măng 4FE1 (2-2-4) SDI10212ZZ - NPR | S46: =IF(OR('⚙️ BỘ HƠI'!$H$40=0,'⚙️ BỘ HƠI'!$H$2="",$C46="",LEFT($C46,1)="◆"),99999,IF(OR(ISNUMBER(SEARCH('⚙️ BỘ HƠI'!$H$2,$C46)),ISNUMBER(SEARCH($C46,'⚙️ BỘ HƠI'!$H$2))),ROW()-2,99999)) -> 99999
A47: HH071103 | B47: ISUZU | C47: 4LC1 | D47: 77.4 | G47: 2-1.5-3.5 | H47: NPR | I47: Máy | P47: SJI10213ZZ | R47: Séc măng 4LC1 (2-1.5-3.5) SJI10213ZZ - NPR | S47: =IF(OR('⚙️ BỘ HƠI'!$H$40=0,'⚙️ BỘ HƠI'!$H$2="",$C47="",LEFT($C47,1)="◆"),99999,IF(OR(ISNUMBER(SEARCH('⚙️ BỘ HƠI'!$H$2,$C47)),ISNUMBER(SEARCH($C47,'⚙️ BỘ HƠI'!$H$2))),ROW()-2,99999)) -> 99999
A48: HH083986 | B48: ISUZU | C48: 4LC1 | D48: 77.4 | G48: 2-1.5-3.5 | H48: HENWEIT, R-IS45-00 | I48: Máy | P48: 8-97034-609-0 | R48: Séc măng Isuzu 4LC1 (2-1.5-3.5)/ 8-97034-609-0 - HENWEIT, R-IS45-00 | S48: =IF(OR('⚙️ BỘ HƠI'!$H$40=0,'⚙️ BỘ HƠI'!$H$2="",$C48="",LEFT($C48,1)="◆"),99999,IF(OR(ISNUMBER(SEARCH('⚙️ BỘ HƠI'!$H$2,$C48)),ISNUMBER(SEARCH($C48,'⚙️ BỘ HƠI'!$H$2))),ROW()-2,99999)) -> 99999
A49: HH00504 | B49: ISUZU | C49: 3KR1 | D49: 81 | H49: TP | I49: Máy | R49: Séc măng 3KR1 - TP | S49: =IF(OR('⚙️ BỘ HƠI'!$H$40=0,'⚙️ BỘ HƠI'!$H$2="",$C49="",LEFT($C49,1)="◆"),99999,IF(OR(ISNUMBER(SEARCH('⚙️ BỘ HƠI'!$H$2,$C49)),ISNUMBER(SEARCH($C49,'⚙️ BỘ HƠI'!$H$2))),ROW()-2,99999)) -> 99999
A50: HH080944 | B50: ISUZU | C50: 3KR1/3KR2 | D50: 81 | G50: 2-1.75-4 | H50: IZ IKAZU | I50: Máy | R50: Séc măng 3KR1 / 3KR2 (2-1.75-4) - IZ IKAZU | S50: =IF(OR('⚙️ BỘ HƠI'!$H$40=0,'⚙️ BỘ HƠI'!$H$2="",$C50="",LEFT($C50,1)="◆"),99999,IF(OR(ISNUMBER(SEARCH('⚙️ BỘ HƠI'!$H$2,$C50)),ISNUMBER(SEARCH($C50,'⚙️ BỘ HƠI'!$H$2))),ROW()-2,99999)) -> 99999
A51: HH075158 | B51: ISUZU | C51: 3KR1/3KR2 | D51: 81 | G51: 2-1.75-4 | H51: ART | I51: Máy | P51: 15608101 | R51: Séc măng 3KR1 / 3KR2 (2-1.75-4) 15608101 - ART | S51: =IF(OR('⚙️ BỘ HƠI'!$H$40=0,'⚙️ BỘ HƠI'!$H$2="",$C51="",LEFT($C51,1)="◆"),99999,IF(OR(ISNUMBER(SEARCH('⚙️ BỘ HƠI'!$H$2,$C51)),ISNUMBER(SEARCH($C51,'⚙️ BỘ HƠI'!$H$2))),ROW()-2,99999)) -> 99999
A52: HH084332 | B52: ISUZU | C52: 3KR1/3KR2/nhớt/thép | D52: 81 | G52: 2-1.75-4 | H52: HENWEIT 'R-IS48-00 | I52: Máy | R52: Séc măng Isuzu 3KR1/ 3KR2 (2-1.75-4) nhớt thép - HENWEIT 'R-IS48-00 | S52: =IF(OR('⚙️ BỘ HƠI'!$H$40=0,'⚙️ BỘ HƠI'!$H$2="",$C52="",LEFT($C52,1)="◆"),99999,IF(OR(ISNUMBER(SEARCH('⚙️ BỘ HƠI'!$H$2,$C52)),ISNUMBER(SEARCH($C52,'⚙️ BỘ HƠI'!$H$2))),ROW()-2,99999)) -> 99999
A53: HH00229 | B53: ISUZU | C53: Isu/3KR1/3KR2 | D53: 81 | G53: 2-1.75-4 | H53: NPR | I53: Máy | P53: SDI10113ZZ | R53: Séc măng Isu 3KR1/ SDI10113ZZ (2-1.75-4) 3KR2, HỘP3 - NPR | S53: =IF(OR('⚙️ BỘ HƠI'!$H$40=0,'⚙️ BỘ HƠI'!$H$2="",$C53="",LEFT($C53,1)="◆"),99999,IF(OR(ISNUMBER(SEARCH('⚙️ BỘ HƠI'!$H$2,$C53)),ISNUMBER(SEARCH($C53,'⚙️ BỘ HƠI'!$H$2))),ROW()-2,99999)) -> 99999
A54: HH076137 | B54: ISUZU | C54: 3LD1 | D54: 83 | G54: 2-1.75-4 | H54: NPR | I54: Máy | P54: SDI10229ZZ | R54: Séc măng 3LD1 (2-1.75-4) SDI10229ZZ - NPR | S54: =IF(OR('⚙️ BỘ HƠI'!$H$40=0,'⚙️ BỘ HƠI'!$H$2="",$C54="",LEFT($C54,1)="◆"),99999,IF(OR(ISNUMBER(SEARCH('⚙️ BỘ HƠI'!$H$2,$C54)),ISNUMBER(SEARCH($C54,'⚙️ BỘ HƠI'!$H$2))),ROW()-2,99999)) -> 99999
A55: HH079372 | B55: ISUZU | C55: C221/C201/PT | D55: 83 | E55: kiếng | F55: không mạ | G55: 2-2-2-5-5 | H55: TP | I55: Máy | R55: Séc măng C221/C201 PT (2-2-2-5-5) không mạ - TP | S55: =IF(OR('⚙️ BỘ HƠI'!$H$40=0,'⚙️ BỘ HƠI'!$H$2="",$C55="",LEFT($C55,1)="◆"),99999,IF(OR(ISNUMBER(SEARCH('⚙️ BỘ HƠI'!$H$2,$C55)),ISNUMBER(SEARCH($C55,'⚙️ BỘ HƠI'!$H$2))),ROW()-2,99999)) -> 99999
A56: HH074517 | B56: ISUZU | C56: C221/C201/PT/mạ | D56: 83 | G56: 2-2-2-5-5 | H56: TP | I56: 1Máy | R56: Séc măng C221/C201 PT (2-2-2-5-5) mạ - TP | S56: =IF(OR('⚙️ BỘ HƠI'!$H$40=0,'⚙️ BỘ HƠI'!$H$2="",$C56="",LEFT($C56,1)="◆"),99999,IF(OR(ISNUMBER(SEARCH('⚙️ BỘ HƠI'!$H$2,$C56)),ISNUMBER(SEARCH($C56,'⚙️ BỘ HƠI'!$H$2))),ROW()-2,99999)) -> 99999
A57: HH070443 | B57: ISUZU | C57: 4LE1/4LE2 | D57: 85 | G57: 2-1.75-4 | H57: NPR | I57: 1Máy | P57: SJI10216ZZ | R57: Séc măng 4LE1/4LE2 (2-1.75-4) SJI10216ZZ - NPR | S57: =IF(OR('⚙️ BỘ HƠI'!$H$40=0,'⚙️ BỘ HƠI'!$H$2="",$C57="",LEFT($C57,1)="◆"),99999,IF(OR(ISNUMBER(SEARCH('⚙️ BỘ HƠI'!$H$2,$C57)),ISNUMBER(SEARCH($C57,'⚙️ BỘ HƠI'!$H$2))),ROW()-2,99999)) -> 99999
A58: HH081058 | B58: ISUZU | C58: 4LE1/4LE2 | D58: 85 | G58: 2HK-2-3 | H58: TP | I58: 1Máy | R58: Séc măng 4LE1/4LE2 (2HK-2-3) - TP | S58: =IF(OR('⚙️ BỘ HƠI'!$H$40=0,'⚙️ BỘ HƠI'!$H$2="",$C58="",LEFT($C58,1)="◆"),99999,IF(OR(ISNUMBER(SEARCH('⚙️ BỘ HƠI'!$H$2,$C58)),ISNUMBER(SEARCH($C58,'⚙️ BỘ HƠI'!$H$2))),ROW()-2,99999)) -> 99999
A59: HH084329 | B59: ISUZU | C59: 4LE1/4LE2/nhớt/Thép | D59: 85 | G59: 2-1.75-4 | H59: HENWEIT 'R-IS39-00 | I59: 1Máy | P59: 8-97141-208-0 | R59: Séc măng Isuzu 4LE1/ 4LE2/ 8-97141-208-0 (2-1.75-4) nhớt Thép - HENWEIT 'R-IS39-00 | S59: =IF(OR('⚙️ BỘ HƠI'!$H$40=0,'⚙️ BỘ HƠI'!$H$2="",$C59="",LEFT($C59,1)="◆"),99999,IF(OR(ISNUMBER(SEARCH('⚙️ BỘ HƠI'!$H$2,$C59)),ISNUMBER(SEARCH($C59,'⚙️ BỘ HƠI'!$H$2))),ROW()-2,99999)) -> 99999
A60: HH00021 | B60: ISUZU | C60: C190/C240 | D60: 86 | E60: kiếng | F60: không mạ | G60: 2-2-2-5 | H60: NPR | I60: 1Máy | P60: SDI10051ZZ | R60: Séc măng C190 C240/ 2-2-2-5 (SDI10051ZZ) không mạ - NPR | S60: =IF(OR('⚙️ BỘ HƠI'!$H$40=0,'⚙️ BỘ HƠI'!$H$2="",$C60="",LEFT($C60,1)="◆"),99999,IF(OR(ISNUMBER(SEARCH('⚙️ BỘ HƠI'!$H$2,$C60)),ISNUMBER(SEARCH($C60,'⚙️ BỘ HƠI'!$H$2))),ROW()-2,99999)) -> 99999
A61: HH084147 | B61: ISUZU | C61: C190/C240 | D61: 86 | E61: gang | F61: có mạ | G61: 2-2-2-5 | H61: HENWEIT, R-IS07-00 | I61: Máy | R61: Séc măng Isuzu C190/ C240 (2-2-2-5) có mạ - HENWEIT, R-IS07-00 | S61: =IF(OR('⚙️ BỘ HƠI'!$H$40=0,'⚙️ BỘ HƠI'!$H$2="",$C61="",LEFT($C61,1)="◆"),99999,IF(OR(ISNUMBER(SEARCH('⚙️ BỘ HƠI'!$H$2,$C61)),ISNUMBER(SEARCH($C61,'⚙️ BỘ HƠI'!$H$2))),ROW()-2,99999)) -> 99999
A62: HH083707 | B62: ISUZU | C62: C190/C240/1thép+KO/mạ/XL/KIẾNG | D62: 86 | G62: 2-2-2-5 | H62: NPR | I62: Máy | P62: SDI10051ZX | R62: Séc măng C190 C240/ SDI10051ZX (2-2-2-5) 1thép+KO mạ, XL KIẾNG, HỘP4 - NPR | S62: =IF(OR('⚙️ BỘ HƠI'!$H$40=0,'⚙️ BỘ HƠI'!$H$2="",$C62="",LEFT($C62,1)="◆"),99999,IF(OR(ISNUMBER(SEARCH('⚙️ BỘ HƠI'!$H$2,$C62)),ISNUMBER(SEARCH($C62,'⚙️ BỘ HƠI'!$H$2))),ROW()-2,99999)) -> 99999
A63: HH075161 | B63: ISUZU | C63: C190/C240/dùng/cho/xl/gang | D63: 86 | G63: 2-2-2-5 | H63: ART | I63: Máy | P63: 15608602 | R63: Séc măng C190/ C240 (2-2-2-5) dùng cho xl gang 15608602 - ART | S63: =IF(OR('⚙️ BỘ HƠI'!$H$40=0,'⚙️ BỘ HƠI'!$H$2="",$C63="",LEFT($C63,1)="◆"),99999,IF(OR(ISNUMBER(SEARCH('⚙️ BỘ HƠI'!$H$2,$C63)),ISNUMBER(SEARCH($C63,'⚙️ BỘ HƠI'!$H$2))),ROW()-2,99999)) -> 99999
A64: HH071331 | B64: ISUZU | C64: C190G/C240 | D64: 86 | E64: gang | F64: có mạ | G64: 2-2-2-5 | H64: NPR | I64: 1Máy | P64: SDI10083ZX | R64: Séc măng C190G/ C240 (2-2-2-5) có mạ/ SDI10083ZX - NPR | S64: =IF(OR('⚙️ BỘ HƠI'!$H$40=0,'⚙️ BỘ HƠI'!$H$2="",$C64="",LEFT($C64,1)="◆"),99999,IF(OR(ISNUMBER(SEARCH('⚙️ BỘ HƠI'!$H$2,$C64)),ISNUMBER(SEARCH($C64,'⚙️ BỘ HƠI'!$H$2))),ROW()-2,99999)) -> 99999
A65: HH074894 | B65: ISUZU | C65: C190G/C240/New/2.5/-2-/5 | D65: 86 | E65: gang | F65: có mạ | H65: TP | I65: 1Máy | R65: Séc măng C190G/C240 New (2.5 -2- 5) có mạ - TP | S65: =IF(OR('⚙️ BỘ HƠI'!$H$40=0,'⚙️ BỘ HƠI'!$H$2="",$C65="",LEFT($C65,1)="◆"),99999,IF(OR(ISNUMBER(SEARCH('⚙️ BỘ HƠI'!$H$2,$C65)),ISNUMBER(SEARCH($C65,'⚙️ BỘ HƠI'!$H$2))),ROW()-2,99999)) -> 99999
A66: HH074330 | B66: ISUZU | C66: C190G/C240/cho/sơ/mi/gang | D66: 86 | E66: gang | F66: có mạ | G66: 2-2-2-5 | H66: TP | I66: 1Máy | R66: Séc măng C190G/ C240 (2-2-2-5) có mạ cho sơ mi gang - TP | S66: =IF(OR('⚙️ BỘ HƠI'!$H$40=0,'⚙️ BỘ HƠI'!$H$2="",$C66="",LEFT($C66,1)="◆"),99999,IF(OR(ISNUMBER(SEARCH('⚙️ BỘ HƠI'!$H$2,$C66)),ISNUMBER(SEARCH($C66,'⚙️ BỘ HƠI'!$H$2))),ROW()-2,99999)) -> 99999
A67: HH081983 | B67: ISUZU | C67: C190G/C240/cos4 | D67: 86 | E67: gang | F67: có mạ | G67: 2-2-2-5 | H67: NPR | I67: 1Máy | R67: Séc măng C190G/ C240 (2-2-2-5) có mạ cos4 - NPR | S67: =IF(OR('⚙️ BỘ HƠI'!$H$40=0,'⚙️ BỘ HƠI'!$H$2="",$C67="",LEFT($C67,1)="◆"),99999,IF(OR(ISNUMBER(SEARCH('⚙️ BỘ HƠI'!$H$2,$C67)),ISNUMBER(SEARCH($C67,'⚙️ BỘ HƠI'!$H$2))),ROW()-2,99999)) -> 99999
A68: HH071204 | B68: ISUZU | C68: C190G/COS/2 | D68: 86 | E68: gang | F68: có mạ | G68: 2-2-2-5 | H68: RIK | I68: 1Máy | R68: Séc măng C190G (2-2-2-5) có mạ COS 2 - RIK | S68: =IF(OR('⚙️ BỘ HƠI'!$H$40=0,'⚙️ BỘ HƠI'!$H$2="",$C68="",LEFT($C68,1)="◆"),99999,IF(OR(ISNUMBER(SEARCH('⚙️ BỘ HƠI'!$H$2,$C68)),ISNUMBER(SEARCH($C68,'⚙️ BỘ HƠI'!$H$2))),ROW()-2,99999)) -> 99999
A69: HH080140 | B69: ISUZU | C69: C240- | D69: 86 | E69: kiếng | F69: không mạ | G69: 2-2-2-5 | H69: -TP | I69: 1Máy | R69: Séc măng C240-(2-2-2-5)-không mạ -TP | S69: =IF(OR('⚙️ BỘ HƠI'!$H$40=0,'⚙️ BỘ HƠI'!$H$2="",$C69="",LEFT($C69,1)="◆"),99999,IF(OR(ISNUMBER(SEARCH('⚙️ BỘ HƠI'!$H$2,$C69)),ISNUMBER(SEARCH($C69,'⚙️ BỘ HƠI'!$H$2))),ROW()-2,99999)) -> 99999
A70: HH075160 | B70: ISUZU | C70: C240/C190/dùng/cho/xl/gang | D70: 86 | G70: 2.5-2-5 | H70: ART | I70: Máy | P70: 15608601 | R70: Séc măng C240/C190 (2.5-2-5) dùng cho xl gang 15608601 - ART | S70: =IF(OR('⚙️ BỘ HƠI'!$H$40=0,'⚙️ BỘ HƠI'!$H$2="",$C70="",LEFT($C70,1)="◆"),99999,IF(OR(ISNUMBER(SEARCH('⚙️ BỘ HƠI'!$H$2,$C70)),ISNUMBER(SEARCH($C70,'⚙️ BỘ HƠI'!$H$2))),ROW()-2,99999)) -> 99999
A71: HH078675 | B71: ISUZU | C71: C240/New/2.5/-2-/5 | D71: 86 | E71: kiếng | F71: không mạ | H71: IZUMI | I71: 1Máy | R71: Séc măng C240 New (2.5 -2- 5) không mạ - IZUMI | S71: =IF(OR('⚙️ BỘ HƠI'!$H$40=0,'⚙️ BỘ HƠI'!$H$2="",$C71="",LEFT($C71,1)="◆"),99999,IF(OR(ISNUMBER(SEARCH('⚙️ BỘ HƠI'!$H$2,$C71)),ISNUMBER(SEARCH($C71,'⚙️ BỘ HƠI'!$H$2))),ROW()-2,99999)) -> 99999
A72: HH074561 | B72: ISUZU | C72: C240/New/C190/2.5/-2-/5 | D72: 86 | E72: kiếng | F72: không mạ | H72: TP | I72: 1Máy | R72: Séc măng C240 New / C190 (2.5 -2- 5) không mạ - TP | S72: =IF(OR('⚙️ BỘ HƠI'!$H$40=0,'⚙️ BỘ HƠI'!$H$2="",$C72="",LEFT($C72,1)="◆"),99999,IF(OR(ISNUMBER(SEARCH('⚙️ BỘ HƠI'!$H$2,$C72)),ISNUMBER(SEARCH($C72,'⚙️ BỘ HƠI'!$H$2))),ROW()-2,99999)) -> 99999
A73: HH071117 | B73: ISUZU | C73: Isu/C240/C190/BỘ4 | D73: 86 | E73: gang | F73: có mạ | G73: 2.5-2-5 | H73: NPR | I73: Máy | P73: SDI10093ZZ | R73: Séc măng Isu C240/C190/SDI10093ZZ (2.5-2-5) CÓ mạ, BỘ4- NPR | S73: =IF(OR('⚙️ BỘ HƠI'!$H$40=0,'⚙️ BỘ HƠI'!$H$2="",$C73="",LEFT($C73,1)="◆"),99999,IF(OR(ISNUMBER(SEARCH('⚙️ BỘ HƠI'!$H$2,$C73)),ISNUMBER(SEARCH($C73,'⚙️ BỘ HƠI'!$H$2))),ROW()-2,99999)) -> 99999
A74: HH071116 | B74: ISUZU | C74: Isu/C240/C190/KO/mạ/BỘ4 | D74: 86 | G74: 2.5-2-5 | H74: NPR | I74: Máy | P74: SDI10095ZZ | R74: Séc măng Isu C240/C190/SDI10095ZZ (2.5-2-5) KO mạ, BỘ4- NPR | S74: =IF(OR('⚙️ BỘ HƠI'!$H$40=0,'⚙️ BỘ HƠI'!$H$2="",$C74="",LEFT($C74,1)="◆"),99999,IF(OR(ISNUMBER(SEARCH('⚙️ BỘ HƠI'!$H$2,$C74)),ISNUMBER(SEARCH($C74,'⚙️ BỘ HƠI'!$H$2))),ROW()-2,99999)) -> 99999
A75: HH080617 | B75: ISUZU | C75: Isu/C223/4JC1/KO/mạ | D75: 88 | G75: 2-2-4 | H75: NPR | I75: Máy | P75: SDI10103ZZ | R75: Séc măng Isu C223/ SDI10103ZZ (2-2-4) 4JC1 KO mạ, HỘP4 - NPR | S75: =IF(OR('⚙️ BỘ HƠI'!$H$40=0,'⚙️ BỘ HƠI'!$H$2="",$C75="",LEFT($C75,1)="◆"),99999,IF(OR(ISNUMBER(SEARCH('⚙️ BỘ HƠI'!$H$2,$C75)),ISNUMBER(SEARCH($C75,'⚙️ BỘ HƠI'!$H$2))),ROW()-2,99999)) -> 99999
A76: HH070829 | B76: ISUZU | C76: Isu/D201/4JC1/1+4/thép/BỘ4 | D76: 88 | G76: 2-2-2-4 | H76: NPR | I76: Máy | P76: SDI10124ZX | R76: Séc măng Isu D201/ SDI10124ZX (2-2-2-4) 4JC1, 1+4 thép, BỘ4 - NPR | S76: =IF(OR('⚙️ BỘ HƠI'!$H$40=0,'⚙️ BỘ HƠI'!$H$2="",$C76="",LEFT($C76,1)="◆"),99999,IF(OR(ISNUMBER(SEARCH('⚙️ BỘ HƠI'!$H$2,$C76)),ISNUMBER(SEARCH($C76,'⚙️ BỘ HƠI'!$H$2))),ROW()-2,99999)) -> 99999
A77: HH073214 | B77: ISUZU | C77: 4JA1/4JB1 | D77: 93 | H77: TP | I77: Cái | R77: Séc măng 4JA1/4JB1 - TP | S77: =IF(OR('⚙️ BỘ HƠI'!$H$40=0,'⚙️ BỘ HƠI'!$H$2="",$C77="",LEFT($C77,1)="◆"),99999,IF(OR(ISNUMBER(SEARCH('⚙️ BỘ HƠI'!$H$2,$C77)),ISNUMBER(SEARCH($C77,'⚙️ BỘ HƠI'!$H$2))),ROW()-2,99999)) -> 99999
A78: HH074319 | B78: ISUZU | C78: 4JA1/4JB1-V | D78: 93 | E78: gang | F78: có mạ | H78: TP | I78: Máy | R78: Séc măng 4JA1/4JB1-V có mạ - TP | S78: =IF(OR('⚙️ BỘ HƠI'!$H$40=0,'⚙️ BỘ HƠI'!$H$2="",$C78="",LEFT($C78,1)="◆"),99999,IF(OR(ISNUMBER(SEARCH('⚙️ BỘ HƠI'!$H$2,$C78)),ISNUMBER(SEARCH($C78,'⚙️ BỘ HƠI'!$H$2))),ROW()-2,99999)) -> 99999
A79: HH083927 | B79: ISUZU | C79: 4JB1/493 | D79: 93 | E79: gang | F79: có mạ | G79: 3K-2-3.5 | H79: HENWEIT, R-IS43-00 | I79: Máy | R79: Séc măng Isuzu 4JB1/ 493 (có mạ) / 3K-2-3.5 - HENWEIT, R-IS43-00 | S79: =IF(OR('⚙️ BỘ HƠI'!$H$40=0,'⚙️ BỘ HƠI'!$H$2="",$C79="",LEFT($C79,1)="◆"),99999,IF(OR(ISNUMBER(SEARCH('⚙️ BỘ HƠI'!$H$2,$C79)),ISNUMBER(SEARCH($C79,'⚙️ BỘ HƠI'!$H$2))),ROW()-2,99999)) -> 99999
A80: HH079791 | B80: ISUZU | C80: 4JB1/4JA1 | D80: 93 | E80: kiếng | F80: không mạ | G80: 2-2-4 | H80: IZ IKAZU | I80: Máy | R80: Séc măng 4JB1 / 4JA1 / 2-2-4 không mạ - IZ IKAZU | S80: =IF(OR('⚙️ BỘ HƠI'!$H$40=0,'⚙️ BỘ HƠI'!$H$2="",$C80="",LEFT($C80,1)="◆"),99999,IF(OR(ISNUMBER(SEARCH('⚙️ BỘ HƠI'!$H$2,$C80)),ISNUMBER(SEARCH($C80,'⚙️ BỘ HƠI'!$H$2))),ROW()-2,99999)) -> 99999
A81: HH077618 | B81: ISUZU | C81: 4JB1/4JA1 | D81: 93 | E81: kiếng | F81: không mạ | G81: 2-2-4 | H81: IZUMI | I81: Máy | R81: Séc măng 4JB1 / 4JA1 / 2-2-4 không mạ - IZUMI | S81: =IF(OR('⚙️ BỘ HƠI'!$H$40=0,'⚙️ BỘ HƠI'!$H$2="",$C81="",LEFT($C81,1)="◆"),99999,IF(OR(ISNUMBER(SEARCH('⚙️ BỘ HƠI'!$H$2,$C81)),ISNUMBER(SEARCH($C81,'⚙️ BỘ HƠI'!$H$2))),ROW()-2,99999)) -> 99999
A82: HH075171 | B82: ISUZU | C82: 4JB1/4JA1 | D82: 93 | E82: kiếng | F82: không mạ | G82: 2-2-4 | H82: ART | I82: Máy | P82: 15609302 | R82: Séc măng 4JB1/4JA1/ 2-2-4 (15609302) không mạ - ART | S82: =IF(OR('⚙️ BỘ HƠI'!$H$40=0,'⚙️ BỘ HƠI'!$H$2="",$C82="",LEFT($C82,1)="◆"),99999,IF(OR(ISNUMBER(SEARCH('⚙️ BỘ HƠI'!$H$2,$C82)),ISNUMBER(SEARCH($C82,'⚙️ BỘ HƠI'!$H$2))),ROW()-2,99999)) -> 99999
A83: HH080881 | B83: ISUZU | C83: 4JB1/4JA1 | D83: 93 | E83: kiếng | F83: không mạ | G83: 2-2-4 | H83: NPR | I83: 1Máy | R83: Séc măng 4JB1/4JA1/ 2-2-4 không mạ - NPR | S83: =IF(OR('⚙️ BỘ HƠI'!$H$40=0,'⚙️ BỘ HƠI'!$H$2="",$C83="",LEFT($C83,1)="◆"),99999,IF(OR(ISNUMBER(SEARCH('⚙️ BỘ HƠI'!$H$2,$C83)),ISNUMBER(SEARCH($C83,'⚙️ BỘ HƠI'!$H$2))),ROW()-2,99999)) -> 99999
A84: HH077206 | B84: ISUZU | C84: 4JB1/4JA1/-/MAHLE | D84: 93 | E84: kiếng | F84: không mạ | G84: 2-2-4 | I84: Máy | P84: 8-94247867-0 | R84: Séc măng 4JB1/4JA1/ 2-2-4 không mạ - MAHLE 8-94247867-0 | S84: =IF(OR('⚙️ BỘ HƠI'!$H$40=0,'⚙️ BỘ HƠI'!$H$2="",$C84="",LEFT($C84,1)="◆"),99999,IF(OR(ISNUMBER(SEARCH('⚙️ BỘ HƠI'!$H$2,$C84)),ISNUMBER(SEARCH($C84,'⚙️ BỘ HƠI'!$H$2))),ROW()-2,99999)) -> 99999
A85: HH075162 | B85: ISUZU | C85: 4JB1/4JA1/dùng/cho/xl/gang | D85: 93 | G85: 2-2-4 | H85: ART | I85: Máy | P85: 15609301 | R85: Séc măng 4JB1/4JA1/ 2-2-4 (dùng cho xl gang) 15609301 - ART | S85: =IF(OR('⚙️ BỘ HƠI'!$H$40=0,'⚙️ BỘ HƠI'!$H$2="",$C85="",LEFT($C85,1)="◆"),99999,IF(OR(ISNUMBER(SEARCH('⚙️ BỘ HƠI'!$H$2,$C85)),ISNUMBER(SEARCH($C85,'⚙️ BỘ HƠI'!$H$2))),ROW()-2,99999)) -> 99999
A86: HH083104 | B86: ISUZU | C86: 4JB1/ZYNP | D86: 93 | E86: kiếng | F86: không mạ | G86: 2-2-4 | H86: NSP | I86: 1Máy | R86: Séc măng ISUZU 93/ 4JB1/ 2-2-4 (không mạ) ZYNP - NSP | S86: =IF(OR('⚙️ BỘ HƠI'!$H$40=0,'⚙️ BỘ HƠI'!$H$2="",$C86="",LEFT($C86,1)="◆"),99999,IF(OR(ISNUMBER(SEARCH('⚙️ BỘ HƠI'!$H$2,$C86)),ISNUMBER(SEARCH($C86,'⚙️ BỘ HƠI'!$H$2))),ROW()-2,99999)) -> 99999
A87: HH00023 | B87: ISUZU | C87: Isu/4JB1/4JA1/Thép/XL/gang/kiếng | D87: 93 | G87: 2-2-4 | H87: NPR | I87: Máy | P87: SDI10110ZX | R87: Séc măng Isu 4JB1/4JA1/SDI10110ZX (2-2-4)Thép XL gang/kiếng HỘP4- NPR | S87: =IF(OR('⚙️ BỘ HƠI'!$H$40=0,'⚙️ BỘ HƠI'!$H$2="",$C87="",LEFT($C87,1)="◆"),99999,IF(OR(ISNUMBER(SEARCH('⚙️ BỘ HƠI'!$H$2,$C87)),ISNUMBER(SEARCH($C87,'⚙️ BỘ HƠI'!$H$2))),ROW()-2,99999)) -> 99999
A88: HH083105 | B88: ISUZU | C88: JMC493/4JB1/ZYNP | D88: 93 | E88: kiếng | F88: không mạ | G88: 3K-2-4 | H88: NSP | I88: 1Máy | R88: Séc măng ISUZU 93/ JMC493/ 4JB1/ 3K-2-4 (không mạ) ZYNP - NSP | S88: =IF(OR('⚙️ BỘ HƠI'!$H$40=0,'⚙️ BỘ HƠI'!$H$2="",$C88="",LEFT($C88,1)="◆"),99999,IF(OR(ISNUMBER(SEARCH('⚙️ BỘ HƠI'!$H$2,$C88)),ISNUMBER(SEARCH($C88,'⚙️ BỘ HƠI'!$H$2))),ROW()-2,99999)) -> 99999
A89: HH083106 | B89: ISUZU | C89: JMC493/4JB1/thép/xài/sm/kiếng/và/gang/ZYNP | D89: 93 | G89: 2.5K-2-2 | H89: NSP | I89: 1Máy | R89: Séc măng ISUZU 93/ JMC493/ 4JB1/ 2.5K-2-2 (thép xài sm kiếng và gang) ZYNP - NSP | S89: =IF(OR('⚙️ BỘ HƠI'!$H$40=0,'⚙️ BỘ HƠI'!$H$2="",$C89="",LEFT($C89,1)="◆"),99999,IF(OR(ISNUMBER(SEARCH('⚙️ BỘ HƠI'!$H$2,$C89)),ISNUMBER(SEARCH($C89,'⚙️ BỘ HƠI'!$H$2))),ROW()-2,99999)) -> 99999
A90: HH083282 | B90: ISUZU | C90: JX493/4JB1/xl/gang | D90: 93 | E90: gang | F90: có mạ | G90: 2.8K-2-3 | H90: IZ IKAZU | I90: Máy | R90: Séc măng Isuzu JX493/ 4JB1/ 2.8K-2-3, CÓ mạ, xl gang - IZ IKAZU | S90: =IF(OR('⚙️ BỘ HƠI'!$H$40=0,'⚙️ BỘ HƠI'!$H$2="",$C90="",LEFT($C90,1)="◆"),99999,IF(OR(ISNUMBER(SEARCH('⚙️ BỘ HƠI'!$H$2,$C90)),ISNUMBER(SEARCH($C90,'⚙️ BỘ HƠI'!$H$2))),ROW()-2,99999)) -> 99999
A91: HH080378 | B91: ISUZU | C91: 4JG2/4JG1 | D91: 95.4 | E91: kiếng | F91: không mạ | G91: 2.5-2-4 | H91: IZ IKAZU | I91: 1Máy | R91: Séc măng 4JG2/4JG1 (2.5-2-4) không mạ - IZ IKAZU | S91: =IF(OR('⚙️ BỘ HƠI'!$H$40=0,'⚙️ BỘ HƠI'!$H$2="",$C91="",LEFT($C91,1)="◆"),99999,IF(OR(ISNUMBER(SEARCH('⚙️ BỘ HƠI'!$H$2,$C91)),ISNUMBER(SEARCH($C91,'⚙️ BỘ HƠI'!$H$2))),ROW()-2,99999)) -> 99999
A92: HH073194 | B92: ISUZU | C92: 4JG2/4JG1 | D92: 95.4 | E92: kiếng | F92: không mạ | G92: 2.5-2-4 | H92: TP | I92: 1Máy | R92: Séc măng 4JG2/4JG1 (2.5-2-4) không mạ - TP | S92: =IF(OR('⚙️ BỘ HƠI'!$H$40=0,'⚙️ BỘ HƠI'!$H$2="",$C92="",LEFT($C92,1)="◆"),99999,IF(OR(ISNUMBER(SEARCH('⚙️ BỘ HƠI'!$H$2,$C92)),ISNUMBER(SEARCH($C92,'⚙️ BỘ HƠI'!$H$2))),ROW()-2,99999)) -> 99999
A93: HH074055 | B93: ISUZU | C93: 4JG2/4JG1/mạ | D93: 95.4 | G93: 2.5-2-4 | H93: TP | I93: 1Máy | R93: Séc măng 4JG2/4JG1 (2.5-2-4) mạ - TP | S93: =IF(OR('⚙️ BỘ HƠI'!$H$40=0,'⚙️ BỘ HƠI'!$H$2="",$C93="",LEFT($C93,1)="◆"),99999,IF(OR(ISNUMBER(SEARCH('⚙️ BỘ HƠI'!$H$2,$C93)),ISNUMBER(SEARCH($C93,'⚙️ BỘ HƠI'!$H$2))),ROW()-2,99999)) -> 99999
A94: HH077658 | B94: ISUZU | C94: 4JJ1 | D94: 95.4 | E94: gang | F94: có mạ | G94: 2HK-2-3 | H94: TP | I94: Cái | R94: Séc măng 4JJ1 (2HK-2-3) có mạ - TP | S94: =IF(OR('⚙️ BỘ HƠI'!$H$40=0,'⚙️ BỘ HƠI'!$H$2="",$C94="",LEFT($C94,1)="◆"),99999,IF(OR(ISNUMBER(SEARCH('⚙️ BỘ HƠI'!$H$2,$C94)),ISNUMBER(SEARCH($C94,'⚙️ BỘ HƠI'!$H$2))),ROW()-2,99999)) -> 99999
A95: HH077657 | B95: ISUZU | C95: 4JJ1-TC | D95: 95.4 | E95: gang | F95: có mạ | G95: 2HK-1.5-3 | H95: TP | I95: Máy | R95: Séc măng 4JJ1-TC (2HK-1.5-3) có mạ - TP | S95: =IF(OR('⚙️ BỘ HƠI'!$H$40=0,'⚙️ BỘ HƠI'!$H$2="",$C95="",LEFT($C95,1)="◆"),99999,IF(OR(ISNUMBER(SEARCH('⚙️ BỘ HƠI'!$H$2,$C95)),ISNUMBER(SEARCH($C95,'⚙️ BỘ HƠI'!$H$2))),ROW()-2,99999)) -> 99999
A96: HH071510 | B96: ISUZU | C96: Isu/4JG2/4JG1/KO/mạ | D96: 95.4 | G96: 2.5-2-4 | H96: NPR | I96: Máy | P96: SDI10141ZZ | R96: Séc măng Isu 4JG2/ SDI10141ZZ (2.5-2-4) 4JG1, KO mạ, HỘP4 - NPR | S96: =IF(OR('⚙️ BỘ HƠI'!$H$40=0,'⚙️ BỘ HƠI'!$H$2="",$C96="",LEFT($C96,1)="◆"),99999,IF(OR(ISNUMBER(SEARCH('⚙️ BỘ HƠI'!$H$2,$C96)),ISNUMBER(SEARCH($C96,'⚙️ BỘ HƠI'!$H$2))),ROW()-2,99999)) -> 99999
A97: HH072180 | B97: ISUZU | C97: Isu/4JH1/95.4/KO/mạ/nhớt/thép/xl/kiếng | D97: 95.4 | G97: 2.5-2-3 | H97: NPR | I97: Máy | P97: SDI10193ZZ | R97: Séc măng Isu 4JH1/ SDI10193ZZ/ 95.4(2.5-2-3) KO mạ, nhớt thép, xl kiếng, HỘP4- NPR | S97: =IF(OR('⚙️ BỘ HƠI'!$H$40=0,'⚙️ BỘ HƠI'!$H$2="",$C97="",LEFT($C97,1)="◆"),99999,IF(OR(ISNUMBER(SEARCH('⚙️ BỘ HƠI'!$H$2,$C97)),ISNUMBER(SEARCH($C97,'⚙️ BỘ HƠI'!$H$2))),ROW()-2,99999)) -> 99999
A98: HH00009 | B98: ISUZU | C98: Isu/4JJ1-TC/1+3thép | D98: 95.4 | G98: 2HK-2-3 | H98: NPR | I98: Máy | P98: SDI10215ZZ | R98: Séc măng Isu 4JJ1-TC/SDI10215ZZ (2HK-2-3) 1+3thép, HỘP4 - NPR | S98: =IF(OR('⚙️ BỘ HƠI'!$H$40=0,'⚙️ BỘ HƠI'!$H$2="",$C98="",LEFT($C98,1)="◆"),99999,IF(OR(ISNUMBER(SEARCH('⚙️ BỘ HƠI'!$H$2,$C98)),ISNUMBER(SEARCH($C98,'⚙️ BỘ HƠI'!$H$2))),ROW()-2,99999)) -> 99999
A99: HH00010 | B99: ISUZU | C99: Isu/4JJ1-TC/THÉP | D99: 95.4 | G99: 2HK-1.5-3 | H99: NPR | I99: Máy | P99: SDI10209ZZ | R99: Séc măng Isu 4JJ1-TC/SDI10209ZZ (2HK-1.5-3) THÉP, HỘP4 - NPR | S99: =IF(OR('⚙️ BỘ HƠI'!$H$40=0,'⚙️ BỘ HƠI'!$H$2="",$C99="",LEFT($C99,1)="◆"),99999,IF(OR(ISNUMBER(SEARCH('⚙️ BỘ HƠI'!$H$2,$C99)),ISNUMBER(SEARCH($C99,'⚙️ BỘ HƠI'!$H$2))),ROW()-2,99999)) -> 99999
A100: HH081455 | B100: ISUZU | C100: Isu/4KH1/95.4/4JH1/THÉP/XL/gang/kiếng | D100: 95.4 | G100: 2.5-2-3 | H100: NPR | I100: Máy | P100: SDI10224ZZ0 | R100: Séc măng Isu 4KH1/ SDI10224ZZ0/95.4 (2.5-2-3) 4JH1, THÉP, XL gang/kiếng, HỘP4- NPR | S100: =IF(OR('⚙️ BỘ HƠI'!$H$40=0,'⚙️ BỘ HƠI'!$H$2="",$C100="",LEFT($C100,1)="◆"),99999,IF(OR(ISNUMBER(SEARCH('⚙️ BỘ HƠI'!$H$2,$C100)),ISNUMBER(SEARCH($C100,'⚙️ BỘ HƠI'!$H$2))),ROW()-2,99999)) -> 99999
...

Sheet 🔧 XY LANH
A1: 🔧 XY LANH — dữ liệu thật từ v10 (Mã HH/giá/kiếng-gang để trống điền sau)
A2: 🏷️ Mã HH | B2: 🏭 Hãng | C2: ⚙️ Mã ĐC | D2: Số máy | E2: Kiểu | F2: Xoáy | G2: Doa | H2: Thông số | I2: Ghi chú | J2: 🏷️ Thương hiệu | K2: 📐 ĐK | L2: 📦 ĐVT | M2: 💰 Vốn | N2: 🟢 VIP | O2: 🟡 Ưu đãi | P2: 🔵 Đại lý | Q2: 🟣 Gara | R2: 📦 Tồn | S2: _TÊN | T2: _KEY | U2: _AUTO | V2: 💡 Gợi ý Mã HH
B3: ◆ HINO (52 sản phẩm) | T3: =IF($S3="","",$S3) | U3: =IF(OR('⚙️ BỘ HƠI'!$H$40=0,'⚙️ BỘ HƠI'!$H$2="",$C3="",LEFT($C3,1)="◆"),99999,IF(OR(ISNUMBER(SEARCH('⚙️ BỘ HƠI'!$H$2,$C3)),ISNUMBER(SEARCH($C3,'⚙️ BỘ HƠI'!$H$2))),ROW()-2,99999)) -> 99999
A4: HH080200 | B4: HINO | C4: DM100 | H4: 11467-1601 | J4: IZ IKAZU | K4: 90 | L4: Cái | N4: 1480000 | O4: 1580000 | P4: 1680000 | S4: Xy lanh Hino DM100 (11467-1601) - IZ IKAZU | T4: =IF($S4="","",$S4) -> Xy lanh Hino DM100 (11467-1601) - IZ IKAZU | U4: =IF(OR('⚙️ BỘ HƠI'!$H$40=0,'⚙️ BỘ HƠI'!$H$2="",$C4="",LEFT($C4,1)="◆"),99999,IF(OR(ISNUMBER(SEARCH('⚙️ BỘ HƠI'!$H$2,$C4)),ISNUMBER(SEARCH($C4,'⚙️ BỘ HƠI'!$H$2))),ROW()-2,99999)) -> 99999 | V4: ⚠️ HH070448, HH073131
A5: HH0638 | B5: HINO | C5: DM100 | H5: 11467-1601 | J5: IZUMI | K5: 90 | L5: Cái | S5: Xy lanh DM100 (11467-1601) - IZUMI | T5: =IF($S5="","",$S5) -> Xy lanh DM100 (11467-1601) - IZUMI | U5: =IF(OR('⚙️ BỘ HƠI'!$H$40=0,'⚙️ BỘ HƠI'!$H$2="",$C5="",LEFT($C5,1)="◆"),99999,IF(OR(ISNUMBER(SEARCH('⚙️ BỘ HƠI'!$H$2,$C5)),ISNUMBER(SEARCH($C5,'⚙️ BỘ HƠI'!$H$2))),ROW()-2,99999)) -> 99999 | V5: ⚠️ HH070449, HH080195
A6: HH081232 | B6: HINO | C6: EC100 | H6: 11467-1130 | J6: IZ IKAZU | K6: 97 | L6: Cái | N6: 1500000 | O6: 1600000 | P6: 1700000 | S6: Xy lanh EC100 (11467-1130) - IZ IKAZU | T6: =IF($S6="","",$S6) -> Xy lanh EC100 (11467-1130) - IZ IKAZU | U6: =IF(OR('⚙️ BỘ HƠI'!$H$40=0,'⚙️ BỘ HƠI'!$H$2="",$C6="",LEFT($C6,1)="◆"),99999,IF(OR(ISNUMBER(SEARCH('⚙️ BỘ HƠI'!$H$2,$C6)),ISNUMBER(SEARCH($C6,'⚙️ BỘ HƠI'!$H$2))),ROW()-2,99999)) -> 99999
A7: HH080199 | B7: HINO | C7: W04D-T/W06D-T có lợi ron | H7: W04C, W06E | J7: IZ IKAZU | K7: 104 | L7: Cái | N7: 200000 | O7: 215000 | P7: 230000 | S7: Xy lanh HINO W04D-T/ W06D-T có lợi ron (W04C, W06E) - IZ IKAZU | T7: =IF($S7="","",$S7) -> Xy lanh HINO W04D-T/ W06D-T có lợi ron (W04C, W06E) - IZ IKAZU | U7: =IF(OR('⚙️ BỘ HƠI'!$H$40=0,'⚙️ BỘ HƠI'!$H$2="",$C7="",LEFT($C7,1)="◆"),99999,IF(OR(ISNUMBER(SEARCH('⚙️ BỘ HƠI'!$H$2,$C7)),ISNUMBER(SEARCH($C7,'⚙️ BỘ HƠI'!$H$2))),ROW()-2,99999)) -> 99999 | V7: ⚠️ HH00896, HH079040, HH084160
A8: HH073131 | B8: HINO | C8: W04D/W04C/W06D/W06E có lợi ron | F8: F/F | J8: IZUMI | K8: 104 | L8: Cái | S8: Xy lanh HINO W04D/W04C/W06D/W06E F/F có lợi ron - IZUMI | T8: =IF($S8="","",$S8) -> Xy lanh HINO W04D/W04C/W06D/W06E F/F có lợi ron - IZUMI | U8: =IF(OR('⚙️ BỘ HƠI'!$H$40=0,'⚙️ BỘ HƠI'!$H$2="",$C8="",LEFT($C8,1)="◆"),99999,IF(OR(ISNUMBER(SEARCH('⚙️ BỘ HƠI'!$H$2,$C8)),ISNUMBER(SEARCH($C8,'⚙️ BỘ HƠI'!$H$2))),ROW()-2,99999)) -> 99999 | V8: ⚠️ HH00733, HH00734, HH00891, HH071311, HH075733
A9: HH070448 | B9: HINO | C9: W04D/W04C/W06D/W06E không lợi ron | F9: F/F | J9: IZUMI | K9: 104 | L9: Cái | S9: Xy lanh HINO W04D/W04C/W06D/W06E F/F không lợi ron - IZUMI | T9: =IF($S9="","",$S9) -> Xy lanh HINO W04D/W04C/W06D/W06E F/F không lợi ron - IZUMI | U9: =IF(OR('⚙️ BỘ HƠI'!$H$40=0,'⚙️ BỘ HƠI'!$H$2="",$C9="",LEFT($C9,1)="◆"),99999,IF(OR(ISNUMBER(SEARCH('⚙️ BỘ HƠI'!$H$2,$C9)),ISNUMBER(SEARCH($C9,'⚙️ BỘ HƠI'!$H$2))),ROW()-2,99999)) -> 99999 | V9: ⚠️ HH072695, HH079243, HH079774
A10: HH080195 | B10: HINO | C10: EH100 | F10: F/F | H10: 11467-1040 | J10: IZ IKAZU | K10: 105 | L10: Cái | N10: 1100000 | O10: 1200000 | P10: 1300000 | S10: Xy lanh HINO EH100 F/F (11467-1040) - IZ IKAZU | T10: =IF($S10="","",$S10) -> Xy lanh HINO EH100 F/F (11467-1040) - IZ IKAZU | U10: =IF(OR('⚙️ BỘ HƠI'!$H$40=0,'⚙️ BỘ HƠI'!$H$2="",$C10="",LEFT($C10,1)="◆"),99999,IF(OR(ISNUMBER(SEARCH('⚙️ BỘ HƠI'!$H$2,$C10)),ISNUMBER(SEARCH($C10,'⚙️ BỘ HƠI'!$H$2))),ROW()-2,99999)) -> 99999
A11: HH070449 | B11: HINO | C11: EH100 | F11: F/F | J11: IZUMI | K11: 105 | L11: Cái | N11: 1100000 | O11: 1200000 | P11: 1300000 | S11: Xy lanh HINO EH100 F/F đời hoàn thiện - IZUMI | T11: =IF($S11="","",$S11) -> Xy lanh HINO EH100 F/F đời hoàn thiện - IZUMI | U11: =IF(OR('⚙️ BỘ HƠI'!$H$40=0,'⚙️ BỘ HƠI'!$H$2="",$C11="",LEFT($C11,1)="◆"),99999,IF(OR(ISNUMBER(SEARCH('⚙️ BỘ HƠI'!$H$2,$C11)),ISNUMBER(SEARCH($C11,'⚙️ BỘ HƠI'!$H$2))),ROW()-2,99999)) -> 99999 | V11: ⚠️ HH070782, HH082195
A12: HH079241 | B12: HINO | C12: H06C | F12: F/F | H12: 114671601 | J12: NSP | K12: 108 | L12: Cái | N12: 2750000 | O12: 2900000 | P12: 3100000 | S12: Xy lanh H06C / 114671601 F/F - NSP | T12: =IF($S12="","",$S12) -> Xy lanh H06C / 114671601 F/F - NSP | U12: =IF(OR('⚙️ BỘ HƠI'!$H$40=0,'⚙️ BỘ HƠI'!$H$2="",$C12="",LEFT($C12,1)="◆"),99999,IF(OR(ISNUMBER(SEARCH('⚙️ BỘ HƠI'!$H$2,$C12)),ISNUMBER(SEARCH($C12,'⚙️ BỘ HƠI'!$H$2))),ROW()-2,99999)) -> 99999
A13: HH082001 | B13: HINO | C13: H06C-TA/H06C | H13: 11467-1591 | J13: IZ IKAZU | K13: 108 | L13: Cái | N13: 1360000 | O13: 1450000 | P13: 1550000 | S13: Xy lanh Hino H06C-TA/H06C/ 11467-1591 - IZ IKAZU | T13: =IF($S13="","",$S13) -> Xy lanh Hino H06C-TA/H06C/ 11467-1591 - IZ IKAZU | U13: =IF(OR('⚙️ BỘ HƠI'!$H$40=0,'⚙️ BỘ HƠI'!$H$2="",$C13="",LEFT($C13,1)="◆"),99999,IF(OR(ISNUMBER(SEARCH('⚙️ BỘ HƠI'!$H$2,$C13)),ISNUMBER(SEARCH($C13,'⚙️ BỘ HƠI'!$H$2))),ROW()-2,99999)) -> 99999
A14: HH072679 | B14: HINO | C14: H06C-TA/H06C | F14: S/F | J14: NSP | K14: 108 | L14: Cái | P14: 250000 | S14: Xy lanh H06C-TA/H06C S/F bán hoàn thiện - NSP | T14: =IF($S14="","",$S14) -> Xy lanh H06C-TA/H06C S/F bán hoàn thiện - NSP | U14: =IF(OR('⚙️ BỘ HƠI'!$H$40=0,'⚙️ BỘ HƠI'!$H$2="",$C14="",LEFT($C14,1)="◆"),99999,IF(OR(ISNUMBER(SEARCH('⚙️ BỘ HƠI'!$H$2,$C14)),ISNUMBER(SEARCH($C14,'⚙️ BỘ HƠI'!$H$2))),ROW()-2,99999)) -> 99999
A15: HH068739 | B15: HINO | C15: H06C-TA/H06C | H15: 11467-1591 | J15: IZUMI | K15: 108 | L15: Cái | N15: 1200000 | O15: 1300000 | P15: 1400000 | S15: Xy lanh H06C-TA/H06C/ 11467-1591 - IZUMI | T15: =IF($S15="","",$S15) -> Xy lanh H06C-TA/H06C/ 11467-1591 - IZUMI | U15: =IF(OR('⚙️ BỘ HƠI'!$H$40=0,'⚙️ BỘ HƠI'!$H$2="",$C15="",LEFT($C15,1)="◆"),99999,IF(OR(ISNUMBER(SEARCH('⚙️ BỘ HƠI'!$H$2,$C15)),ISNUMBER(SEARCH($C15,'⚙️ BỘ HƠI'!$H$2))),ROW()-2,99999)) -> 99999
A16: HH080197 | B16: HINO | C16: DS50 | H16: 11467-1550 | J16: IZ IKAZU | K16: 110 | L16: Cái | N16: 1900000 | O16: 2000000 | P16: 2100000 | S16: Xy lanh DS50 / 11467-1550 - IZ IKAZU | T16: =IF($S16="","",$S16) -> Xy lanh DS50 / 11467-1550 - IZ IKAZU | U16: =IF(OR('⚙️ BỘ HƠI'!$H$40=0,'⚙️ BỘ HƠI'!$H$2="",$C16="",LEFT($C16,1)="◆"),99999,IF(OR(ISNUMBER(SEARCH('⚙️ BỘ HƠI'!$H$2,$C16)),ISNUMBER(SEARCH($C16,'⚙️ BỘ HƠI'!$H$2))),ROW()-2,99999)) -> 99999
A17: HH073238 | B17: HINO | C17: H07C | F17: S/F | J17: NSP | K17: 110 | L17: Cái | P17: 250000 | S17: Xy lanh H07C bán hoàn thiện S/F - NSP | T17: =IF($S17="","",$S17) -> Xy lanh H07C bán hoàn thiện S/F - NSP | U17: =IF(OR('⚙️ BỘ HƠI'!$H$40=0,'⚙️ BỘ HƠI'!$H$2="",$C17="",LEFT($C17,1)="◆"),99999,IF(OR(ISNUMBER(SEARCH('⚙️ BỘ HƠI'!$H$2,$C17)),ISNUMBER(SEARCH($C17,'⚙️ BỘ HƠI'!$H$2))),ROW()-2,99999)) -> 99999
A18: HH079240 | B18: HINO | C18: H07C | F18: F/F | H18: 114671210 | J18: NSP | K18: 110 | L18: Cái | O18: 1700000 | P18: 1800000 | S18: Xy lanh H07C/ 114671210 F/F - NSP | T18: =IF($S18="","",$S18) -> Xy lanh H07C/ 114671210 F/F - NSP | U18: =IF(OR('⚙️ BỘ HƠI'!$H$40=0,'⚙️ BỘ HƠI'!$H$2="",$C18="",LEFT($C18,1)="◆"),99999,IF(OR(ISNUMBER(SEARCH('⚙️ BỘ HƠI'!$H$2,$C18)),ISNUMBER(SEARCH($C18,'⚙️ BỘ HƠI'!$H$2))),ROW()-2,99999)) -> 99999
A19: HH079772 | B19: HINO | C19: H07C | H19: EH700/H07D | J19: IZ IKAZU | K19: 110 | L19: Cái | N19: 1360000 | O19: 1450000 | P19: 1550000 | S19: Xy lanh Hino H07C/11467-1200 (EH700/H07D) - IZ IKAZU | T19: =IF($S19="","",$S19) -> Xy lanh Hino H07C/11467-1200 (EH700/H07D) - IZ IKAZU | U19: =IF(OR('⚙️ BỘ HƠI'!$H$40=0,'⚙️ BỘ HƠI'!$H$2="",$C19="",LEFT($C19,1)="◆"),99999,IF(OR(ISNUMBER(SEARCH('⚙️ BỘ HƠI'!$H$2,$C19)),ISNUMBER(SEARCH($C19,'⚙️ BỘ HƠI'!$H$2))),ROW()-2,99999)) -> 99999
A20: HH00896 | B20: HINO | C20: H07C/EH700/H07D | H20: 11467-1200 | J20: IZUMI | K20: 110 | L20: Cái | S20: Xy lanh H07C/EH700/H07D (11467-1200) - IZUMI | T20: =IF($S20="","",$S20) -> Xy lanh H07C/EH700/H07D (11467-1200) - IZUMI | U20: =IF(OR('⚙️ BỘ HƠI'!$H$40=0,'⚙️ BỘ HƠI'!$H$2="",$C20="",LEFT($C20,1)="◆"),99999,IF(OR(ISNUMBER(SEARCH('⚙️ BỘ HƠI'!$H$2,$C20)),ISNUMBER(SEARCH($C20,'⚙️ BỘ HƠI'!$H$2))),ROW()-2,99999)) -> 99999 | V20: ⚠️ HH070509, HH081456
A21: HH079040 | B21: HINO | C21: H07C/EH700/H07D | F21: S/F | J21: IZUMI | K21: 110 | L21: Cái | N21: 1200000 | O21: 1300000 | P21: 1400000 | S21: Xy lanh H07C/EH700/H07D S/F bán hoàn thiện - IZUMI | T21: =IF($S21="","",$S21) -> Xy lanh H07C/EH700/H07D S/F bán hoàn thiện - IZUMI | U21: =IF(OR('⚙️ BỘ HƠI'!$H$40=0,'⚙️ BỘ HƠI'!$H$2="",$C21="",LEFT($C21,1)="◆"),99999,IF(OR(ISNUMBER(SEARCH('⚙️ BỘ HƠI'!$H$2,$C21)),ISNUMBER(SEARCH($C21,'⚙️ BỘ HƠI'!$H$2))),ROW()-2,99999)) -> 99999
A22: HH084160 | B22: HINO | C22: H07C/EH700/H07D | H22: 11467-1200 | J22: HENWEIT, L-HN004-00 | K22: 110 | L22: Cái | N22: 1780000 | O22: 1900000 | P22: 2050000 | S22: Xy lanh Hino H07C/ EH700/ H07D/ 11467-1200 - HENWEIT, L-HN004-00 | T22: =IF($S22="","",$S22) -> Xy lanh Hino H07C/ EH700/ H07D/ 11467-1200 - HENWEIT, L-HN004-00 | U22: =IF(OR('⚙️ BỘ HƠI'!$H$40=0,'⚙️ BỘ HƠI'!$H$2="",$C22="",LEFT($C22,1)="◆"),99999,IF(OR(ISNUMBER(SEARCH('⚙️ BỘ HƠI'!$H$2,$C22)),ISNUMBER(SEARCH($C22,'⚙️ BỘ HƠI'!$H$2))),ROW()-2,99999)) -> 99999 | V22: ⚠️ HH070830, HH080577
A23: HH071311 | B23: HINO | C23: J05E/J08E | J23: NPR | K23: 112 | L23: Cái | S23: Xy lanh J05E/J08E - NPR | T23: =IF($S23="","",$S23) -> Xy lanh J05E/J08E - NPR | U23: =IF(OR('⚙️ BỘ HƠI'!$H$40=0,'⚙️ BỘ HƠI'!$H$2="",$C23="",LEFT($C23,1)="◆"),99999,IF(OR(ISNUMBER(SEARCH('⚙️ BỘ HƠI'!$H$2,$C23)),ISNUMBER(SEARCH($C23,'⚙️ BỘ HƠI'!$H$2))),ROW()-2,99999)) -> 99999 | V23: ⚠️ HH070830, HH080577
A24: HH00891 | B24: HINO | C24: J05E/J08E | H24: 1173210 | J24: NSP | K24: 112 | L24: Cái | S24: Xy lanh J05E/J08E (1173210) - NSP | T24: =IF($S24="","",$S24) -> Xy lanh J05E/J08E (1173210) - NSP | U24: =IF(OR('⚙️ BỘ HƠI'!$H$40=0,'⚙️ BỘ HƠI'!$H$2="",$C24="",LEFT($C24,1)="◆"),99999,IF(OR(ISNUMBER(SEARCH('⚙️ BỘ HƠI'!$H$2,$C24)),ISNUMBER(SEARCH($C24,'⚙️ BỘ HƠI'!$H$2))),ROW()-2,99999)) -> 99999
A25: HH073239 | B25: HINO | C25: J05E/J08E | F25: S/F | J25: NSP | K25: 112 | L25: Cái | P25: 250000 | S25: Xy lanh J05E/J08E bán hoàn thiện S/F - NSP | T25: =IF($S25="","",$S25) -> Xy lanh J05E/J08E bán hoàn thiện S/F - NSP | U25: =IF(OR('⚙️ BỘ HƠI'!$H$40=0,'⚙️ BỘ HƠI'!$H$2="",$C25="",LEFT($C25,1)="◆"),99999,IF(OR(ISNUMBER(SEARCH('⚙️ BỘ HƠI'!$H$2,$C25)),ISNUMBER(SEARCH($C25,'⚙️ BỘ HƠI'!$H$2))),ROW()-2,99999)) -> 99999
A26: HH075734 | B26: HINO | C26: J05E/J08E/E0060 | H26: lợi cổ 3 ly | J26: MAHLE | K26: 112 | L26: Cái | N26: 3200000 | O26: 3500000 | P26: 3700000 | S26: Xy lanh J05E/J08E/ 11462-E0060 (lợi cổ 3 ly) - MAHLE | T26: =IF($S26="","",$S26) -> Xy lanh J05E/J08E/ 11462-E0060 (lợi cổ 3 ly) - MAHLE | U26: =IF(OR('⚙️ BỘ HƠI'!$H$40=0,'⚙️ BỘ HƠI'!$H$2="",$C26="",LEFT($C26,1)="◆"),99999,IF(OR(ISNUMBER(SEARCH('⚙️ BỘ HƠI'!$H$2,$C26)),ISNUMBER(SEARCH($C26,'⚙️ BỘ HƠI'!$H$2))),ROW()-2,99999)) -> 99999
A27: HH075733 | B27: HINO | C27: J05E/J08E/S1146-73210 | H27: lợi cổ 8 ly | J27: MAHLE | K27: 112 | L27: Cái | N27: 3200000 | O27: 3500000 | P27: 3700000 | S27: Xy lanh J05E/J08E/ S1146-73210 (lợi cổ 8 ly) - MAHLE | T27: =IF($S27="","",$S27) -> Xy lanh J05E/J08E/ S1146-73210 (lợi cổ 8 ly) - MAHLE | U27: =IF(OR('⚙️ BỘ HƠI'!$H$40=0,'⚙️ BỘ HƠI'!$H$2="",$C27="",LEFT($C27,1)="◆"),99999,IF(OR(ISNUMBER(SEARCH('⚙️ BỘ HƠI'!$H$2,$C27)),ISNUMBER(SEARCH($C27,'⚙️ BỘ HƠI'!$H$2))),ROW()-2,99999)) -> 99999
A28: HH079773 | B28: HINO | C28: J08E/J05E | H28: 11467-3210A | J28: IZ IKAZU | K28: 112 | L28: Cái | N28: 240000 | O28: 255000 | P28: 270000 | S28: Xy lanh HINO J08E/J05E (11467-3210A) lợi cổ 8mm - IZ IKAZU | T28: =IF($S28="","",$S28) -> Xy lanh HINO J08E/J05E (11467-3210A) lợi cổ 8mm - IZ IKAZU | U28: =IF(OR('⚙️ BỘ HƠI'!$H$40=0,'⚙️ BỘ HƠI'!$H$2="",$C28="",LEFT($C28,1)="◆"),99999,IF(OR(ISNUMBER(SEARCH('⚙️ BỘ HƠI'!$H$2,$C28)),ISNUMBER(SEARCH($C28,'⚙️ BỘ HƠI'!$H$2))),ROW()-2,99999)) -> 99999
A29: HH00733 | B29: HINO | C29: J08E/J05E | H29: 11467-3210A | J29: IZUMI | K29: 112 | L29: Cái | S29: Xy lanh HINO J08E/J05E (11467-3210A) lợi cổ 8mm - IZUMI | T29: =IF($S29="","",$S29) -> Xy lanh HINO J08E/J05E (11467-3210A) lợi cổ 8mm - IZUMI | U29: =IF(OR('⚙️ BỘ HƠI'!$H$40=0,'⚙️ BỘ HƠI'!$H$2="",$C29="",LEFT($C29,1)="◆"),99999,IF(OR(ISNUMBER(SEARCH('⚙️ BỘ HƠI'!$H$2,$C29)),ISNUMBER(SEARCH($C29,'⚙️ BỘ HƠI'!$H$2))),ROW()-2,99999)) -> 99999
A30: HH00734 | B30: HINO | C30: J08E/J05E | H30: 11467-3210B | J30: IZUMI | K30: 112 | L30: Cái | S30: Xy lanh HINO J08E/J05E (11467-3210B) lợi cổ 3mm - IZUMI | T30: =IF($S30="","",$S30) -> Xy lanh HINO J08E/J05E (11467-3210B) lợi cổ 3mm - IZUMI | U30: =IF(OR('⚙️ BỘ HƠI'!$H$40=0,'⚙️ BỘ HƠI'!$H$2="",$C30="",LEFT($C30,1)="◆"),99999,IF(OR(ISNUMBER(SEARCH('⚙️ BỘ HƠI'!$H$2,$C30)),ISNUMBER(SEARCH($C30,'⚙️ BỘ HƠI'!$H$2))),ROW()-2,99999)) -> 99999
A31: HH072695 | B31: HINO | C31: J08C/J05C | H31: 11467-2601 | J31: IZUMI | K31: 114 | L31: Cái | N31: 1400000 | O31: 1500000 | P31: 1600000 | S31: Xy lanh HINO J08C/J05C (11467-2601) lợi cổ 3mm - IZUMI | T31: =IF($S31="","",$S31) -> Xy lanh HINO J08C/J05C (11467-2601) lợi cổ 3mm - IZUMI | U31: =IF(OR('⚙️ BỘ HƠI'!$H$40=0,'⚙️ BỘ HƠI'!$H$2="",$C31="",LEFT($C31,1)="◆"),99999,IF(OR(ISNUMBER(SEARCH('⚙️ BỘ HƠI'!$H$2,$C31)),ISNUMBER(SEARCH($C31,'⚙️ BỘ HƠI'!$H$2))),ROW()-2,99999)) -> 99999 | V31: ⚠️ HH070448, HH073131
A32: HH079243 | B32: HINO | C32: J08C/J05C | F32: F/F | H32: lợi cổ 8mm | J32: NSP | K32: 114 | L32: Cái | N32: 450000 | O32: 475000 | P32: 500000 | S32: Xy lanh J08C /J05C/ 114672790 (lợi cổ 8mm) F/F - NSP | T32: =IF($S32="","",$S32) -> Xy lanh J08C /J05C/ 114672790 (lợi cổ 8mm) F/F - NSP | U32: =IF(OR('⚙️ BỘ HƠI'!$H$40=0,'⚙️ BỘ HƠI'!$H$2="",$C32="",LEFT($C32,1)="◆"),99999,IF(OR(ISNUMBER(SEARCH('⚙️ BỘ HƠI'!$H$2,$C32)),ISNUMBER(SEARCH($C32,'⚙️ BỘ HƠI'!$H$2))),ROW()-2,99999)) -> 99999
A33: HH079041 | B33: HINO | C33: J08C/J05C | F33: S/F | J33: IZUMI | K33: 114 | L33: Bộ 6 | N33: 1150000 | O33: 1200000 | P33: 1250000 | S33: Xy lanh HINO J08C/J05C lợi cổ 8mm S/F bán hoàn thiện - IZUMI | T33: =IF($S33="","",$S33) -> Xy lanh HINO J08C/J05C lợi cổ 8mm S/F bán hoàn thiện - IZUMI | U33: =IF(OR('⚙️ BỘ HƠI'!$H$40=0,'⚙️ BỘ HƠI'!$H$2="",$C33="",LEFT($C33,1)="◆"),99999,IF(OR(ISNUMBER(SEARCH('⚙️ BỘ HƠI'!$H$2,$C33)),ISNUMBER(SEARCH($C33,'⚙️ BỘ HƠI'!$H$2))),ROW()-2,99999)) -> 99999
A34: HH079774 | B34: HINO | C34: J08C/J05C lợi cổ 8mm | H34: 11467-2611 | J34: IZ IKAZU | K34: 114 | L34: Cái | N34: 1500000 | O34: 1600000 | P34: 1700000 | S34: Xy lanh HINO J08C/J05C lợi cổ 8mm (11467-2611) - IZ IKAZU | T34: =IF($S34="","",$S34) -> Xy lanh HINO J08C/J05C lợi cổ 8mm (11467-2611) - IZ IKAZU | U34: =IF(OR('⚙️ BỘ HƠI'!$H$40=0,'⚙️ BỘ HƠI'!$H$2="",$C34="",LEFT($C34,1)="◆"),99999,IF(OR(ISNUMBER(SEARCH('⚙️ BỘ HƠI'!$H$2,$C34)),ISNUMBER(SEARCH($C34,'⚙️ BỘ HƠI'!$H$2))),ROW()-2,99999)) -> 99999
A35: HH072178 | B35: HINO | C35: EB100/EB200 | H35: đối chiếu lại lỗ khuyết sam trên xy lanh | J35: IZUMI | K35: 115 | L35: Cái | N35: 2400000 | O35: 2500000 | P35: 2700000 | S35: Xy lanh EB100/EB200 (đối chiếu lại lỗ khuyết sam trên xy lanh) - IZUMI | T35: =IF($S35="","",$S35) -> Xy lanh EB100/EB200 (đối chiếu lại lỗ khuyết sam trên xy lanh) - IZUMI | U35: =IF(OR('⚙️ BỘ HƠI'!$H$40=0,'⚙️ BỘ HƠI'!$H$2="",$C35="",LEFT($C35,1)="◆"),99999,IF(OR(ISNUMBER(SEARCH('⚙️ BỘ HƠI'!$H$2,$C35)),ISNUMBER(SEARCH($C35,'⚙️ BỘ HƠI'!$H$2))),ROW()-2,99999)) -> 99999 | V35: ⚠️ HH072695, HH079243, HH079774
A36: HH082195 | B36: HINO | C36: EL100 | H36: 11467-1240 | J36: IZ IKAZU | K36: 116 | L36: Cái | N36: 1750000 | O36: 1850000 | P36: 1950000 | S36: Xy lanh Hino EL100 /11467-1240 - IZ IKAZU | T36: =IF($S36="","",$S36) -> Xy lanh Hino EL100 /11467-1240 - IZ IKAZU | U36: =IF(OR('⚙️ BỘ HƠI'!$H$40=0,'⚙️ BỘ HƠI'!$H$2="",$C36="",LEFT($C36,1)="◆"),99999,IF(OR(ISNUMBER(SEARCH('⚙️ BỘ HƠI'!$H$2,$C36)),ISNUMBER(SEARCH($C36,'⚙️ BỘ HƠI'!$H$2))),ROW()-2,99999)) -> 99999 | V36: ⚠️ HH00733, HH00734, HH00891, HH071311, HH075733
A37: HH070782 | B37: HINO | C37: EL100 | J37: IZUMI | K37: 116 | L37: Cái | S37: Xy lanh EL100 - IZUMI | T37: =IF($S37="","",$S37) -> Xy lanh EL100 - IZUMI | U37: =IF(OR('⚙️ BỘ HƠI'!$H$40=0,'⚙️ BỘ HƠI'!$H$2="",$C37="",LEFT($C37,1)="◆"),99999,IF(OR(ISNUMBER(SEARCH('⚙️ BỘ HƠI'!$H$2,$C37)),ISNUMBER(SEARCH($C37,'⚙️ BỘ HƠI'!$H$2))),ROW()-2,99999)) -> 99999
A38: HH072026 | B38: HINO | C38: DK10 | H38: 11467-1380 | J38: IZUMI | K38: 120 | L38: Cái | N38: 2600000 | O38: 2750000 | P38: 2900000 | S38: Xy lanh DK10 / 11467-1380 - IZUMI | T38: =IF($S38="","",$S38) -> Xy lanh DK10 / 11467-1380 - IZUMI | U38: =IF(OR('⚙️ BỘ HƠI'!$H$40=0,'⚙️ BỘ HƠI'!$H$2="",$C38="",LEFT($C38,1)="◆"),99999,IF(OR(ISNUMBER(SEARCH('⚙️ BỘ HƠI'!$H$2,$C38)),ISNUMBER(SEARCH($C38,'⚙️ BỘ HƠI'!$H$2))),ROW()-2,99999)) -> 99999
A39: HH081568 | B39: HINO | C39: EP100/P09C | H39: 11467-1730 | J39: IZ IKAZU | K39: 120 | L39: Cái | N39: 1600000 | O39: 1700000 | P39: 1850000 | S39: Xy lanh EP100/P09C/ 11467-1730 - IZ IKAZU | T39: =IF($S39="","",$S39) -> Xy lanh EP100/P09C/ 11467-1730 - IZ IKAZU | U39: =IF(OR('⚙️ BỘ HƠI'!$H$40=0,'⚙️ BỘ HƠI'!$H$2="",$C39="",LEFT($C39,1)="◆"),99999,IF(OR(ISNUMBER(SEARCH('⚙️ BỘ HƠI'!$H$2,$C39)),ISNUMBER(SEARCH($C39,'⚙️ BỘ HƠI'!$H$2))),ROW()-2,99999)) -> 99999 | V39: ⚠️ HH070450, HH081567
A40: HH070726 | B40: HINO | C40: P11C | H40: không gờ ron | J40: IZ IKAZU | K40: 122 | L40: Cái | N40: 1500000 | O40: 1600000 | P40: 1700000 | S40: Xy lanh Hino P11C / 11467-2710 (không gờ ron) - IZ IKAZU | T40: =IF($S40="","",$S40) -> Xy lanh Hino P11C / 11467-2710 (không gờ ron) - IZ IKAZU | U40: =IF(OR('⚙️ BỘ HƠI'!$H$40=0,'⚙️ BỘ HƠI'!$H$2="",$C40="",LEFT($C40,1)="◆"),99999,IF(OR(ISNUMBER(SEARCH('⚙️ BỘ HƠI'!$H$2,$C40)),ISNUMBER(SEARCH($C40,'⚙️ BỘ HƠI'!$H$2))),ROW()-2,99999)) -> 99999 | V40: ⚠️ HH00733, HH00734, HH00891, HH071311, HH075733
A41: HH082197 | B41: HINO | C41: EM100 | H41: 11467-1661 | J41: IZ IKAZU | K41: 124 | L41: Cái | N41: 1650000 | O41: 1750000 | P41: 1850000 | S41: Xy lanh EM100/ 11467-1661 - IZ IKAZU | T41: =IF($S41="","",$S41) -> Xy lanh EM100/ 11467-1661 - IZ IKAZU | U41: =IF(OR('⚙️ BỘ HƠI'!$H$40=0,'⚙️ BỘ HƠI'!$H$2="",$C41="",LEFT($C41,1)="◆"),99999,IF(OR(ISNUMBER(SEARCH('⚙️ BỘ HƠI'!$H$2,$C41)),ISNUMBER(SEARCH($C41,'⚙️ BỘ HƠI'!$H$2))),ROW()-2,99999)) -> 99999
A42: HH081456 | B42: HINO | C42: K13C | H42: 11467-2090 | J42: IZ IKAZU | K42: 135 | L42: Cái | N42: 2670000 | O42: 2840000 | P42: 3030000 | S42: Xy lanh Hino K13C / 11467-2090 - IZ IKAZU | T42: =IF($S42="","",$S42) -> Xy lanh Hino K13C / 11467-2090 - IZ IKAZU | U42: =IF(OR('⚙️ BỘ HƠI'!$H$40=0,'⚙️ BỘ HƠI'!$H$2="",$C42="",LEFT($C42,1)="◆"),99999,IF(OR(ISNUMBER(SEARCH('⚙️ BỘ HƠI'!$H$2,$C42)),ISNUMBER(SEARCH($C42,'⚙️ BỘ HƠI'!$H$2))),ROW()-2,99999)) -> 99999
A43: HH070509 | B43: HINO | C43: K13C | H43: 11467-2090 | J43: IZUMI | K43: 135 | L43: Cái | N43: 2450000 | O43: 2600000 | P43: 2750000 | S43: Xy lanh HINO K13C / 11467-2090 - IZUMI | T43: =IF($S43="","",$S43) -> Xy lanh HINO K13C / 11467-2090 - IZUMI | U43: =IF(OR('⚙️ BỘ HƠI'!$H$40=0,'⚙️ BỘ HƠI'!$H$2="",$C43="",LEFT($C43,1)="◆"),99999,IF(OR(ISNUMBER(SEARCH('⚙️ BỘ HƠI'!$H$2,$C43)),ISNUMBER(SEARCH($C43,'⚙️ BỘ HƠI'!$H$2))),ROW()-2,99999)) -> 99999 | V43: ⚠️ HH079776, HH20443
A44: HH070452 | B44: HINO | C44: E13C | F44: F/F | J44: IZUMI | K44: 137 | L44: Cái | N44: 1800000 | O44: 1900000 | P44: 2000000 | S44: Xy lanh HINO E13C F/F đời hoàn thiện - IZUMI | T44: =IF($S44="","",$S44) -> Xy lanh HINO E13C F/F đời hoàn thiện - IZUMI | U44: =IF(OR('⚙️ BỘ HƠI'!$H$40=0,'⚙️ BỘ HƠI'!$H$2="",$C44="",LEFT($C44,1)="◆"),99999,IF(OR(ISNUMBER(SEARCH('⚙️ BỘ HƠI'!$H$2,$C44)),ISNUMBER(SEARCH($C44,'⚙️ BỘ HƠI'!$H$2))),ROW()-2,99999)) -> 99999 | V44: ⚠️ HH072682, HH074812, HH079776, HH081781, HH20443
A45: HH080577 | B45: HINO | C45: EF750/F17D | H45: 11467-1900 | J45: IZ IKAZU | K45: 137 | L45: Cái | N45: 3500000 | O45: 3700000 | P45: 3950000 | S45: Xy lanh Hino EF750/F17D/ 11467-1900 - IZ IKAZU | T45: =IF($S45="","",$S45) -> Xy lanh Hino EF750/F17D/ 11467-1900 - IZ IKAZU | U45: =IF(OR('⚙️ BỘ HƠI'!$H$40=0,'⚙️ BỘ HƠI'!$H$2="",$C45="",LEFT($C45,1)="◆"),99999,IF(OR(ISNUMBER(SEARCH('⚙️ BỘ HƠI'!$H$2,$C45)),ISNUMBER(SEARCH($C45,'⚙️ BỘ HƠI'!$H$2))),ROW()-2,99999)) -> 99999 | V45: ⚠️ HH079776, HH20443
A46: HH070830 | B46: HINO | C46: EF750/F17D | H46: 11467-1900 | J46: IZUMI | K46: 137 | L46: Cái | S46: Xy lanh EF750/F17D/ 11467-1900 - IZUMI | T46: =IF($S46="","",$S46) -> Xy lanh EF750/F17D/ 11467-1900 - IZUMI | U46: =IF(OR('⚙️ BỘ HƠI'!$H$40=0,'⚙️ BỘ HƠI'!$H$2="",$C46="",LEFT($C46,1)="◆"),99999,IF(OR(ISNUMBER(SEARCH('⚙️ BỘ HƠI'!$H$2,$C46)),ISNUMBER(SEARCH($C46,'⚙️ BỘ HƠI'!$H$2))),ROW()-2,99999)) -> 99999
A47: HH070972 | B47: HINO | C47: EK100/EK200/K13D/EK130 | J47: IZUMI | K47: 137 | L47: Cái | N47: 2300000 | O47: 2400000 | P47: 2500000 | S47: Xy lanh EK100/ EK200/ K13D/ EK130 - IZUMI | T47: =IF($S47="","",$S47) -> Xy lanh EK100/ EK200/ K13D/ EK130 - IZUMI | U47: =IF(OR('⚙️ BỘ HƠI'!$H$40=0,'⚙️ BỘ HƠI'!$H$2="",$C47="",LEFT($C47,1)="◆"),99999,IF(OR(ISNUMBER(SEARCH('⚙️ BỘ HƠI'!$H$2,$C47)),ISNUMBER(SEARCH($C47,'⚙️ BỘ HƠI'!$H$2))),ROW()-2,99999)) -> 99999
A48: HH081569 | B48: HINO | C48: F17C/F17E | H48: 11467-1702 | J48: IZ IKAZU | K48: 139 | L48: Cái | N48: 3560000 | O48: 3780000 | P48: 4040000 | S48: Xy lanh Hino F17C/ F17E (11467-1702) - IZ IKAZU | T48: =IF($S48="","",$S48) -> Xy lanh Hino F17C/ F17E (11467-1702) - IZ IKAZU | U48: =IF(OR('⚙️ BỘ HƠI'!$H$40=0,'⚙️ BỘ HƠI'!$H$2="",$C48="",LEFT($C48,1)="◆"),99999,IF(OR(ISNUMBER(SEARCH('⚙️ BỘ HƠI'!$H$2,$C48)),ISNUMBER(SEARCH($C48,'⚙️ BỘ HƠI'!$H$2))),ROW()-2,99999)) -> 99999 | V48: ⚠️ HH073803, HH083025
A49: HH080703 | B49: HINO | C49: F21C/3030A | H49: 11467- | J49: IZ IKAZU | K49: 150 | L49: Cái | N49: 3240000 | O49: 3400000 | P49: 3600000 | S49: Xy lanh Hino F21C / 11467-3030A - IZ IKAZU | T49: =IF($S49="","",$S49) -> Xy lanh Hino F21C / 11467-3030A - IZ IKAZU | U49: =IF(OR('⚙️ BỘ HƠI'!$H$40=0,'⚙️ BỘ HƠI'!$H$2="",$C49="",LEFT($C49,1)="◆"),99999,IF(OR(ISNUMBER(SEARCH('⚙️ BỘ HƠI'!$H$2,$C49)),ISNUMBER(SEARCH($C49,'⚙️ BỘ HƠI'!$H$2))),ROW()-2,99999)) -> 99999 | V49: ⚠️ HH00080, HH076235, HH079950, HH080362, HH081393
A50: HH082000 | B50: HINO | C50: J08E/J05E | H50: 11467-3210B | J50: IZ IKAZU | L50: Bộ 6 | N50: 1500000 | O50: 1600000 | P50: 1700000 | S50: Xy lanh HINO J08E/J05E (11467-3210B) lợi cổ 3mm - IZ IKAZU | T50: =IF($S50="","",$S50) -> Xy lanh HINO J08E/J05E (11467-3210B) lợi cổ 3mm - IZ IKAZU | U50: =IF(OR('⚙️ BỘ HƠI'!$H$40=0,'⚙️ BỘ HƠI'!$H$2="",$C50="",LEFT($C50,1)="◆"),99999,IF(OR(ISNUMBER(SEARCH('⚙️ BỘ HƠI'!$H$2,$C50)),ISNUMBER(SEARCH($C50,'⚙️ BỘ HƠI'!$H$2))),ROW()-2,99999)) -> 99999 | V50: ⚠️ HH075729, HH081287, HH083369
A51: HH081567 | B51: HINO | C51: F20C-152 | F51: F/F | J51: IZ IKAZU | L51: Cái | N51: 3100000 | O51: 3200000 | P51: 3400000 | S51: Xy lanh HINO F20C-152 F/F đời hoàn thiện - IZ IKAZU | T51: =IF($S51="","",$S51) -> Xy lanh HINO F20C-152 F/F đời hoàn thiện - IZ IKAZU | U51: =IF(OR('⚙️ BỘ HƠI'!$H$40=0,'⚙️ BỘ HƠI'!$H$2="",$C51="",LEFT($C51,1)="◆"),99999,IF(OR(ISNUMBER(SEARCH('⚙️ BỘ HƠI'!$H$2,$C51)),ISNUMBER(SEARCH($C51,'⚙️ BỘ HƠI'!$H$2))),ROW()-2,99999)) -> 99999 | V51: ⚠️ HH075729, HH081287
A52: HH070450 | B52: HINO | C52: F20C-152 | F52: F/F | J52: IZUMI | L52: Cái | N52: 3100000 | O52: 3200000 | P52: 3400000 | S52: Xy lanh HINO F20C-152 F/F đời hoàn thiện - IZUMI | T52: =IF($S52="","",$S52) -> Xy lanh HINO F20C-152 F/F đời hoàn thiện - IZUMI | U52: =IF(OR('⚙️ BỘ HƠI'!$H$40=0,'⚙️ BỘ HƠI'!$H$2="",$C52="",LEFT($C52,1)="◆"),99999,IF(OR(ISNUMBER(SEARCH('⚙️ BỘ HƠI'!$H$2,$C52)),ISNUMBER(SEARCH($C52,'⚙️ BỘ HƠI'!$H$2))),ROW()-2,99999)) -> 99999 | V52: ⚠️ HH075729, HH081287, HH084085
A53: HH083029 | B53: HINO | C53: F20C-154 | F53: F/F | J53: IZ IKAZU | L53: Cái | N53: 3100000 | O53: 3200000 | P53: 3400000 | S53: Xy lanh HINO F20C-154 F/F đời hoàn thiện - IZ IKAZU | T53: =IF($S53="","",$S53) -> Xy lanh HINO F20C-154 F/F đời hoàn thiện - IZ IKAZU | U53: =IF(OR('⚙️ BỘ HƠI'!$H$40=0,'⚙️ BỘ HƠI'!$H$2="",$C53="",LEFT($C53,1)="◆"),99999,IF(OR(ISNUMBER(SEARCH('⚙️ BỘ HƠI'!$H$2,$C53)),ISNUMBER(SEARCH($C53,'⚙️ BỘ HƠI'!$H$2))),ROW()-2,99999)) -> 99999 | V53: ⚠️ HH083026, HH20513
A54: HH081253 | B54: HINO | C54: P11C-T | H54: 114673140 | J54: NSP | L54: Cái | N54: 3700000 | O54: 4000000 | P54: 4200000 | S54: Xy lanh Hino P11C-T (114673140) - NSP | T54: =IF($S54="","",$S54) -> Xy lanh Hino P11C-T (114673140) - NSP | U54: =IF(OR('⚙️ BỘ HƠI'!$H$40=0,'⚙️ BỘ HƠI'!$H$2="",$C54="",LEFT($C54,1)="◆"),99999,IF(OR(ISNUMBER(SEARCH('⚙️ BỘ HƠI'!$H$2,$C54)),ISNUMBER(SEARCH($C54,'⚙️ BỘ HƠI'!$H$2))),ROW()-2,99999)) -> 99999
A55: HH071022 | B55: HINO | C55: P11CT | H55: 11467-3140A, Có gờ ron | J55: IZUMI | L55: Cái | N55: 1500000 | O55: 1600000 | P55: 1700000 | S55: Xy lanh Hino P11CT (11467-3140A, Có gờ ron) - IZUMI | T55: =IF($S55="","",$S55) -> Xy lanh Hino P11CT (11467-3140A, Có gờ ron) - IZUMI | U55: =IF(OR('⚙️ BỘ HƠI'!$H$40=0,'⚙️ BỘ HƠI'!$H$2="",$C55="",LEFT($C55,1)="◆"),99999,IF(OR(ISNUMBER(SEARCH('⚙️ BỘ HƠI'!$H$2,$C55)),ISNUMBER(SEARCH($C55,'⚙️ BỘ HƠI'!$H$2))),ROW()-2,99999)) -> 99999
B56: ◆ ISUZU (76 sản phẩm) | T56: =IF($S56="","",$S56) | U56: =IF(OR('⚙️ BỘ HƠI'!$H$40=0,'⚙️ BỘ HƠI'!$H$2="",$C56="",LEFT($C56,1)="◆"),99999,IF(OR(ISNUMBER(SEARCH('⚙️ BỘ HƠI'!$H$2,$C56)),ISNUMBER(SEARCH($C56,'⚙️ BỘ HƠI'!$H$2))),ROW()-2,99999)) -> 99999 | V56: ⚠️ HH00088, HH073456, HH075859, HH079951, HH080363
A57: HH081566 | B57: ISUZU | C57: C221 | E57: Kiếng | H57: 9-11261-253-0 | J57: IZ IKAZU | K57: 83 | L57: Cái | N57: 1180000 | O57: 1250000 | P57: 1350000 | S57: Xy lanh C221/ 9-11261-253-0/ kiếng - IZ IKAZU | T57: =IF($S57="","",$S57) -> Xy lanh C221/ 9-11261-253-0/ kiếng - IZ IKAZU | U57: =IF(OR('⚙️ BỘ HƠI'!$H$40=0,'⚙️ BỘ HƠI'!$H$2="",$C57="",LEFT($C57,1)="◆"),99999,IF(OR(ISNUMBER(SEARCH('⚙️ BỘ HƠI'!$H$2,$C57)),ISNUMBER(SEARCH($C57,'⚙️ BỘ HƠI'!$H$2))),ROW()-2,99999)) -> 99999 | V57: ⚠️ HH00088, HH073456, HH075859, HH079951, HH20446
A58: HH074812 | B58: ISUZU | C58: C240 | E58: Gang | F58: S/F | H58: 85*90*178*94*4 | J58: IZUMI | K58: 85 | L58: Cái | N58: 500000 | O58: 530000 | P58: 570000 | S58: Xy lanh C240 S/F gang (85*90*178*94*4) bán hoàn thiện - IZUMI | T58: =IF($S58="","",$S58) -> Xy lanh C240 S/F gang (85*90*178*94*4) bán hoàn thiện - IZUMI | U58: =IF(OR('⚙️ BỘ HƠI'!$H$40=0,'⚙️ BỘ HƠI'!$H$2="",$C58="",LEFT($C58,1)="◆"),99999,IF(OR(ISNUMBER(SEARCH('⚙️ BỘ HƠI'!$H$2,$C58)),ISNUMBER(SEARCH($C58,'⚙️ BỘ HƠI'!$H$2))),ROW()-2,99999)) -> 99999 | V58: ⚠️ HH00212, HH081705
A59: HH081781 | B59: ISUZU | C59: C240 | E59: Gang | F59: S/F | H59: 85*90*178*94*4.5 | J59: IZ IKAZU | K59: 85 | L59: Cái | N59: 500000 | O59: 530000 | P59: 570000 | S59: Xy lanh ISUZU C240 S/F gang (85*90*178*94*4.5) bán hoàn thiện - IZ IKAZU | T59: =IF($S59="","",$S59) -> Xy lanh ISUZU C240 S/F gang (85*90*178*94*4.5) bán hoàn thiện - IZ IKAZU | U59: =IF(OR('⚙️ BỘ HƠI'!$H$40=0,'⚙️ BỘ HƠI'!$H$2="",$C59="",LEFT($C59,1)="◆"),99999,IF(OR(ISNUMBER(SEARCH('⚙️ BỘ HƠI'!$H$2,$C59)),ISNUMBER(SEARCH($C59,'⚙️ BỘ HƠI'!$H$2))),ROW()-2,99999)) -> 99999 | V59: ⚠️ HH00212, HH081705
A60: HH072682 | B60: ISUZU | C60: C240 | E60: Gang | F60: S/F | H60: lưng 90, đường kính lợi 93.8, lợi 4 ly | J60: NSP | K60: 86 | L60: Cái | P60: 200000 | S60: Xy lanh C240 S/F gang (lưng 90, đường kính lợi 93.8, lợi 4 ly) bán hoàn thiện - NSP | T60: =IF($S60="","",$S60) -> Xy lanh C240 S/F gang (lưng 90, đường kính lợi 93.8, lợi 4 ly) bán hoàn thiện - NSP | U60: =IF(OR('⚙️ BỘ HƠI'!$H$40=0,'⚙️ BỘ HƠI'!$H$2="",$C60="",LEFT($C60,1)="◆"),99999,IF(OR(ISNUMBER(SEARCH('⚙️ BỘ HƠI'!$H$2,$C60)),ISNUMBER(SEARCH($C60,'⚙️ BỘ HƠI'!$H$2))),ROW()-2,99999)) -> 99999 | V60: ⚠️ HH00384, HH080364
A61: HH20443 | B61: ISUZU | C61: C240/C190 | E61: Kiếng | H61: 9-11261-230-1 | J61: IZUMI | K61: 86 | L61: Cái | N61: 750000 | O61: 800000 | P61: 900000 | S61: Xy lanh C240/C190/ 9-11261-230-1 kiếng - IZUMI | T61: =IF($S61="","",$S61) -> Xy lanh C240/C190/ 9-11261-230-1 kiếng - IZUMI | U61: =IF(OR('⚙️ BỘ HƠI'!$H$40=0,'⚙️ BỘ HƠI'!$H$2="",$C61="",LEFT($C61,1)="◆"),99999,IF(OR(ISNUMBER(SEARCH('⚙️ BỘ HƠI'!$H$2,$C61)),ISNUMBER(SEARCH($C61,'⚙️ BỘ HƠI'!$H$2))),ROW()-2,99999)) -> 99999 | V61: ⚠️ HH00091, HH079315, HH079762, HH079952, HH081395
A62: HH079776 | B62: ISUZU | C62: C240/C190 | E62: Kiếng | H62: 9-11261-230-1 | J62: IZ IKAZU | K62: 86 | L62: Cái | N62: 800000 | O62: 900000 | P62: 1000000 | S62: Xy lanh Isuzu C240/C190/ 9-11261-230-1, chromed kiếng - IZ IKAZU | T62: =IF($S62="","",$S62) -> Xy lanh Isuzu C240/C190/ 9-11261-230-1, chromed kiếng - IZ IKAZU | U62: =IF(OR('⚙️ BỘ HƠI'!$H$40=0,'⚙️ BỘ HƠI'!$H$2="",$C62="",LEFT($C62,1)="◆"),99999,IF(OR(ISNUMBER(SEARCH('⚙️ BỘ HƠI'!$H$2,$C62)),ISNUMBER(SEARCH($C62,'⚙️ BỘ HƠI'!$H$2))),ROW()-2,99999)) -> 99999
A63: HH072359 | B63: ISUZU | C63: C223/4JC1 | H63: 88*90*163*95*0.9 | J63: IZUMI | K63: 88 | L63: Cái | O63: 760000 | P63: 800000 | S63: Xy lanh C223 / 4JC1 (88*90*163*95*0.9) - IZUMI | T63: =IF($S63="","",$S63) -> Xy lanh C223 / 4JC1 (88*90*163*95*0.9) - IZUMI | U63: =IF(OR('⚙️ BỘ HƠI'!$H$40=0,'⚙️ BỘ HƠI'!$H$2="",$C63="",LEFT($C63,1)="◆"),99999,IF(OR(ISNUMBER(SEARCH('⚙️ BỘ HƠI'!$H$2,$C63)),ISNUMBER(SEARCH($C63,'⚙️ BỘ HƠI'!$H$2))),ROW()-2,99999)) -> 99999 | V63: ⚠️ HH00091, HH079315, HH079762, HH079952, HH081395
A64: HH081393 | B64: ISUZU | C64: 4JB1 | D64: 4 | F64: S/F | H64: 92*97*180*F101*5 | J64: IZ IKAZU | K64: 92 | L64: Cái | N64: 140000 | O64: 150000 | P64: 160000 | S64: Xy lanh 4JB1 S/F (92*97*180*F101*5)bán hoàn thiện - IZ IKAZU | T64: =IF($S64="","",$S64) -> Xy lanh 4JB1 S/F (92*97*180*F101*5)bán hoàn thiện - IZ IKAZU | U64: =IF(OR('⚙️ BỘ HƠI'!$H$40=0,'⚙️ BỘ HƠI'!$H$2="",$C64="",LEFT($C64,1)="◆"),99999,IF(OR(ISNUMBER(SEARCH('⚙️ BỘ HƠI'!$H$2,$C64)),ISNUMBER(SEARCH($C64,'⚙️ BỘ HƠI'!$H$2))),ROW()-2,99999)) -> 99999
A65: HH083025 | B65: ISUZU | C65: 4JA1 | D65: 4 | E65: Kiếng | H65: 8-94462-130-0 | J65: IZ IKAZU | K65: 93 | L65: Cái | N65: 790000 | O65: 840000 | P65: 900000 | S65: Xy lanh Isuzu 4JA1/ 8-94462-130-0 chromed, kiếng - IZ IKAZU | T65: =IF($S65="","",$S65) -> Xy lanh Isuzu 4JA1/ 8-94462-130-0 chromed, kiếng - IZ IKAZU | U65: =IF(OR('⚙️ BỘ HƠI'!$H$40=0,'⚙️ BỘ HƠI'!$H$2="",$C65="",LEFT($C65,1)="◆"),99999,IF(OR(ISNUMBER(SEARCH('⚙️ BỘ HƠI'!$H$2,$C65)),ISNUMBER(SEARCH($C65,'⚙️ BỘ HƠI'!$H$2))),ROW()-2,99999)) -> 99999
A66: HH073803 | B66: ISUZU | C66: 4JA1 | D66: 4 | E66: Kiếng | H66: 93*95*156*101*0.9 | J66: IZUMI | K66: 93 | L66: Cái | N66: 780000 | O66: 800000 | P66: 850000 | S66: Xy lanh 4JA1 kiếng (93*95*156*101*0.9) - IZUMI | T66: =IF($S66="","",$S66) -> Xy lanh 4JA1 kiếng (93*95*156*101*0.9) - IZUMI | U66: =IF(OR('⚙️ BỘ HƠI'!$H$40=0,'⚙️ BỘ HƠI'!$H$2="",$C66="",LEFT($C66,1)="◆"),99999,IF(OR(ISNUMBER(SEARCH('⚙️ BỘ HƠI'!$H$2,$C66)),ISNUMBER(SEARCH($C66,'⚙️ BỘ HƠI'!$H$2))),ROW()-2,99999)) -> 99999 | V66: ⚠️ HH00894, HH00897, HH081285
A67: HH076235 | B67: ISUZU | C67: 4JB1 | D67: 4 | E67: Kiếng | J67: MAHLE 8-97176687 | K67: 93 | L67: Cái | N67: 1400000 | O67: 1500000 | P67: 1600000 | S67: Xy lanh 4JB1 kiếng - MAHLE 8-97176687 | T67: =IF($S67="","",$S67) -> Xy lanh 4JB1 kiếng - MAHLE 8-97176687 | U67: =IF(OR('⚙️ BỘ HƠI'!$H$40=0,'⚙️ BỘ HƠI'!$H$2="",$C67="",LEFT($C67,1)="◆"),99999,IF(OR(ISNUMBER(SEARCH('⚙️ BỘ HƠI'!$H$2,$C67)),ISNUMBER(SEARCH($C67,'⚙️ BỘ HƠI'!$H$2))),ROW()-2,99999)) -> 99999
