Workbook

Sheet DASHBOARD
B2: 📊 TURBO DIESEL — DASHBOARD TỔNG QUAN KHO HÀNG
B4: Tự động cập nhật từ file BÁO GIÁ TURBO · Nguồn: sheet 🚗 BÁO GIÁ TURBO
B6: TỔNG SKU TURBO | D6: ĐÃ CÓ MÃ VT | F6: THƯƠNG HIỆU ĐỦ | H6: TRÙNG MÃ VT | J6: BỔ SUNG KHÁC TH
B7: 424 | D7: 365 | F7: 336 | H7: 26 | J7: 233
D8: 86% | F8: 79% | H8: cần xem lại | J8: khác thương hiệu
B10: 🏭 TOP HÃNG MÁY (theo số loại Turbo) | G10: 🏷️ PHÂN BỔ THƯƠNG HIỆU
B11: HÃNG MÁY | C11: SỐ LOẠI | D11: TỶ LỆ | E11: BAR | G11: THƯƠNG HIỆU | H11: SỐ LOẠI | I11: TỶ LỆ | J11: BAR
B12: HYUNDAI | C12: 68 | D12: 16.0% | E12: ████████████ | G12: SL | H12: 157 | I12: 37.0% | J12: ██████████████
B13: CUMMINS | C13: 57 | D13: 13.4% | E13: ██████████ | G13: JRONE | H13: 63 | I13: 14.9% | J13: █████
B14: KOMATSU | C14: 44 | D14: 10.4% | E14: ███████ | G14: VIDARIR | H14: 45 | I14: 10.6% | J14: ████
B15: CAT | C15: 34 | D15: 8.0% | E15: ██████ | G15: TBS | H15: 18 | I15: 4.2% | J15: █
B16: ISUZU | C16: 34 | D16: 8.0% | E16: ██████ | G16: FIRE | H16: 15 | I16: 3.5% | J16: █
B17: HITACHI | C17: 31 | D17: 7.3% | E17: █████ | G17: EE | H17: 14 | I17: 3.3% | J17: █
B18: KOBELCO | C18: 19 | D18: 4.5% | E18: ███ | G18: MX | H18: 9 | I18: 2.1%
B19: DEUTZ | C19: 15 | D19: 3.5% | E19: ██ | G19: GARRETT | H19: 2 | I19: 0.5%
B20: FORD | C20: 15 | D20: 3.5% | E20: ██
B21: HINO | C21: 13 | D21: 3.1% | E21: ██
B22: PERKINS | C22: 12 | D22: 2.8% | E22: ██ | G22: ⚙️ HÃNG SẢN XUẤT TURBO
B23: NISSAN | C23: 11 | D23: 2.6% | E23: █ | G23: HÃNG SX | H23: SỐ LOẠI | I23: TỶ LỆ | J23: BAR
G24: Garrett | H24: 121 | I24: 28.5% | J24: ██████████████
G25: Holset | H25: 82 | I25: 19.3% | J25: █████████
B26: ✅ CHẤT LƯỢNG DỮ LIỆU | G26: IHI | H26: 81 | I26: 19.1% | J26: █████████
B27: TRƯỜNG | C27: ĐÃ ĐIỀN | D27: TỔNG | E27: HOÀN THÀNH | G27: Mitsubishi | H27: 73 | I27: 17.2% | J27: ████████
B28: OEM PART NO | C28: 424 | D28: 424 | E28: 100.0% | G28: BorgWarner | H28: 59 | I28: 13.9% | J28: ██████
B29: MÃ VT | C29: 365 | D29: 424 | E29: 86.1%
B30: THƯƠNG HIỆU | C30: 336 | D30: 424 | E30: 79.2%
B31: TRÙNG MÃ VT | C31: 26 | D31: 365 | E31: 7.1%
B35: Cập nhật lần cuối: từ file MÃ_VT_TURBO.xls · Tổng bổ sung thêm 233 dòng khác thương hiệu · Bản dành cho Claude Projects

Sheet TRA CỨU TỔNG HỢP
A1: 🔎 TRA CỨU TỔNG HỢP — TURBO & RUỘT TURBO
A3: 🔍 GÕ TÌM: | F3: ↳ Gõ MÃ VT / OEM / Model / Mã động cơ / Hãng máy — Enter để hiện
A4: Turbo khớp: | B4: =IF($B$3="",0,COUNT('🚗 BÁO GIÁ TURBO '!$W$4:$W$690)) | C4: Ruột khớp: | D4: =IF($B$3="",0,COUNT('RUỘT TURBO'!$U$4:$U$892)) | E4: (Hiển thị tối đa 20 dòng mỗi loại — nếu nhiều hơn, gõ thêm ký tự cho gọn)
A6: 🚗 TURBO (kết quả tra cứu — tối đa 20 dòng)
A7: HÃNG MÁY | B7: MÃ VT | C7: MODEL TURBO | D7: MÃ ĐỘNG CƠ | E7: OEM PART NO | F7: ĐẶC ĐIỂM | G7: ỨNG DỤNG | H7: GHI CHÚ | I7: THƯƠNG HIỆU
A8: =IFERROR(IF(INDEX('🚗 BÁO GIÁ TURBO '!$A$4:$A$690,MATCH(1,'🚗 BÁO GIÁ TURBO '!$W$4:$W$690,0))="","",INDEX('🚗 BÁO GIÁ TURBO '!$A$4:$A$690,MATCH(1,'🚗 BÁO GIÁ TURBO '!$W$4:$W$690,0))),"") | B8: =IFERROR(IF(INDEX('🚗 BÁO GIÁ TURBO '!$B$4:$B$690,MATCH(1,'🚗 BÁO GIÁ TURBO '!$W$4:$W$690,0))="","",INDEX('🚗 BÁO GIÁ TURBO '!$B$4:$B$690,MATCH(1,'🚗 BÁO GIÁ TURBO '!$W$4:$W$690,0))),"") | C8: =IFERROR(IF(INDEX('🚗 BÁO GIÁ TURBO '!$D$4:$D$690,MATCH(1,'🚗 BÁO GIÁ TURBO '!$W$4:$W$690,0))="","",INDEX('🚗 BÁO GIÁ TURBO '!$D$4:$D$690,MATCH(1,'🚗 BÁO GIÁ TURBO '!$W$4:$W$690,0))),"") | D8: =IFERROR(IF(INDEX('🚗 BÁO GIÁ TURBO '!$E$4:$E$690,MATCH(1,'🚗 BÁO GIÁ TURBO '!$W$4:$W$690,0))="","",INDEX('🚗 BÁO GIÁ TURBO '!$E$4:$E$690,MATCH(1,'🚗 BÁO GIÁ TURBO '!$W$4:$W$690,0))),"") | E8: =IFERROR(IF(INDEX('🚗 BÁO GIÁ TURBO '!$F$4:$F$690,MATCH(1,'🚗 BÁO GIÁ TURBO '!$W$4:$W$690,0))="","",INDEX('🚗 BÁO GIÁ TURBO '!$F$4:$F$690,MATCH(1,'🚗 BÁO GIÁ TURBO '!$W$4:$W$690,0))),"") | F8: =IFERROR(IF(INDEX('🚗 BÁO GIÁ TURBO '!$G$4:$G$690,MATCH(1,'🚗 BÁO GIÁ TURBO '!$W$4:$W$690,0))="","",INDEX('🚗 BÁO GIÁ TURBO '!$G$4:$G$690,MATCH(1,'🚗 BÁO GIÁ TURBO '!$W$4:$W$690,0))),"") | G8: =IFERROR(IF(INDEX('🚗 BÁO GIÁ TURBO '!$H$4:$H$690,MATCH(1,'🚗 BÁO GIÁ TURBO '!$W$4:$W$690,0))="","",INDEX('🚗 BÁO GIÁ TURBO '!$H$4:$H$690,MATCH(1,'🚗 BÁO GIÁ TURBO '!$W$4:$W$690,0))),"") | H8: =IFERROR(IF(INDEX('🚗 BÁO GIÁ TURBO '!$I$4:$I$690,MATCH(1,'🚗 BÁO GIÁ TURBO '!$W$4:$W$690,0))="","",INDEX('🚗 BÁO GIÁ TURBO '!$I$4:$I$690,MATCH(1,'🚗 BÁO GIÁ TURBO '!$W$4:$W$690,0))),"") | I8: =IFERROR(IF(INDEX('🚗 BÁO GIÁ TURBO '!$J$4:$J$690,MATCH(1,'🚗 BÁO GIÁ TURBO '!$W$4:$W$690,0))="","",INDEX('🚗 BÁO GIÁ TURBO '!$J$4:$J$690,MATCH(1,'🚗 BÁO GIÁ TURBO '!$W$4:$W$690,0))),"")
A9: =IFERROR(IF(INDEX('🚗 BÁO GIÁ TURBO '!$A$4:$A$690,MATCH(2,'🚗 BÁO GIÁ TURBO '!$W$4:$W$690,0))="","",INDEX('🚗 BÁO GIÁ TURBO '!$A$4:$A$690,MATCH(2,'🚗 BÁO GIÁ TURBO '!$W$4:$W$690,0))),"") | B9: =IFERROR(IF(INDEX('🚗 BÁO GIÁ TURBO '!$B$4:$B$690,MATCH(2,'🚗 BÁO GIÁ TURBO '!$W$4:$W$690,0))="","",INDEX('🚗 BÁO GIÁ TURBO '!$B$4:$B$690,MATCH(2,'🚗 BÁO GIÁ TURBO '!$W$4:$W$690,0))),"") | C9: =IFERROR(IF(INDEX('🚗 BÁO GIÁ TURBO '!$D$4:$D$690,MATCH(2,'🚗 BÁO GIÁ TURBO '!$W$4:$W$690,0))="","",INDEX('🚗 BÁO GIÁ TURBO '!$D$4:$D$690,MATCH(2,'🚗 BÁO GIÁ TURBO '!$W$4:$W$690,0))),"") | D9: =IFERROR(IF(INDEX('🚗 BÁO GIÁ TURBO '!$E$4:$E$690,MATCH(2,'🚗 BÁO GIÁ TURBO '!$W$4:$W$690,0))="","",INDEX('🚗 BÁO GIÁ TURBO '!$E$4:$E$690,MATCH(2,'🚗 BÁO GIÁ TURBO '!$W$4:$W$690,0))),"") | E9: =IFERROR(IF(INDEX('🚗 BÁO GIÁ TURBO '!$F$4:$F$690,MATCH(2,'🚗 BÁO GIÁ TURBO '!$W$4:$W$690,0))="","",INDEX('🚗 BÁO GIÁ TURBO '!$F$4:$F$690,MATCH(2,'🚗 BÁO GIÁ TURBO '!$W$4:$W$690,0))),"") | F9: =IFERROR(IF(INDEX('🚗 BÁO GIÁ TURBO '!$G$4:$G$690,MATCH(2,'🚗 BÁO GIÁ TURBO '!$W$4:$W$690,0))="","",INDEX('🚗 BÁO GIÁ TURBO '!$G$4:$G$690,MATCH(2,'🚗 BÁO GIÁ TURBO '!$W$4:$W$690,0))),"") | G9: =IFERROR(IF(INDEX('🚗 BÁO GIÁ TURBO '!$H$4:$H$690,MATCH(2,'🚗 BÁO GIÁ TURBO '!$W$4:$W$690,0))="","",INDEX('🚗 BÁO GIÁ TURBO '!$H$4:$H$690,MATCH(2,'🚗 BÁO GIÁ TURBO '!$W$4:$W$690,0))),"") | H9: =IFERROR(IF(INDEX('🚗 BÁO GIÁ TURBO '!$I$4:$I$690,MATCH(2,'🚗 BÁO GIÁ TURBO '!$W$4:$W$690,0))="","",INDEX('🚗 BÁO GIÁ TURBO '!$I$4:$I$690,MATCH(2,'🚗 BÁO GIÁ TURBO '!$W$4:$W$690,0))),"") | I9: =IFERROR(IF(INDEX('🚗 BÁO GIÁ TURBO '!$J$4:$J$690,MATCH(2,'🚗 BÁO GIÁ TURBO '!$W$4:$W$690,0))="","",INDEX('🚗 BÁO GIÁ TURBO '!$J$4:$J$690,MATCH(2,'🚗 BÁO GIÁ TURBO '!$W$4:$W$690,0))),"")
A10: =IFERROR(IF(INDEX('🚗 BÁO GIÁ TURBO '!$A$4:$A$690,MATCH(3,'🚗 BÁO GIÁ TURBO '!$W$4:$W$690,0))="","",INDEX('🚗 BÁO GIÁ TURBO '!$A$4:$A$690,MATCH(3,'🚗 BÁO GIÁ TURBO '!$W$4:$W$690,0))),"") | B10: =IFERROR(IF(INDEX('🚗 BÁO GIÁ TURBO '!$B$4:$B$690,MATCH(3,'🚗 BÁO GIÁ TURBO '!$W$4:$W$690,0))="","",INDEX('🚗 BÁO GIÁ TURBO '!$B$4:$B$690,MATCH(3,'🚗 BÁO GIÁ TURBO '!$W$4:$W$690,0))),"") | C10: =IFERROR(IF(INDEX('🚗 BÁO GIÁ TURBO '!$D$4:$D$690,MATCH(3,'🚗 BÁO GIÁ TURBO '!$W$4:$W$690,0))="","",INDEX('🚗 BÁO GIÁ TURBO '!$D$4:$D$690,MATCH(3,'🚗 BÁO GIÁ TURBO '!$W$4:$W$690,0))),"") | D10: =IFERROR(IF(INDEX('🚗 BÁO GIÁ TURBO '!$E$4:$E$690,MATCH(3,'🚗 BÁO GIÁ TURBO '!$W$4:$W$690,0))="","",INDEX('🚗 BÁO GIÁ TURBO '!$E$4:$E$690,MATCH(3,'🚗 BÁO GIÁ TURBO '!$W$4:$W$690,0))),"") | E10: =IFERROR(IF(INDEX('🚗 BÁO GIÁ TURBO '!$F$4:$F$690,MATCH(3,'🚗 BÁO GIÁ TURBO '!$W$4:$W$690,0))="","",INDEX('🚗 BÁO GIÁ TURBO '!$F$4:$F$690,MATCH(3,'🚗 BÁO GIÁ TURBO '!$W$4:$W$690,0))),"") | F10: =IFERROR(IF(INDEX('🚗 BÁO GIÁ TURBO '!$G$4:$G$690,MATCH(3,'🚗 BÁO GIÁ TURBO '!$W$4:$W$690,0))="","",INDEX('🚗 BÁO GIÁ TURBO '!$G$4:$G$690,MATCH(3,'🚗 BÁO GIÁ TURBO '!$W$4:$W$690,0))),"") | G10: =IFERROR(IF(INDEX('🚗 BÁO GIÁ TURBO '!$H$4:$H$690,MATCH(3,'🚗 BÁO GIÁ TURBO '!$W$4:$W$690,0))="","",INDEX('🚗 BÁO GIÁ TURBO '!$H$4:$H$690,MATCH(3,'🚗 BÁO GIÁ TURBO '!$W$4:$W$690,0))),"") | H10: =IFERROR(IF(INDEX('🚗 BÁO GIÁ TURBO '!$I$4:$I$690,MATCH(3,'🚗 BÁO GIÁ TURBO '!$W$4:$W$690,0))="","",INDEX('🚗 BÁO GIÁ TURBO '!$I$4:$I$690,MATCH(3,'🚗 BÁO GIÁ TURBO '!$W$4:$W$690,0))),"") | I10: =IFERROR(IF(INDEX('🚗 BÁO GIÁ TURBO '!$J$4:$J$690,MATCH(3,'🚗 BÁO GIÁ TURBO '!$W$4:$W$690,0))="","",INDEX('🚗 BÁO GIÁ TURBO '!$J$4:$J$690,MATCH(3,'🚗 BÁO GIÁ TURBO '!$W$4:$W$690,0))),"")
A11: =IFERROR(IF(INDEX('🚗 BÁO GIÁ TURBO '!$A$4:$A$690,MATCH(4,'🚗 BÁO GIÁ TURBO '!$W$4:$W$690,0))="","",INDEX('🚗 BÁO GIÁ TURBO '!$A$4:$A$690,MATCH(4,'🚗 BÁO GIÁ TURBO '!$W$4:$W$690,0))),"") | B11: =IFERROR(IF(INDEX('🚗 BÁO GIÁ TURBO '!$B$4:$B$690,MATCH(4,'🚗 BÁO GIÁ TURBO '!$W$4:$W$690,0))="","",INDEX('🚗 BÁO GIÁ TURBO '!$B$4:$B$690,MATCH(4,'🚗 BÁO GIÁ TURBO '!$W$4:$W$690,0))),"") | C11: =IFERROR(IF(INDEX('🚗 BÁO GIÁ TURBO '!$D$4:$D$690,MATCH(4,'🚗 BÁO GIÁ TURBO '!$W$4:$W$690,0))="","",INDEX('🚗 BÁO GIÁ TURBO '!$D$4:$D$690,MATCH(4,'🚗 BÁO GIÁ TURBO '!$W$4:$W$690,0))),"") | D11: =IFERROR(IF(INDEX('🚗 BÁO GIÁ TURBO '!$E$4:$E$690,MATCH(4,'🚗 BÁO GIÁ TURBO '!$W$4:$W$690,0))="","",INDEX('🚗 BÁO GIÁ TURBO '!$E$4:$E$690,MATCH(4,'🚗 BÁO GIÁ TURBO '!$W$4:$W$690,0))),"") | E11: =IFERROR(IF(INDEX('🚗 BÁO GIÁ TURBO '!$F$4:$F$690,MATCH(4,'🚗 BÁO GIÁ TURBO '!$W$4:$W$690,0))="","",INDEX('🚗 BÁO GIÁ TURBO '!$F$4:$F$690,MATCH(4,'🚗 BÁO GIÁ TURBO '!$W$4:$W$690,0))),"") | F11: =IFERROR(IF(INDEX('🚗 BÁO GIÁ TURBO '!$G$4:$G$690,MATCH(4,'🚗 BÁO GIÁ TURBO '!$W$4:$W$690,0))="","",INDEX('🚗 BÁO GIÁ TURBO '!$G$4:$G$690,MATCH(4,'🚗 BÁO GIÁ TURBO '!$W$4:$W$690,0))),"") | G11: =IFERROR(IF(INDEX('🚗 BÁO GIÁ TURBO '!$H$4:$H$690,MATCH(4,'🚗 BÁO GIÁ TURBO '!$W$4:$W$690,0))="","",INDEX('🚗 BÁO GIÁ TURBO '!$H$4:$H$690,MATCH(4,'🚗 BÁO GIÁ TURBO '!$W$4:$W$690,0))),"") | H11: =IFERROR(IF(INDEX('🚗 BÁO GIÁ TURBO '!$I$4:$I$690,MATCH(4,'🚗 BÁO GIÁ TURBO '!$W$4:$W$690,0))="","",INDEX('🚗 BÁO GIÁ TURBO '!$I$4:$I$690,MATCH(4,'🚗 BÁO GIÁ TURBO '!$W$4:$W$690,0))),"") | I11: =IFERROR(IF(INDEX('🚗 BÁO GIÁ TURBO '!$J$4:$J$690,MATCH(4,'🚗 BÁO GIÁ TURBO '!$W$4:$W$690,0))="","",INDEX('🚗 BÁO GIÁ TURBO '!$J$4:$J$690,MATCH(4,'🚗 BÁO GIÁ TURBO '!$W$4:$W$690,0))),"")
A12: =IFERROR(IF(INDEX('🚗 BÁO GIÁ TURBO '!$A$4:$A$690,MATCH(5,'🚗 BÁO GIÁ TURBO '!$W$4:$W$690,0))="","",INDEX('🚗 BÁO GIÁ TURBO '!$A$4:$A$690,MATCH(5,'🚗 BÁO GIÁ TURBO '!$W$4:$W$690,0))),"") | B12: =IFERROR(IF(INDEX('🚗 BÁO GIÁ TURBO '!$B$4:$B$690,MATCH(5,'🚗 BÁO GIÁ TURBO '!$W$4:$W$690,0))="","",INDEX('🚗 BÁO GIÁ TURBO '!$B$4:$B$690,MATCH(5,'🚗 BÁO GIÁ TURBO '!$W$4:$W$690,0))),"") | C12: =IFERROR(IF(INDEX('🚗 BÁO GIÁ TURBO '!$D$4:$D$690,MATCH(5,'🚗 BÁO GIÁ TURBO '!$W$4:$W$690,0))="","",INDEX('🚗 BÁO GIÁ TURBO '!$D$4:$D$690,MATCH(5,'🚗 BÁO GIÁ TURBO '!$W$4:$W$690,0))),"") | D12: =IFERROR(IF(INDEX('🚗 BÁO GIÁ TURBO '!$E$4:$E$690,MATCH(5,'🚗 BÁO GIÁ TURBO '!$W$4:$W$690,0))="","",INDEX('🚗 BÁO GIÁ TURBO '!$E$4:$E$690,MATCH(5,'🚗 BÁO GIÁ TURBO '!$W$4:$W$690,0))),"") | E12: =IFERROR(IF(INDEX('🚗 BÁO GIÁ TURBO '!$F$4:$F$690,MATCH(5,'🚗 BÁO GIÁ TURBO '!$W$4:$W$690,0))="","",INDEX('🚗 BÁO GIÁ TURBO '!$F$4:$F$690,MATCH(5,'🚗 BÁO GIÁ TURBO '!$W$4:$W$690,0))),"") | F12: =IFERROR(IF(INDEX('🚗 BÁO GIÁ TURBO '!$G$4:$G$690,MATCH(5,'🚗 BÁO GIÁ TURBO '!$W$4:$W$690,0))="","",INDEX('🚗 BÁO GIÁ TURBO '!$G$4:$G$690,MATCH(5,'🚗 BÁO GIÁ TURBO '!$W$4:$W$690,0))),"") | G12: =IFERROR(IF(INDEX('🚗 BÁO GIÁ TURBO '!$H$4:$H$690,MATCH(5,'🚗 BÁO GIÁ TURBO '!$W$4:$W$690,0))="","",INDEX('🚗 BÁO GIÁ TURBO '!$H$4:$H$690,MATCH(5,'🚗 BÁO GIÁ TURBO '!$W$4:$W$690,0))),"") | H12: =IFERROR(IF(INDEX('🚗 BÁO GIÁ TURBO '!$I$4:$I$690,MATCH(5,'🚗 BÁO GIÁ TURBO '!$W$4:$W$690,0))="","",INDEX('🚗 BÁO GIÁ TURBO '!$I$4:$I$690,MATCH(5,'🚗 BÁO GIÁ TURBO '!$W$4:$W$690,0))),"") | I12: =IFERROR(IF(INDEX('🚗 BÁO GIÁ TURBO '!$J$4:$J$690,MATCH(5,'🚗 BÁO GIÁ TURBO '!$W$4:$W$690,0))="","",INDEX('🚗 BÁO GIÁ TURBO '!$J$4:$J$690,MATCH(5,'🚗 BÁO GIÁ TURBO '!$W$4:$W$690,0))),"")
A13: =IFERROR(IF(INDEX('🚗 BÁO GIÁ TURBO '!$A$4:$A$690,MATCH(6,'🚗 BÁO GIÁ TURBO '!$W$4:$W$690,0))="","",INDEX('🚗 BÁO GIÁ TURBO '!$A$4:$A$690,MATCH(6,'🚗 BÁO GIÁ TURBO '!$W$4:$W$690,0))),"") | B13: =IFERROR(IF(INDEX('🚗 BÁO GIÁ TURBO '!$B$4:$B$690,MATCH(6,'🚗 BÁO GIÁ TURBO '!$W$4:$W$690,0))="","",INDEX('🚗 BÁO GIÁ TURBO '!$B$4:$B$690,MATCH(6,'🚗 BÁO GIÁ TURBO '!$W$4:$W$690,0))),"") | C13: =IFERROR(IF(INDEX('🚗 BÁO GIÁ TURBO '!$D$4:$D$690,MATCH(6,'🚗 BÁO GIÁ TURBO '!$W$4:$W$690,0))="","",INDEX('🚗 BÁO GIÁ TURBO '!$D$4:$D$690,MATCH(6,'🚗 BÁO GIÁ TURBO '!$W$4:$W$690,0))),"") | D13: =IFERROR(IF(INDEX('🚗 BÁO GIÁ TURBO '!$E$4:$E$690,MATCH(6,'🚗 BÁO GIÁ TURBO '!$W$4:$W$690,0))="","",INDEX('🚗 BÁO GIÁ TURBO '!$E$4:$E$690,MATCH(6,'🚗 BÁO GIÁ TURBO '!$W$4:$W$690,0))),"") | E13: =IFERROR(IF(INDEX('🚗 BÁO GIÁ TURBO '!$F$4:$F$690,MATCH(6,'🚗 BÁO GIÁ TURBO '!$W$4:$W$690,0))="","",INDEX('🚗 BÁO GIÁ TURBO '!$F$4:$F$690,MATCH(6,'🚗 BÁO GIÁ TURBO '!$W$4:$W$690,0))),"") | F13: =IFERROR(IF(INDEX('🚗 BÁO GIÁ TURBO '!$G$4:$G$690,MATCH(6,'🚗 BÁO GIÁ TURBO '!$W$4:$W$690,0))="","",INDEX('🚗 BÁO GIÁ TURBO '!$G$4:$G$690,MATCH(6,'🚗 BÁO GIÁ TURBO '!$W$4:$W$690,0))),"") | G13: =IFERROR(IF(INDEX('🚗 BÁO GIÁ TURBO '!$H$4:$H$690,MATCH(6,'🚗 BÁO GIÁ TURBO '!$W$4:$W$690,0))="","",INDEX('🚗 BÁO GIÁ TURBO '!$H$4:$H$690,MATCH(6,'🚗 BÁO GIÁ TURBO '!$W$4:$W$690,0))),"") | H13: =IFERROR(IF(INDEX('🚗 BÁO GIÁ TURBO '!$I$4:$I$690,MATCH(6,'🚗 BÁO GIÁ TURBO '!$W$4:$W$690,0))="","",INDEX('🚗 BÁO GIÁ TURBO '!$I$4:$I$690,MATCH(6,'🚗 BÁO GIÁ TURBO '!$W$4:$W$690,0))),"") | I13: =IFERROR(IF(INDEX('🚗 BÁO GIÁ TURBO '!$J$4:$J$690,MATCH(6,'🚗 BÁO GIÁ TURBO '!$W$4:$W$690,0))="","",INDEX('🚗 BÁO GIÁ TURBO '!$J$4:$J$690,MATCH(6,'🚗 BÁO GIÁ TURBO '!$W$4:$W$690,0))),"")
A14: =IFERROR(IF(INDEX('🚗 BÁO GIÁ TURBO '!$A$4:$A$690,MATCH(7,'🚗 BÁO GIÁ TURBO '!$W$4:$W$690,0))="","",INDEX('🚗 BÁO GIÁ TURBO '!$A$4:$A$690,MATCH(7,'🚗 BÁO GIÁ TURBO '!$W$4:$W$690,0))),"") | B14: =IFERROR(IF(INDEX('🚗 BÁO GIÁ TURBO '!$B$4:$B$690,MATCH(7,'🚗 BÁO GIÁ TURBO '!$W$4:$W$690,0))="","",INDEX('🚗 BÁO GIÁ TURBO '!$B$4:$B$690,MATCH(7,'🚗 BÁO GIÁ TURBO '!$W$4:$W$690,0))),"") | C14: =IFERROR(IF(INDEX('🚗 BÁO GIÁ TURBO '!$D$4:$D$690,MATCH(7,'🚗 BÁO GIÁ TURBO '!$W$4:$W$690,0))="","",INDEX('🚗 BÁO GIÁ TURBO '!$D$4:$D$690,MATCH(7,'🚗 BÁO GIÁ TURBO '!$W$4:$W$690,0))),"") | D14: =IFERROR(IF(INDEX('🚗 BÁO GIÁ TURBO '!$E$4:$E$690,MATCH(7,'🚗 BÁO GIÁ TURBO '!$W$4:$W$690,0))="","",INDEX('🚗 BÁO GIÁ TURBO '!$E$4:$E$690,MATCH(7,'🚗 BÁO GIÁ TURBO '!$W$4:$W$690,0))),"") | E14: =IFERROR(IF(INDEX('🚗 BÁO GIÁ TURBO '!$F$4:$F$690,MATCH(7,'🚗 BÁO GIÁ TURBO '!$W$4:$W$690,0))="","",INDEX('🚗 BÁO GIÁ TURBO '!$F$4:$F$690,MATCH(7,'🚗 BÁO GIÁ TURBO '!$W$4:$W$690,0))),"") | F14: =IFERROR(IF(INDEX('🚗 BÁO GIÁ TURBO '!$G$4:$G$690,MATCH(7,'🚗 BÁO GIÁ TURBO '!$W$4:$W$690,0))="","",INDEX('🚗 BÁO GIÁ TURBO '!$G$4:$G$690,MATCH(7,'🚗 BÁO GIÁ TURBO '!$W$4:$W$690,0))),"") | G14: =IFERROR(IF(INDEX('🚗 BÁO GIÁ TURBO '!$H$4:$H$690,MATCH(7,'🚗 BÁO GIÁ TURBO '!$W$4:$W$690,0))="","",INDEX('🚗 BÁO GIÁ TURBO '!$H$4:$H$690,MATCH(7,'🚗 BÁO GIÁ TURBO '!$W$4:$W$690,0))),"") | H14: =IFERROR(IF(INDEX('🚗 BÁO GIÁ TURBO '!$I$4:$I$690,MATCH(7,'🚗 BÁO GIÁ TURBO '!$W$4:$W$690,0))="","",INDEX('🚗 BÁO GIÁ TURBO '!$I$4:$I$690,MATCH(7,'🚗 BÁO GIÁ TURBO '!$W$4:$W$690,0))),"") | I14: =IFERROR(IF(INDEX('🚗 BÁO GIÁ TURBO '!$J$4:$J$690,MATCH(7,'🚗 BÁO GIÁ TURBO '!$W$4:$W$690,0))="","",INDEX('🚗 BÁO GIÁ TURBO '!$J$4:$J$690,MATCH(7,'🚗 BÁO GIÁ TURBO '!$W$4:$W$690,0))),"")
A15: =IFERROR(IF(INDEX('🚗 BÁO GIÁ TURBO '!$A$4:$A$690,MATCH(8,'🚗 BÁO GIÁ TURBO '!$W$4:$W$690,0))="","",INDEX('🚗 BÁO GIÁ TURBO '!$A$4:$A$690,MATCH(8,'🚗 BÁO GIÁ TURBO '!$W$4:$W$690,0))),"") | B15: =IFERROR(IF(INDEX('🚗 BÁO GIÁ TURBO '!$B$4:$B$690,MATCH(8,'🚗 BÁO GIÁ TURBO '!$W$4:$W$690,0))="","",INDEX('🚗 BÁO GIÁ TURBO '!$B$4:$B$690,MATCH(8,'🚗 BÁO GIÁ TURBO '!$W$4:$W$690,0))),"") | C15: =IFERROR(IF(INDEX('🚗 BÁO GIÁ TURBO '!$D$4:$D$690,MATCH(8,'🚗 BÁO GIÁ TURBO '!$W$4:$W$690,0))="","",INDEX('🚗 BÁO GIÁ TURBO '!$D$4:$D$690,MATCH(8,'🚗 BÁO GIÁ TURBO '!$W$4:$W$690,0))),"") | D15: =IFERROR(IF(INDEX('🚗 BÁO GIÁ TURBO '!$E$4:$E$690,MATCH(8,'🚗 BÁO GIÁ TURBO '!$W$4:$W$690,0))="","",INDEX('🚗 BÁO GIÁ TURBO '!$E$4:$E$690,MATCH(8,'🚗 BÁO GIÁ TURBO '!$W$4:$W$690,0))),"") | E15: =IFERROR(IF(INDEX('🚗 BÁO GIÁ TURBO '!$F$4:$F$690,MATCH(8,'🚗 BÁO GIÁ TURBO '!$W$4:$W$690,0))="","",INDEX('🚗 BÁO GIÁ TURBO '!$F$4:$F$690,MATCH(8,'🚗 BÁO GIÁ TURBO '!$W$4:$W$690,0))),"") | F15: =IFERROR(IF(INDEX('🚗 BÁO GIÁ TURBO '!$G$4:$G$690,MATCH(8,'🚗 BÁO GIÁ TURBO '!$W$4:$W$690,0))="","",INDEX('🚗 BÁO GIÁ TURBO '!$G$4:$G$690,MATCH(8,'🚗 BÁO GIÁ TURBO '!$W$4:$W$690,0))),"") | G15: =IFERROR(IF(INDEX('🚗 BÁO GIÁ TURBO '!$H$4:$H$690,MATCH(8,'🚗 BÁO GIÁ TURBO '!$W$4:$W$690,0))="","",INDEX('🚗 BÁO GIÁ TURBO '!$H$4:$H$690,MATCH(8,'🚗 BÁO GIÁ TURBO '!$W$4:$W$690,0))),"") | H15: =IFERROR(IF(INDEX('🚗 BÁO GIÁ TURBO '!$I$4:$I$690,MATCH(8,'🚗 BÁO GIÁ TURBO '!$W$4:$W$690,0))="","",INDEX('🚗 BÁO GIÁ TURBO '!$I$4:$I$690,MATCH(8,'🚗 BÁO GIÁ TURBO '!$W$4:$W$690,0))),"") | I15: =IFERROR(IF(INDEX('🚗 BÁO GIÁ TURBO '!$J$4:$J$690,MATCH(8,'🚗 BÁO GIÁ TURBO '!$W$4:$W$690,0))="","",INDEX('🚗 BÁO GIÁ TURBO '!$J$4:$J$690,MATCH(8,'🚗 BÁO GIÁ TURBO '!$W$4:$W$690,0))),"")
A16: =IFERROR(IF(INDEX('🚗 BÁO GIÁ TURBO '!$A$4:$A$690,MATCH(9,'🚗 BÁO GIÁ TURBO '!$W$4:$W$690,0))="","",INDEX('🚗 BÁO GIÁ TURBO '!$A$4:$A$690,MATCH(9,'🚗 BÁO GIÁ TURBO '!$W$4:$W$690,0))),"") | B16: =IFERROR(IF(INDEX('🚗 BÁO GIÁ TURBO '!$B$4:$B$690,MATCH(9,'🚗 BÁO GIÁ TURBO '!$W$4:$W$690,0))="","",INDEX('🚗 BÁO GIÁ TURBO '!$B$4:$B$690,MATCH(9,'🚗 BÁO GIÁ TURBO '!$W$4:$W$690,0))),"") | C16: =IFERROR(IF(INDEX('🚗 BÁO GIÁ TURBO '!$D$4:$D$690,MATCH(9,'🚗 BÁO GIÁ TURBO '!$W$4:$W$690,0))="","",INDEX('🚗 BÁO GIÁ TURBO '!$D$4:$D$690,MATCH(9,'🚗 BÁO GIÁ TURBO '!$W$4:$W$690,0))),"") | D16: =IFERROR(IF(INDEX('🚗 BÁO GIÁ TURBO '!$E$4:$E$690,MATCH(9,'🚗 BÁO GIÁ TURBO '!$W$4:$W$690,0))="","",INDEX('🚗 BÁO GIÁ TURBO '!$E$4:$E$690,MATCH(9,'🚗 BÁO GIÁ TURBO '!$W$4:$W$690,0))),"") | E16: =IFERROR(IF(INDEX('🚗 BÁO GIÁ TURBO '!$F$4:$F$690,MATCH(9,'🚗 BÁO GIÁ TURBO '!$W$4:$W$690,0))="","",INDEX('🚗 BÁO GIÁ TURBO '!$F$4:$F$690,MATCH(9,'🚗 BÁO GIÁ TURBO '!$W$4:$W$690,0))),"") | F16: =IFERROR(IF(INDEX('🚗 BÁO GIÁ TURBO '!$G$4:$G$690,MATCH(9,'🚗 BÁO GIÁ TURBO '!$W$4:$W$690,0))="","",INDEX('🚗 BÁO GIÁ TURBO '!$G$4:$G$690,MATCH(9,'🚗 BÁO GIÁ TURBO '!$W$4:$W$690,0))),"") | G16: =IFERROR(IF(INDEX('🚗 BÁO GIÁ TURBO '!$H$4:$H$690,MATCH(9,'🚗 BÁO GIÁ TURBO '!$W$4:$W$690,0))="","",INDEX('🚗 BÁO GIÁ TURBO '!$H$4:$H$690,MATCH(9,'🚗 BÁO GIÁ TURBO '!$W$4:$W$690,0))),"") | H16: =IFERROR(IF(INDEX('🚗 BÁO GIÁ TURBO '!$I$4:$I$690,MATCH(9,'🚗 BÁO GIÁ TURBO '!$W$4:$W$690,0))="","",INDEX('🚗 BÁO GIÁ TURBO '!$I$4:$I$690,MATCH(9,'🚗 BÁO GIÁ TURBO '!$W$4:$W$690,0))),"") | I16: =IFERROR(IF(INDEX('🚗 BÁO GIÁ TURBO '!$J$4:$J$690,MATCH(9,'🚗 BÁO GIÁ TURBO '!$W$4:$W$690,0))="","",INDEX('🚗 BÁO GIÁ TURBO '!$J$4:$J$690,MATCH(9,'🚗 BÁO GIÁ TURBO '!$W$4:$W$690,0))),"")
A17: =IFERROR(IF(INDEX('🚗 BÁO GIÁ TURBO '!$A$4:$A$690,MATCH(10,'🚗 BÁO GIÁ TURBO '!$W$4:$W$690,0))="","",INDEX('🚗 BÁO GIÁ TURBO '!$A$4:$A$690,MATCH(10,'🚗 BÁO GIÁ TURBO '!$W$4:$W$690,0))),"") | B17: =IFERROR(IF(INDEX('🚗 BÁO GIÁ TURBO '!$B$4:$B$690,MATCH(10,'🚗 BÁO GIÁ TURBO '!$W$4:$W$690,0))="","",INDEX('🚗 BÁO GIÁ TURBO '!$B$4:$B$690,MATCH(10,'🚗 BÁO GIÁ TURBO '!$W$4:$W$690,0))),"") | C17: =IFERROR(IF(INDEX('🚗 BÁO GIÁ TURBO '!$D$4:$D$690,MATCH(10,'🚗 BÁO GIÁ TURBO '!$W$4:$W$690,0))="","",INDEX('🚗 BÁO GIÁ TURBO '!$D$4:$D$690,MATCH(10,'🚗 BÁO GIÁ TURBO '!$W$4:$W$690,0))),"") | D17: =IFERROR(IF(INDEX('🚗 BÁO GIÁ TURBO '!$E$4:$E$690,MATCH(10,'🚗 BÁO GIÁ TURBO '!$W$4:$W$690,0))="","",INDEX('🚗 BÁO GIÁ TURBO '!$E$4:$E$690,MATCH(10,'🚗 BÁO GIÁ TURBO '!$W$4:$W$690,0))),"") | E17: =IFERROR(IF(INDEX('🚗 BÁO GIÁ TURBO '!$F$4:$F$690,MATCH(10,'🚗 BÁO GIÁ TURBO '!$W$4:$W$690,0))="","",INDEX('🚗 BÁO GIÁ TURBO '!$F$4:$F$690,MATCH(10,'🚗 BÁO GIÁ TURBO '!$W$4:$W$690,0))),"") | F17: =IFERROR(IF(INDEX('🚗 BÁO GIÁ TURBO '!$G$4:$G$690,MATCH(10,'🚗 BÁO GIÁ TURBO '!$W$4:$W$690,0))="","",INDEX('🚗 BÁO GIÁ TURBO '!$G$4:$G$690,MATCH(10,'🚗 BÁO GIÁ TURBO '!$W$4:$W$690,0))),"") | G17: =IFERROR(IF(INDEX('🚗 BÁO GIÁ TURBO '!$H$4:$H$690,MATCH(10,'🚗 BÁO GIÁ TURBO '!$W$4:$W$690,0))="","",INDEX('🚗 BÁO GIÁ TURBO '!$H$4:$H$690,MATCH(10,'🚗 BÁO GIÁ TURBO '!$W$4:$W$690,0))),"") | H17: =IFERROR(IF(INDEX('🚗 BÁO GIÁ TURBO '!$I$4:$I$690,MATCH(10,'🚗 BÁO GIÁ TURBO '!$W$4:$W$690,0))="","",INDEX('🚗 BÁO GIÁ TURBO '!$I$4:$I$690,MATCH(10,'🚗 BÁO GIÁ TURBO '!$W$4:$W$690,0))),"") | I17: =IFERROR(IF(INDEX('🚗 BÁO GIÁ TURBO '!$J$4:$J$690,MATCH(10,'🚗 BÁO GIÁ TURBO '!$W$4:$W$690,0))="","",INDEX('🚗 BÁO GIÁ TURBO '!$J$4:$J$690,MATCH(10,'🚗 BÁO GIÁ TURBO '!$W$4:$W$690,0))),"")
A18: =IFERROR(IF(INDEX('🚗 BÁO GIÁ TURBO '!$A$4:$A$690,MATCH(11,'🚗 BÁO GIÁ TURBO '!$W$4:$W$690,0))="","",INDEX('🚗 BÁO GIÁ TURBO '!$A$4:$A$690,MATCH(11,'🚗 BÁO GIÁ TURBO '!$W$4:$W$690,0))),"") | B18: =IFERROR(IF(INDEX('🚗 BÁO GIÁ TURBO '!$B$4:$B$690,MATCH(11,'🚗 BÁO GIÁ TURBO '!$W$4:$W$690,0))="","",INDEX('🚗 BÁO GIÁ TURBO '!$B$4:$B$690,MATCH(11,'🚗 BÁO GIÁ TURBO '!$W$4:$W$690,0))),"") | C18: =IFERROR(IF(INDEX('🚗 BÁO GIÁ TURBO '!$D$4:$D$690,MATCH(11,'🚗 BÁO GIÁ TURBO '!$W$4:$W$690,0))="","",INDEX('🚗 BÁO GIÁ TURBO '!$D$4:$D$690,MATCH(11,'🚗 BÁO GIÁ TURBO '!$W$4:$W$690,0))),"") | D18: =IFERROR(IF(INDEX('🚗 BÁO GIÁ TURBO '!$E$4:$E$690,MATCH(11,'🚗 BÁO GIÁ TURBO '!$W$4:$W$690,0))="","",INDEX('🚗 BÁO GIÁ TURBO '!$E$4:$E$690,MATCH(11,'🚗 BÁO GIÁ TURBO '!$W$4:$W$690,0))),"") | E18: =IFERROR(IF(INDEX('🚗 BÁO GIÁ TURBO '!$F$4:$F$690,MATCH(11,'🚗 BÁO GIÁ TURBO '!$W$4:$W$690,0))="","",INDEX('🚗 BÁO GIÁ TURBO '!$F$4:$F$690,MATCH(11,'🚗 BÁO GIÁ TURBO '!$W$4:$W$690,0))),"") | F18: =IFERROR(IF(INDEX('🚗 BÁO GIÁ TURBO '!$G$4:$G$690,MATCH(11,'🚗 BÁO GIÁ TURBO '!$W$4:$W$690,0))="","",INDEX('🚗 BÁO GIÁ TURBO '!$G$4:$G$690,MATCH(11,'🚗 BÁO GIÁ TURBO '!$W$4:$W$690,0))),"") | G18: =IFERROR(IF(INDEX('🚗 BÁO GIÁ TURBO '!$H$4:$H$690,MATCH(11,'🚗 BÁO GIÁ TURBO '!$W$4:$W$690,0))="","",INDEX('🚗 BÁO GIÁ TURBO '!$H$4:$H$690,MATCH(11,'🚗 BÁO GIÁ TURBO '!$W$4:$W$690,0))),"") | H18: =IFERROR(IF(INDEX('🚗 BÁO GIÁ TURBO '!$I$4:$I$690,MATCH(11,'🚗 BÁO GIÁ TURBO '!$W$4:$W$690,0))="","",INDEX('🚗 BÁO GIÁ TURBO '!$I$4:$I$690,MATCH(11,'🚗 BÁO GIÁ TURBO '!$W$4:$W$690,0))),"") | I18: =IFERROR(IF(INDEX('🚗 BÁO GIÁ TURBO '!$J$4:$J$690,MATCH(11,'🚗 BÁO GIÁ TURBO '!$W$4:$W$690,0))="","",INDEX('🚗 BÁO GIÁ TURBO '!$J$4:$J$690,MATCH(11,'🚗 BÁO GIÁ TURBO '!$W$4:$W$690,0))),"")
A19: =IFERROR(IF(INDEX('🚗 BÁO GIÁ TURBO '!$A$4:$A$690,MATCH(12,'🚗 BÁO GIÁ TURBO '!$W$4:$W$690,0))="","",INDEX('🚗 BÁO GIÁ TURBO '!$A$4:$A$690,MATCH(12,'🚗 BÁO GIÁ TURBO '!$W$4:$W$690,0))),"") | B19: =IFERROR(IF(INDEX('🚗 BÁO GIÁ TURBO '!$B$4:$B$690,MATCH(12,'🚗 BÁO GIÁ TURBO '!$W$4:$W$690,0))="","",INDEX('🚗 BÁO GIÁ TURBO '!$B$4:$B$690,MATCH(12,'🚗 BÁO GIÁ TURBO '!$W$4:$W$690,0))),"") | C19: =IFERROR(IF(INDEX('🚗 BÁO GIÁ TURBO '!$D$4:$D$690,MATCH(12,'🚗 BÁO GIÁ TURBO '!$W$4:$W$690,0))="","",INDEX('🚗 BÁO GIÁ TURBO '!$D$4:$D$690,MATCH(12,'🚗 BÁO GIÁ TURBO '!$W$4:$W$690,0))),"") | D19: =IFERROR(IF(INDEX('🚗 BÁO GIÁ TURBO '!$E$4:$E$690,MATCH(12,'🚗 BÁO GIÁ TURBO '!$W$4:$W$690,0))="","",INDEX('🚗 BÁO GIÁ TURBO '!$E$4:$E$690,MATCH(12,'🚗 BÁO GIÁ TURBO '!$W$4:$W$690,0))),"") | E19: =IFERROR(IF(INDEX('🚗 BÁO GIÁ TURBO '!$F$4:$F$690,MATCH(12,'🚗 BÁO GIÁ TURBO '!$W$4:$W$690,0))="","",INDEX('🚗 BÁO GIÁ TURBO '!$F$4:$F$690,MATCH(12,'🚗 BÁO GIÁ TURBO '!$W$4:$W$690,0))),"") | F19: =IFERROR(IF(INDEX('🚗 BÁO GIÁ TURBO '!$G$4:$G$690,MATCH(12,'🚗 BÁO GIÁ TURBO '!$W$4:$W$690,0))="","",INDEX('🚗 BÁO GIÁ TURBO '!$G$4:$G$690,MATCH(12,'🚗 BÁO GIÁ TURBO '!$W$4:$W$690,0))),"") | G19: =IFERROR(IF(INDEX('🚗 BÁO GIÁ TURBO '!$H$4:$H$690,MATCH(12,'🚗 BÁO GIÁ TURBO '!$W$4:$W$690,0))="","",INDEX('🚗 BÁO GIÁ TURBO '!$H$4:$H$690,MATCH(12,'🚗 BÁO GIÁ TURBO '!$W$4:$W$690,0))),"") | H19: =IFERROR(IF(INDEX('🚗 BÁO GIÁ TURBO '!$I$4:$I$690,MATCH(12,'🚗 BÁO GIÁ TURBO '!$W$4:$W$690,0))="","",INDEX('🚗 BÁO GIÁ TURBO '!$I$4:$I$690,MATCH(12,'🚗 BÁO GIÁ TURBO '!$W$4:$W$690,0))),"") | I19: =IFERROR(IF(INDEX('🚗 BÁO GIÁ TURBO '!$J$4:$J$690,MATCH(12,'🚗 BÁO GIÁ TURBO '!$W$4:$W$690,0))="","",INDEX('🚗 BÁO GIÁ TURBO '!$J$4:$J$690,MATCH(12,'🚗 BÁO GIÁ TURBO '!$W$4:$W$690,0))),"")
A20: =IFERROR(IF(INDEX('🚗 BÁO GIÁ TURBO '!$A$4:$A$690,MATCH(13,'🚗 BÁO GIÁ TURBO '!$W$4:$W$690,0))="","",INDEX('🚗 BÁO GIÁ TURBO '!$A$4:$A$690,MATCH(13,'🚗 BÁO GIÁ TURBO '!$W$4:$W$690,0))),"") | B20: =IFERROR(IF(INDEX('🚗 BÁO GIÁ TURBO '!$B$4:$B$690,MATCH(13,'🚗 BÁO GIÁ TURBO '!$W$4:$W$690,0))="","",INDEX('🚗 BÁO GIÁ TURBO '!$B$4:$B$690,MATCH(13,'🚗 BÁO GIÁ TURBO '!$W$4:$W$690,0))),"") | C20: =IFERROR(IF(INDEX('🚗 BÁO GIÁ TURBO '!$D$4:$D$690,MATCH(13,'🚗 BÁO GIÁ TURBO '!$W$4:$W$690,0))="","",INDEX('🚗 BÁO GIÁ TURBO '!$D$4:$D$690,MATCH(13,'🚗 BÁO GIÁ TURBO '!$W$4:$W$690,0))),"") | D20: =IFERROR(IF(INDEX('🚗 BÁO GIÁ TURBO '!$E$4:$E$690,MATCH(13,'🚗 BÁO GIÁ TURBO '!$W$4:$W$690,0))="","",INDEX('🚗 BÁO GIÁ TURBO '!$E$4:$E$690,MATCH(13,'🚗 BÁO GIÁ TURBO '!$W$4:$W$690,0))),"") | E20: =IFERROR(IF(INDEX('🚗 BÁO GIÁ TURBO '!$F$4:$F$690,MATCH(13,'🚗 BÁO GIÁ TURBO '!$W$4:$W$690,0))="","",INDEX('🚗 BÁO GIÁ TURBO '!$F$4:$F$690,MATCH(13,'🚗 BÁO GIÁ TURBO '!$W$4:$W$690,0))),"") | F20: =IFERROR(IF(INDEX('🚗 BÁO GIÁ TURBO '!$G$4:$G$690,MATCH(13,'🚗 BÁO GIÁ TURBO '!$W$4:$W$690,0))="","",INDEX('🚗 BÁO GIÁ TURBO '!$G$4:$G$690,MATCH(13,'🚗 BÁO GIÁ TURBO '!$W$4:$W$690,0))),"") | G20: =IFERROR(IF(INDEX('🚗 BÁO GIÁ TURBO '!$H$4:$H$690,MATCH(13,'🚗 BÁO GIÁ TURBO '!$W$4:$W$690,0))="","",INDEX('🚗 BÁO GIÁ TURBO '!$H$4:$H$690,MATCH(13,'🚗 BÁO GIÁ TURBO '!$W$4:$W$690,0))),"") | H20: =IFERROR(IF(INDEX('🚗 BÁO GIÁ TURBO '!$I$4:$I$690,MATCH(13,'🚗 BÁO GIÁ TURBO '!$W$4:$W$690,0))="","",INDEX('🚗 BÁO GIÁ TURBO '!$I$4:$I$690,MATCH(13,'🚗 BÁO GIÁ TURBO '!$W$4:$W$690,0))),"") | I20: =IFERROR(IF(INDEX('🚗 BÁO GIÁ TURBO '!$J$4:$J$690,MATCH(13,'🚗 BÁO GIÁ TURBO '!$W$4:$W$690,0))="","",INDEX('🚗 BÁO GIÁ TURBO '!$J$4:$J$690,MATCH(13,'🚗 BÁO GIÁ TURBO '!$W$4:$W$690,0))),"")
A21: =IFERROR(IF(INDEX('🚗 BÁO GIÁ TURBO '!$A$4:$A$690,MATCH(14,'🚗 BÁO GIÁ TURBO '!$W$4:$W$690,0))="","",INDEX('🚗 BÁO GIÁ TURBO '!$A$4:$A$690,MATCH(14,'🚗 BÁO GIÁ TURBO '!$W$4:$W$690,0))),"") | B21: =IFERROR(IF(INDEX('🚗 BÁO GIÁ TURBO '!$B$4:$B$690,MATCH(14,'🚗 BÁO GIÁ TURBO '!$W$4:$W$690,0))="","",INDEX('🚗 BÁO GIÁ TURBO '!$B$4:$B$690,MATCH(14,'🚗 BÁO GIÁ TURBO '!$W$4:$W$690,0))),"") | C21: =IFERROR(IF(INDEX('🚗 BÁO GIÁ TURBO '!$D$4:$D$690,MATCH(14,'🚗 BÁO GIÁ TURBO '!$W$4:$W$690,0))="","",INDEX('🚗 BÁO GIÁ TURBO '!$D$4:$D$690,MATCH(14,'🚗 BÁO GIÁ TURBO '!$W$4:$W$690,0))),"") | D21: =IFERROR(IF(INDEX('🚗 BÁO GIÁ TURBO '!$E$4:$E$690,MATCH(14,'🚗 BÁO GIÁ TURBO '!$W$4:$W$690,0))="","",INDEX('🚗 BÁO GIÁ TURBO '!$E$4:$E$690,MATCH(14,'🚗 BÁO GIÁ TURBO '!$W$4:$W$690,0))),"") | E21: =IFERROR(IF(INDEX('🚗 BÁO GIÁ TURBO '!$F$4:$F$690,MATCH(14,'🚗 BÁO GIÁ TURBO '!$W$4:$W$690,0))="","",INDEX('🚗 BÁO GIÁ TURBO '!$F$4:$F$690,MATCH(14,'🚗 BÁO GIÁ TURBO '!$W$4:$W$690,0))),"") | F21: =IFERROR(IF(INDEX('🚗 BÁO GIÁ TURBO '!$G$4:$G$690,MATCH(14,'🚗 BÁO GIÁ TURBO '!$W$4:$W$690,0))="","",INDEX('🚗 BÁO GIÁ TURBO '!$G$4:$G$690,MATCH(14,'🚗 BÁO GIÁ TURBO '!$W$4:$W$690,0))),"") | G21: =IFERROR(IF(INDEX('🚗 BÁO GIÁ TURBO '!$H$4:$H$690,MATCH(14,'🚗 BÁO GIÁ TURBO '!$W$4:$W$690,0))="","",INDEX('🚗 BÁO GIÁ TURBO '!$H$4:$H$690,MATCH(14,'🚗 BÁO GIÁ TURBO '!$W$4:$W$690,0))),"") | H21: =IFERROR(IF(INDEX('🚗 BÁO GIÁ TURBO '!$I$4:$I$690,MATCH(14,'🚗 BÁO GIÁ TURBO '!$W$4:$W$690,0))="","",INDEX('🚗 BÁO GIÁ TURBO '!$I$4:$I$690,MATCH(14,'🚗 BÁO GIÁ TURBO '!$W$4:$W$690,0))),"") | I21: =IFERROR(IF(INDEX('🚗 BÁO GIÁ TURBO '!$J$4:$J$690,MATCH(14,'🚗 BÁO GIÁ TURBO '!$W$4:$W$690,0))="","",INDEX('🚗 BÁO GIÁ TURBO '!$J$4:$J$690,MATCH(14,'🚗 BÁO GIÁ TURBO '!$W$4:$W$690,0))),"")
A22: =IFERROR(IF(INDEX('🚗 BÁO GIÁ TURBO '!$A$4:$A$690,MATCH(15,'🚗 BÁO GIÁ TURBO '!$W$4:$W$690,0))="","",INDEX('🚗 BÁO GIÁ TURBO '!$A$4:$A$690,MATCH(15,'🚗 BÁO GIÁ TURBO '!$W$4:$W$690,0))),"") | B22: =IFERROR(IF(INDEX('🚗 BÁO GIÁ TURBO '!$B$4:$B$690,MATCH(15,'🚗 BÁO GIÁ TURBO '!$W$4:$W$690,0))="","",INDEX('🚗 BÁO GIÁ TURBO '!$B$4:$B$690,MATCH(15,'🚗 BÁO GIÁ TURBO '!$W$4:$W$690,0))),"") | C22: =IFERROR(IF(INDEX('🚗 BÁO GIÁ TURBO '!$D$4:$D$690,MATCH(15,'🚗 BÁO GIÁ TURBO '!$W$4:$W$690,0))="","",INDEX('🚗 BÁO GIÁ TURBO '!$D$4:$D$690,MATCH(15,'🚗 BÁO GIÁ TURBO '!$W$4:$W$690,0))),"") | D22: =IFERROR(IF(INDEX('🚗 BÁO GIÁ TURBO '!$E$4:$E$690,MATCH(15,'🚗 BÁO GIÁ TURBO '!$W$4:$W$690,0))="","",INDEX('🚗 BÁO GIÁ TURBO '!$E$4:$E$690,MATCH(15,'🚗 BÁO GIÁ TURBO '!$W$4:$W$690,0))),"") | E22: =IFERROR(IF(INDEX('🚗 BÁO GIÁ TURBO '!$F$4:$F$690,MATCH(15,'🚗 BÁO GIÁ TURBO '!$W$4:$W$690,0))="","",INDEX('🚗 BÁO GIÁ TURBO '!$F$4:$F$690,MATCH(15,'🚗 BÁO GIÁ TURBO '!$W$4:$W$690,0))),"") | F22: =IFERROR(IF(INDEX('🚗 BÁO GIÁ TURBO '!$G$4:$G$690,MATCH(15,'🚗 BÁO GIÁ TURBO '!$W$4:$W$690,0))="","",INDEX('🚗 BÁO GIÁ TURBO '!$G$4:$G$690,MATCH(15,'🚗 BÁO GIÁ TURBO '!$W$4:$W$690,0))),"") | G22: =IFERROR(IF(INDEX('🚗 BÁO GIÁ TURBO '!$H$4:$H$690,MATCH(15,'🚗 BÁO GIÁ TURBO '!$W$4:$W$690,0))="","",INDEX('🚗 BÁO GIÁ TURBO '!$H$4:$H$690,MATCH(15,'🚗 BÁO GIÁ TURBO '!$W$4:$W$690,0))),"") | H22: =IFERROR(IF(INDEX('🚗 BÁO GIÁ TURBO '!$I$4:$I$690,MATCH(15,'🚗 BÁO GIÁ TURBO '!$W$4:$W$690,0))="","",INDEX('🚗 BÁO GIÁ TURBO '!$I$4:$I$690,MATCH(15,'🚗 BÁO GIÁ TURBO '!$W$4:$W$690,0))),"") | I22: =IFERROR(IF(INDEX('🚗 BÁO GIÁ TURBO '!$J$4:$J$690,MATCH(15,'🚗 BÁO GIÁ TURBO '!$W$4:$W$690,0))="","",INDEX('🚗 BÁO GIÁ TURBO '!$J$4:$J$690,MATCH(15,'🚗 BÁO GIÁ TURBO '!$W$4:$W$690,0))),"")
A23: =IFERROR(IF(INDEX('🚗 BÁO GIÁ TURBO '!$A$4:$A$690,MATCH(16,'🚗 BÁO GIÁ TURBO '!$W$4:$W$690,0))="","",INDEX('🚗 BÁO GIÁ TURBO '!$A$4:$A$690,MATCH(16,'🚗 BÁO GIÁ TURBO '!$W$4:$W$690,0))),"") | B23: =IFERROR(IF(INDEX('🚗 BÁO GIÁ TURBO '!$B$4:$B$690,MATCH(16,'🚗 BÁO GIÁ TURBO '!$W$4:$W$690,0))="","",INDEX('🚗 BÁO GIÁ TURBO '!$B$4:$B$690,MATCH(16,'🚗 BÁO GIÁ TURBO '!$W$4:$W$690,0))),"") | C23: =IFERROR(IF(INDEX('🚗 BÁO GIÁ TURBO '!$D$4:$D$690,MATCH(16,'🚗 BÁO GIÁ TURBO '!$W$4:$W$690,0))="","",INDEX('🚗 BÁO GIÁ TURBO '!$D$4:$D$690,MATCH(16,'🚗 BÁO GIÁ TURBO '!$W$4:$W$690,0))),"") | D23: =IFERROR(IF(INDEX('🚗 BÁO GIÁ TURBO '!$E$4:$E$690,MATCH(16,'🚗 BÁO GIÁ TURBO '!$W$4:$W$690,0))="","",INDEX('🚗 BÁO GIÁ TURBO '!$E$4:$E$690,MATCH(16,'🚗 BÁO GIÁ TURBO '!$W$4:$W$690,0))),"") | E23: =IFERROR(IF(INDEX('🚗 BÁO GIÁ TURBO '!$F$4:$F$690,MATCH(16,'🚗 BÁO GIÁ TURBO '!$W$4:$W$690,0))="","",INDEX('🚗 BÁO GIÁ TURBO '!$F$4:$F$690,MATCH(16,'🚗 BÁO GIÁ TURBO '!$W$4:$W$690,0))),"") | F23: =IFERROR(IF(INDEX('🚗 BÁO GIÁ TURBO '!$G$4:$G$690,MATCH(16,'🚗 BÁO GIÁ TURBO '!$W$4:$W$690,0))="","",INDEX('🚗 BÁO GIÁ TURBO '!$G$4:$G$690,MATCH(16,'🚗 BÁO GIÁ TURBO '!$W$4:$W$690,0))),"") | G23: =IFERROR(IF(INDEX('🚗 BÁO GIÁ TURBO '!$H$4:$H$690,MATCH(16,'🚗 BÁO GIÁ TURBO '!$W$4:$W$690,0))="","",INDEX('🚗 BÁO GIÁ TURBO '!$H$4:$H$690,MATCH(16,'🚗 BÁO GIÁ TURBO '!$W$4:$W$690,0))),"") | H23: =IFERROR(IF(INDEX('🚗 BÁO GIÁ TURBO '!$I$4:$I$690,MATCH(16,'🚗 BÁO GIÁ TURBO '!$W$4:$W$690,0))="","",INDEX('🚗 BÁO GIÁ TURBO '!$I$4:$I$690,MATCH(16,'🚗 BÁO GIÁ TURBO '!$W$4:$W$690,0))),"") | I23: =IFERROR(IF(INDEX('🚗 BÁO GIÁ TURBO '!$J$4:$J$690,MATCH(16,'🚗 BÁO GIÁ TURBO '!$W$4:$W$690,0))="","",INDEX('🚗 BÁO GIÁ TURBO '!$J$4:$J$690,MATCH(16,'🚗 BÁO GIÁ TURBO '!$W$4:$W$690,0))),"")
A24: =IFERROR(IF(INDEX('🚗 BÁO GIÁ TURBO '!$A$4:$A$690,MATCH(17,'🚗 BÁO GIÁ TURBO '!$W$4:$W$690,0))="","",INDEX('🚗 BÁO GIÁ TURBO '!$A$4:$A$690,MATCH(17,'🚗 BÁO GIÁ TURBO '!$W$4:$W$690,0))),"") | B24: =IFERROR(IF(INDEX('🚗 BÁO GIÁ TURBO '!$B$4:$B$690,MATCH(17,'🚗 BÁO GIÁ TURBO '!$W$4:$W$690,0))="","",INDEX('🚗 BÁO GIÁ TURBO '!$B$4:$B$690,MATCH(17,'🚗 BÁO GIÁ TURBO '!$W$4:$W$690,0))),"") | C24: =IFERROR(IF(INDEX('🚗 BÁO GIÁ TURBO '!$D$4:$D$690,MATCH(17,'🚗 BÁO GIÁ TURBO '!$W$4:$W$690,0))="","",INDEX('🚗 BÁO GIÁ TURBO '!$D$4:$D$690,MATCH(17,'🚗 BÁO GIÁ TURBO '!$W$4:$W$690,0))),"") | D24: =IFERROR(IF(INDEX('🚗 BÁO GIÁ TURBO '!$E$4:$E$690,MATCH(17,'🚗 BÁO GIÁ TURBO '!$W$4:$W$690,0))="","",INDEX('🚗 BÁO GIÁ TURBO '!$E$4:$E$690,MATCH(17,'🚗 BÁO GIÁ TURBO '!$W$4:$W$690,0))),"") | E24: =IFERROR(IF(INDEX('🚗 BÁO GIÁ TURBO '!$F$4:$F$690,MATCH(17,'🚗 BÁO GIÁ TURBO '!$W$4:$W$690,0))="","",INDEX('🚗 BÁO GIÁ TURBO '!$F$4:$F$690,MATCH(17,'🚗 BÁO GIÁ TURBO '!$W$4:$W$690,0))),"") | F24: =IFERROR(IF(INDEX('🚗 BÁO GIÁ TURBO '!$G$4:$G$690,MATCH(17,'🚗 BÁO GIÁ TURBO '!$W$4:$W$690,0))="","",INDEX('🚗 BÁO GIÁ TURBO '!$G$4:$G$690,MATCH(17,'🚗 BÁO GIÁ TURBO '!$W$4:$W$690,0))),"") | G24: =IFERROR(IF(INDEX('🚗 BÁO GIÁ TURBO '!$H$4:$H$690,MATCH(17,'🚗 BÁO GIÁ TURBO '!$W$4:$W$690,0))="","",INDEX('🚗 BÁO GIÁ TURBO '!$H$4:$H$690,MATCH(17,'🚗 BÁO GIÁ TURBO '!$W$4:$W$690,0))),"") | H24: =IFERROR(IF(INDEX('🚗 BÁO GIÁ TURBO '!$I$4:$I$690,MATCH(17,'🚗 BÁO GIÁ TURBO '!$W$4:$W$690,0))="","",INDEX('🚗 BÁO GIÁ TURBO '!$I$4:$I$690,MATCH(17,'🚗 BÁO GIÁ TURBO '!$W$4:$W$690,0))),"") | I24: =IFERROR(IF(INDEX('🚗 BÁO GIÁ TURBO '!$J$4:$J$690,MATCH(17,'🚗 BÁO GIÁ TURBO '!$W$4:$W$690,0))="","",INDEX('🚗 BÁO GIÁ TURBO '!$J$4:$J$690,MATCH(17,'🚗 BÁO GIÁ TURBO '!$W$4:$W$690,0))),"")
A25: =IFERROR(IF(INDEX('🚗 BÁO GIÁ TURBO '!$A$4:$A$690,MATCH(18,'🚗 BÁO GIÁ TURBO '!$W$4:$W$690,0))="","",INDEX('🚗 BÁO GIÁ TURBO '!$A$4:$A$690,MATCH(18,'🚗 BÁO GIÁ TURBO '!$W$4:$W$690,0))),"") | B25: =IFERROR(IF(INDEX('🚗 BÁO GIÁ TURBO '!$B$4:$B$690,MATCH(18,'🚗 BÁO GIÁ TURBO '!$W$4:$W$690,0))="","",INDEX('🚗 BÁO GIÁ TURBO '!$B$4:$B$690,MATCH(18,'🚗 BÁO GIÁ TURBO '!$W$4:$W$690,0))),"") | C25: =IFERROR(IF(INDEX('🚗 BÁO GIÁ TURBO '!$D$4:$D$690,MATCH(18,'🚗 BÁO GIÁ TURBO '!$W$4:$W$690,0))="","",INDEX('🚗 BÁO GIÁ TURBO '!$D$4:$D$690,MATCH(18,'🚗 BÁO GIÁ TURBO '!$W$4:$W$690,0))),"") | D25: =IFERROR(IF(INDEX('🚗 BÁO GIÁ TURBO '!$E$4:$E$690,MATCH(18,'🚗 BÁO GIÁ TURBO '!$W$4:$W$690,0))="","",INDEX('🚗 BÁO GIÁ TURBO '!$E$4:$E$690,MATCH(18,'🚗 BÁO GIÁ TURBO '!$W$4:$W$690,0))),"") | E25: =IFERROR(IF(INDEX('🚗 BÁO GIÁ TURBO '!$F$4:$F$690,MATCH(18,'🚗 BÁO GIÁ TURBO '!$W$4:$W$690,0))="","",INDEX('🚗 BÁO GIÁ TURBO '!$F$4:$F$690,MATCH(18,'🚗 BÁO GIÁ TURBO '!$W$4:$W$690,0))),"") | F25: =IFERROR(IF(INDEX('🚗 BÁO GIÁ TURBO '!$G$4:$G$690,MATCH(18,'🚗 BÁO GIÁ TURBO '!$W$4:$W$690,0))="","",INDEX('🚗 BÁO GIÁ TURBO '!$G$4:$G$690,MATCH(18,'🚗 BÁO GIÁ TURBO '!$W$4:$W$690,0))),"") | G25: =IFERROR(IF(INDEX('🚗 BÁO GIÁ TURBO '!$H$4:$H$690,MATCH(18,'🚗 BÁO GIÁ TURBO '!$W$4:$W$690,0))="","",INDEX('🚗 BÁO GIÁ TURBO '!$H$4:$H$690,MATCH(18,'🚗 BÁO GIÁ TURBO '!$W$4:$W$690,0))),"") | H25: =IFERROR(IF(INDEX('🚗 BÁO GIÁ TURBO '!$I$4:$I$690,MATCH(18,'🚗 BÁO GIÁ TURBO '!$W$4:$W$690,0))="","",INDEX('🚗 BÁO GIÁ TURBO '!$I$4:$I$690,MATCH(18,'🚗 BÁO GIÁ TURBO '!$W$4:$W$690,0))),"") | I25: =IFERROR(IF(INDEX('🚗 BÁO GIÁ TURBO '!$J$4:$J$690,MATCH(18,'🚗 BÁO GIÁ TURBO '!$W$4:$W$690,0))="","",INDEX('🚗 BÁO GIÁ TURBO '!$J$4:$J$690,MATCH(18,'🚗 BÁO GIÁ TURBO '!$W$4:$W$690,0))),"")
A26: =IFERROR(IF(INDEX('🚗 BÁO GIÁ TURBO '!$A$4:$A$690,MATCH(19,'🚗 BÁO GIÁ TURBO '!$W$4:$W$690,0))="","",INDEX('🚗 BÁO GIÁ TURBO '!$A$4:$A$690,MATCH(19,'🚗 BÁO GIÁ TURBO '!$W$4:$W$690,0))),"") | B26: =IFERROR(IF(INDEX('🚗 BÁO GIÁ TURBO '!$B$4:$B$690,MATCH(19,'🚗 BÁO GIÁ TURBO '!$W$4:$W$690,0))="","",INDEX('🚗 BÁO GIÁ TURBO '!$B$4:$B$690,MATCH(19,'🚗 BÁO GIÁ TURBO '!$W$4:$W$690,0))),"") | C26: =IFERROR(IF(INDEX('🚗 BÁO GIÁ TURBO '!$D$4:$D$690,MATCH(19,'🚗 BÁO GIÁ TURBO '!$W$4:$W$690,0))="","",INDEX('🚗 BÁO GIÁ TURBO '!$D$4:$D$690,MATCH(19,'🚗 BÁO GIÁ TURBO '!$W$4:$W$690,0))),"") | D26: =IFERROR(IF(INDEX('🚗 BÁO GIÁ TURBO '!$E$4:$E$690,MATCH(19,'🚗 BÁO GIÁ TURBO '!$W$4:$W$690,0))="","",INDEX('🚗 BÁO GIÁ TURBO '!$E$4:$E$690,MATCH(19,'🚗 BÁO GIÁ TURBO '!$W$4:$W$690,0))),"") | E26: =IFERROR(IF(INDEX('🚗 BÁO GIÁ TURBO '!$F$4:$F$690,MATCH(19,'🚗 BÁO GIÁ TURBO '!$W$4:$W$690,0))="","",INDEX('🚗 BÁO GIÁ TURBO '!$F$4:$F$690,MATCH(19,'🚗 BÁO GIÁ TURBO '!$W$4:$W$690,0))),"") | F26: =IFERROR(IF(INDEX('🚗 BÁO GIÁ TURBO '!$G$4:$G$690,MATCH(19,'🚗 BÁO GIÁ TURBO '!$W$4:$W$690,0))="","",INDEX('🚗 BÁO GIÁ TURBO '!$G$4:$G$690,MATCH(19,'🚗 BÁO GIÁ TURBO '!$W$4:$W$690,0))),"") | G26: =IFERROR(IF(INDEX('🚗 BÁO GIÁ TURBO '!$H$4:$H$690,MATCH(19,'🚗 BÁO GIÁ TURBO '!$W$4:$W$690,0))="","",INDEX('🚗 BÁO GIÁ TURBO '!$H$4:$H$690,MATCH(19,'🚗 BÁO GIÁ TURBO '!$W$4:$W$690,0))),"") | H26: =IFERROR(IF(INDEX('🚗 BÁO GIÁ TURBO '!$I$4:$I$690,MATCH(19,'🚗 BÁO GIÁ TURBO '!$W$4:$W$690,0))="","",INDEX('🚗 BÁO GIÁ TURBO '!$I$4:$I$690,MATCH(19,'🚗 BÁO GIÁ TURBO '!$W$4:$W$690,0))),"") | I26: =IFERROR(IF(INDEX('🚗 BÁO GIÁ TURBO '!$J$4:$J$690,MATCH(19,'🚗 BÁO GIÁ TURBO '!$W$4:$W$690,0))="","",INDEX('🚗 BÁO GIÁ TURBO '!$J$4:$J$690,MATCH(19,'🚗 BÁO GIÁ TURBO '!$W$4:$W$690,0))),"")
A27: =IFERROR(IF(INDEX('🚗 BÁO GIÁ TURBO '!$A$4:$A$690,MATCH(20,'🚗 BÁO GIÁ TURBO '!$W$4:$W$690,0))="","",INDEX('🚗 BÁO GIÁ TURBO '!$A$4:$A$690,MATCH(20,'🚗 BÁO GIÁ TURBO '!$W$4:$W$690,0))),"") | B27: =IFERROR(IF(INDEX('🚗 BÁO GIÁ TURBO '!$B$4:$B$690,MATCH(20,'🚗 BÁO GIÁ TURBO '!$W$4:$W$690,0))="","",INDEX('🚗 BÁO GIÁ TURBO '!$B$4:$B$690,MATCH(20,'🚗 BÁO GIÁ TURBO '!$W$4:$W$690,0))),"") | C27: =IFERROR(IF(INDEX('🚗 BÁO GIÁ TURBO '!$D$4:$D$690,MATCH(20,'🚗 BÁO GIÁ TURBO '!$W$4:$W$690,0))="","",INDEX('🚗 BÁO GIÁ TURBO '!$D$4:$D$690,MATCH(20,'🚗 BÁO GIÁ TURBO '!$W$4:$W$690,0))),"") | D27: =IFERROR(IF(INDEX('🚗 BÁO GIÁ TURBO '!$E$4:$E$690,MATCH(20,'🚗 BÁO GIÁ TURBO '!$W$4:$W$690,0))="","",INDEX('🚗 BÁO GIÁ TURBO '!$E$4:$E$690,MATCH(20,'🚗 BÁO GIÁ TURBO '!$W$4:$W$690,0))),"") | E27: =IFERROR(IF(INDEX('🚗 BÁO GIÁ TURBO '!$F$4:$F$690,MATCH(20,'🚗 BÁO GIÁ TURBO '!$W$4:$W$690,0))="","",INDEX('🚗 BÁO GIÁ TURBO '!$F$4:$F$690,MATCH(20,'🚗 BÁO GIÁ TURBO '!$W$4:$W$690,0))),"") | F27: =IFERROR(IF(INDEX('🚗 BÁO GIÁ TURBO '!$G$4:$G$690,MATCH(20,'🚗 BÁO GIÁ TURBO '!$W$4:$W$690,0))="","",INDEX('🚗 BÁO GIÁ TURBO '!$G$4:$G$690,MATCH(20,'🚗 BÁO GIÁ TURBO '!$W$4:$W$690,0))),"") | G27: =IFERROR(IF(INDEX('🚗 BÁO GIÁ TURBO '!$H$4:$H$690,MATCH(20,'🚗 BÁO GIÁ TURBO '!$W$4:$W$690,0))="","",INDEX('🚗 BÁO GIÁ TURBO '!$H$4:$H$690,MATCH(20,'🚗 BÁO GIÁ TURBO '!$W$4:$W$690,0))),"") | H27: =IFERROR(IF(INDEX('🚗 BÁO GIÁ TURBO '!$I$4:$I$690,MATCH(20,'🚗 BÁO GIÁ TURBO '!$W$4:$W$690,0))="","",INDEX('🚗 BÁO GIÁ TURBO '!$I$4:$I$690,MATCH(20,'🚗 BÁO GIÁ TURBO '!$W$4:$W$690,0))),"") | I27: =IFERROR(IF(INDEX('🚗 BÁO GIÁ TURBO '!$J$4:$J$690,MATCH(20,'🚗 BÁO GIÁ TURBO '!$W$4:$W$690,0))="","",INDEX('🚗 BÁO GIÁ TURBO '!$J$4:$J$690,MATCH(20,'🚗 BÁO GIÁ TURBO '!$W$4:$W$690,0))),"")
A30: 🔧 RUỘT TURBO (kết quả tra cứu — tối đa 20 dòng)
A31: HÃNG MÁY | B31: MÃ VT | C31: MODEL TURBO | D31: MÃ ĐỘNG CƠ | E31: OEM PART NO | F31: ĐẶC ĐIỂM | G31: ỨNG DỤNG | H31: GHI CHÚ | I31: THƯƠNG HIỆU
A32: =IFERROR(IF(INDEX('RUỘT TURBO'!$A$4:$A$892,MATCH(1,'RUỘT TURBO'!$U$4:$U$892,0))="","",INDEX('RUỘT TURBO'!$A$4:$A$892,MATCH(1,'RUỘT TURBO'!$U$4:$U$892,0))),"") | B32: =IFERROR(IF(INDEX('RUỘT TURBO'!$B$4:$B$892,MATCH(1,'RUỘT TURBO'!$U$4:$U$892,0))="","",INDEX('RUỘT TURBO'!$B$4:$B$892,MATCH(1,'RUỘT TURBO'!$U$4:$U$892,0))),"") | C32: =IFERROR(IF(INDEX('RUỘT TURBO'!$D$4:$D$892,MATCH(1,'RUỘT TURBO'!$U$4:$U$892,0))="","",INDEX('RUỘT TURBO'!$D$4:$D$892,MATCH(1,'RUỘT TURBO'!$U$4:$U$892,0))),"") | D32: =IFERROR(IF(INDEX('RUỘT TURBO'!$E$4:$E$892,MATCH(1,'RUỘT TURBO'!$U$4:$U$892,0))="","",INDEX('RUỘT TURBO'!$E$4:$E$892,MATCH(1,'RUỘT TURBO'!$U$4:$U$892,0))),"") | E32: =IFERROR(IF(INDEX('RUỘT TURBO'!$F$4:$F$892,MATCH(1,'RUỘT TURBO'!$U$4:$U$892,0))="","",INDEX('RUỘT TURBO'!$F$4:$F$892,MATCH(1,'RUỘT TURBO'!$U$4:$U$892,0))),"") | H32: =IFERROR(IF(INDEX('RUỘT TURBO'!$G$4:$G$892,MATCH(1,'RUỘT TURBO'!$U$4:$U$892,0))="","",INDEX('RUỘT TURBO'!$G$4:$G$892,MATCH(1,'RUỘT TURBO'!$U$4:$U$892,0))),"") | I32: =IFERROR(IF(INDEX('RUỘT TURBO'!$H$4:$H$892,MATCH(1,'RUỘT TURBO'!$U$4:$U$892,0))="","",INDEX('RUỘT TURBO'!$H$4:$H$892,MATCH(1,'RUỘT TURBO'!$U$4:$U$892,0))),"")
A33: =IFERROR(IF(INDEX('RUỘT TURBO'!$A$4:$A$892,MATCH(2,'RUỘT TURBO'!$U$4:$U$892,0))="","",INDEX('RUỘT TURBO'!$A$4:$A$892,MATCH(2,'RUỘT TURBO'!$U$4:$U$892,0))),"") | B33: =IFERROR(IF(INDEX('RUỘT TURBO'!$B$4:$B$892,MATCH(2,'RUỘT TURBO'!$U$4:$U$892,0))="","",INDEX('RUỘT TURBO'!$B$4:$B$892,MATCH(2,'RUỘT TURBO'!$U$4:$U$892,0))),"") | C33: =IFERROR(IF(INDEX('RUỘT TURBO'!$D$4:$D$892,MATCH(2,'RUỘT TURBO'!$U$4:$U$892,0))="","",INDEX('RUỘT TURBO'!$D$4:$D$892,MATCH(2,'RUỘT TURBO'!$U$4:$U$892,0))),"") | D33: =IFERROR(IF(INDEX('RUỘT TURBO'!$E$4:$E$892,MATCH(2,'RUỘT TURBO'!$U$4:$U$892,0))="","",INDEX('RUỘT TURBO'!$E$4:$E$892,MATCH(2,'RUỘT TURBO'!$U$4:$U$892,0))),"") | E33: =IFERROR(IF(INDEX('RUỘT TURBO'!$F$4:$F$892,MATCH(2,'RUỘT TURBO'!$U$4:$U$892,0))="","",INDEX('RUỘT TURBO'!$F$4:$F$892,MATCH(2,'RUỘT TURBO'!$U$4:$U$892,0))),"") | H33: =IFERROR(IF(INDEX('RUỘT TURBO'!$G$4:$G$892,MATCH(2,'RUỘT TURBO'!$U$4:$U$892,0))="","",INDEX('RUỘT TURBO'!$G$4:$G$892,MATCH(2,'RUỘT TURBO'!$U$4:$U$892,0))),"") | I33: =IFERROR(IF(INDEX('RUỘT TURBO'!$H$4:$H$892,MATCH(2,'RUỘT TURBO'!$U$4:$U$892,0))="","",INDEX('RUỘT TURBO'!$H$4:$H$892,MATCH(2,'RUỘT TURBO'!$U$4:$U$892,0))),"")
A34: =IFERROR(IF(INDEX('RUỘT TURBO'!$A$4:$A$892,MATCH(3,'RUỘT TURBO'!$U$4:$U$892,0))="","",INDEX('RUỘT TURBO'!$A$4:$A$892,MATCH(3,'RUỘT TURBO'!$U$4:$U$892,0))),"") | B34: =IFERROR(IF(INDEX('RUỘT TURBO'!$B$4:$B$892,MATCH(3,'RUỘT TURBO'!$U$4:$U$892,0))="","",INDEX('RUỘT TURBO'!$B$4:$B$892,MATCH(3,'RUỘT TURBO'!$U$4:$U$892,0))),"") | C34: =IFERROR(IF(INDEX('RUỘT TURBO'!$D$4:$D$892,MATCH(3,'RUỘT TURBO'!$U$4:$U$892,0))="","",INDEX('RUỘT TURBO'!$D$4:$D$892,MATCH(3,'RUỘT TURBO'!$U$4:$U$892,0))),"") | D34: =IFERROR(IF(INDEX('RUỘT TURBO'!$E$4:$E$892,MATCH(3,'RUỘT TURBO'!$U$4:$U$892,0))="","",INDEX('RUỘT TURBO'!$E$4:$E$892,MATCH(3,'RUỘT TURBO'!$U$4:$U$892,0))),"") | E34: =IFERROR(IF(INDEX('RUỘT TURBO'!$F$4:$F$892,MATCH(3,'RUỘT TURBO'!$U$4:$U$892,0))="","",INDEX('RUỘT TURBO'!$F$4:$F$892,MATCH(3,'RUỘT TURBO'!$U$4:$U$892,0))),"") | H34: =IFERROR(IF(INDEX('RUỘT TURBO'!$G$4:$G$892,MATCH(3,'RUỘT TURBO'!$U$4:$U$892,0))="","",INDEX('RUỘT TURBO'!$G$4:$G$892,MATCH(3,'RUỘT TURBO'!$U$4:$U$892,0))),"") | I34: =IFERROR(IF(INDEX('RUỘT TURBO'!$H$4:$H$892,MATCH(3,'RUỘT TURBO'!$U$4:$U$892,0))="","",INDEX('RUỘT TURBO'!$H$4:$H$892,MATCH(3,'RUỘT TURBO'!$U$4:$U$892,0))),"")
A35: =IFERROR(IF(INDEX('RUỘT TURBO'!$A$4:$A$892,MATCH(4,'RUỘT TURBO'!$U$4:$U$892,0))="","",INDEX('RUỘT TURBO'!$A$4:$A$892,MATCH(4,'RUỘT TURBO'!$U$4:$U$892,0))),"") | B35: =IFERROR(IF(INDEX('RUỘT TURBO'!$B$4:$B$892,MATCH(4,'RUỘT TURBO'!$U$4:$U$892,0))="","",INDEX('RUỘT TURBO'!$B$4:$B$892,MATCH(4,'RUỘT TURBO'!$U$4:$U$892,0))),"") | C35: =IFERROR(IF(INDEX('RUỘT TURBO'!$D$4:$D$892,MATCH(4,'RUỘT TURBO'!$U$4:$U$892,0))="","",INDEX('RUỘT TURBO'!$D$4:$D$892,MATCH(4,'RUỘT TURBO'!$U$4:$U$892,0))),"") | D35: =IFERROR(IF(INDEX('RUỘT TURBO'!$E$4:$E$892,MATCH(4,'RUỘT TURBO'!$U$4:$U$892,0))="","",INDEX('RUỘT TURBO'!$E$4:$E$892,MATCH(4,'RUỘT TURBO'!$U$4:$U$892,0))),"") | E35: =IFERROR(IF(INDEX('RUỘT TURBO'!$F$4:$F$892,MATCH(4,'RUỘT TURBO'!$U$4:$U$892,0))="","",INDEX('RUỘT TURBO'!$F$4:$F$892,MATCH(4,'RUỘT TURBO'!$U$4:$U$892,0))),"") | H35: =IFERROR(IF(INDEX('RUỘT TURBO'!$G$4:$G$892,MATCH(4,'RUỘT TURBO'!$U$4:$U$892,0))="","",INDEX('RUỘT TURBO'!$G$4:$G$892,MATCH(4,'RUỘT TURBO'!$U$4:$U$892,0))),"") | I35: =IFERROR(IF(INDEX('RUỘT TURBO'!$H$4:$H$892,MATCH(4,'RUỘT TURBO'!$U$4:$U$892,0))="","",INDEX('RUỘT TURBO'!$H$4:$H$892,MATCH(4,'RUỘT TURBO'!$U$4:$U$892,0))),"")
A36: =IFERROR(IF(INDEX('RUỘT TURBO'!$A$4:$A$892,MATCH(5,'RUỘT TURBO'!$U$4:$U$892,0))="","",INDEX('RUỘT TURBO'!$A$4:$A$892,MATCH(5,'RUỘT TURBO'!$U$4:$U$892,0))),"") | B36: =IFERROR(IF(INDEX('RUỘT TURBO'!$B$4:$B$892,MATCH(5,'RUỘT TURBO'!$U$4:$U$892,0))="","",INDEX('RUỘT TURBO'!$B$4:$B$892,MATCH(5,'RUỘT TURBO'!$U$4:$U$892,0))),"") | C36: =IFERROR(IF(INDEX('RUỘT TURBO'!$D$4:$D$892,MATCH(5,'RUỘT TURBO'!$U$4:$U$892,0))="","",INDEX('RUỘT TURBO'!$D$4:$D$892,MATCH(5,'RUỘT TURBO'!$U$4:$U$892,0))),"") | D36: =IFERROR(IF(INDEX('RUỘT TURBO'!$E$4:$E$892,MATCH(5,'RUỘT TURBO'!$U$4:$U$892,0))="","",INDEX('RUỘT TURBO'!$E$4:$E$892,MATCH(5,'RUỘT TURBO'!$U$4:$U$892,0))),"") | E36: =IFERROR(IF(INDEX('RUỘT TURBO'!$F$4:$F$892,MATCH(5,'RUỘT TURBO'!$U$4:$U$892,0))="","",INDEX('RUỘT TURBO'!$F$4:$F$892,MATCH(5,'RUỘT TURBO'!$U$4:$U$892,0))),"") | H36: =IFERROR(IF(INDEX('RUỘT TURBO'!$G$4:$G$892,MATCH(5,'RUỘT TURBO'!$U$4:$U$892,0))="","",INDEX('RUỘT TURBO'!$G$4:$G$892,MATCH(5,'RUỘT TURBO'!$U$4:$U$892,0))),"") | I36: =IFERROR(IF(INDEX('RUỘT TURBO'!$H$4:$H$892,MATCH(5,'RUỘT TURBO'!$U$4:$U$892,0))="","",INDEX('RUỘT TURBO'!$H$4:$H$892,MATCH(5,'RUỘT TURBO'!$U$4:$U$892,0))),"")
A37: =IFERROR(IF(INDEX('RUỘT TURBO'!$A$4:$A$892,MATCH(6,'RUỘT TURBO'!$U$4:$U$892,0))="","",INDEX('RUỘT TURBO'!$A$4:$A$892,MATCH(6,'RUỘT TURBO'!$U$4:$U$892,0))),"") | B37: =IFERROR(IF(INDEX('RUỘT TURBO'!$B$4:$B$892,MATCH(6,'RUỘT TURBO'!$U$4:$U$892,0))="","",INDEX('RUỘT TURBO'!$B$4:$B$892,MATCH(6,'RUỘT TURBO'!$U$4:$U$892,0))),"") | C37: =IFERROR(IF(INDEX('RUỘT TURBO'!$D$4:$D$892,MATCH(6,'RUỘT TURBO'!$U$4:$U$892,0))="","",INDEX('RUỘT TURBO'!$D$4:$D$892,MATCH(6,'RUỘT TURBO'!$U$4:$U$892,0))),"") | D37: =IFERROR(IF(INDEX('RUỘT TURBO'!$E$4:$E$892,MATCH(6,'RUỘT TURBO'!$U$4:$U$892,0))="","",INDEX('RUỘT TURBO'!$E$4:$E$892,MATCH(6,'RUỘT TURBO'!$U$4:$U$892,0))),"") | E37: =IFERROR(IF(INDEX('RUỘT TURBO'!$F$4:$F$892,MATCH(6,'RUỘT TURBO'!$U$4:$U$892,0))="","",INDEX('RUỘT TURBO'!$F$4:$F$892,MATCH(6,'RUỘT TURBO'!$U$4:$U$892,0))),"") | H37: =IFERROR(IF(INDEX('RUỘT TURBO'!$G$4:$G$892,MATCH(6,'RUỘT TURBO'!$U$4:$U$892,0))="","",INDEX('RUỘT TURBO'!$G$4:$G$892,MATCH(6,'RUỘT TURBO'!$U$4:$U$892,0))),"") | I37: =IFERROR(IF(INDEX('RUỘT TURBO'!$H$4:$H$892,MATCH(6,'RUỘT TURBO'!$U$4:$U$892,0))="","",INDEX('RUỘT TURBO'!$H$4:$H$892,MATCH(6,'RUỘT TURBO'!$U$4:$U$892,0))),"")
A38: =IFERROR(IF(INDEX('RUỘT TURBO'!$A$4:$A$892,MATCH(7,'RUỘT TURBO'!$U$4:$U$892,0))="","",INDEX('RUỘT TURBO'!$A$4:$A$892,MATCH(7,'RUỘT TURBO'!$U$4:$U$892,0))),"") | B38: =IFERROR(IF(INDEX('RUỘT TURBO'!$B$4:$B$892,MATCH(7,'RUỘT TURBO'!$U$4:$U$892,0))="","",INDEX('RUỘT TURBO'!$B$4:$B$892,MATCH(7,'RUỘT TURBO'!$U$4:$U$892,0))),"") | C38: =IFERROR(IF(INDEX('RUỘT TURBO'!$D$4:$D$892,MATCH(7,'RUỘT TURBO'!$U$4:$U$892,0))="","",INDEX('RUỘT TURBO'!$D$4:$D$892,MATCH(7,'RUỘT TURBO'!$U$4:$U$892,0))),"") | D38: =IFERROR(IF(INDEX('RUỘT TURBO'!$E$4:$E$892,MATCH(7,'RUỘT TURBO'!$U$4:$U$892,0))="","",INDEX('RUỘT TURBO'!$E$4:$E$892,MATCH(7,'RUỘT TURBO'!$U$4:$U$892,0))),"") | E38: =IFERROR(IF(INDEX('RUỘT TURBO'!$F$4:$F$892,MATCH(7,'RUỘT TURBO'!$U$4:$U$892,0))="","",INDEX('RUỘT TURBO'!$F$4:$F$892,MATCH(7,'RUỘT TURBO'!$U$4:$U$892,0))),"") | H38: =IFERROR(IF(INDEX('RUỘT TURBO'!$G$4:$G$892,MATCH(7,'RUỘT TURBO'!$U$4:$U$892,0))="","",INDEX('RUỘT TURBO'!$G$4:$G$892,MATCH(7,'RUỘT TURBO'!$U$4:$U$892,0))),"") | I38: =IFERROR(IF(INDEX('RUỘT TURBO'!$H$4:$H$892,MATCH(7,'RUỘT TURBO'!$U$4:$U$892,0))="","",INDEX('RUỘT TURBO'!$H$4:$H$892,MATCH(7,'RUỘT TURBO'!$U$4:$U$892,0))),"")
A39: =IFERROR(IF(INDEX('RUỘT TURBO'!$A$4:$A$892,MATCH(8,'RUỘT TURBO'!$U$4:$U$892,0))="","",INDEX('RUỘT TURBO'!$A$4:$A$892,MATCH(8,'RUỘT TURBO'!$U$4:$U$892,0))),"") | B39: =IFERROR(IF(INDEX('RUỘT TURBO'!$B$4:$B$892,MATCH(8,'RUỘT TURBO'!$U$4:$U$892,0))="","",INDEX('RUỘT TURBO'!$B$4:$B$892,MATCH(8,'RUỘT TURBO'!$U$4:$U$892,0))),"") | C39: =IFERROR(IF(INDEX('RUỘT TURBO'!$D$4:$D$892,MATCH(8,'RUỘT TURBO'!$U$4:$U$892,0))="","",INDEX('RUỘT TURBO'!$D$4:$D$892,MATCH(8,'RUỘT TURBO'!$U$4:$U$892,0))),"") | D39: =IFERROR(IF(INDEX('RUỘT TURBO'!$E$4:$E$892,MATCH(8,'RUỘT TURBO'!$U$4:$U$892,0))="","",INDEX('RUỘT TURBO'!$E$4:$E$892,MATCH(8,'RUỘT TURBO'!$U$4:$U$892,0))),"") | E39: =IFERROR(IF(INDEX('RUỘT TURBO'!$F$4:$F$892,MATCH(8,'RUỘT TURBO'!$U$4:$U$892,0))="","",INDEX('RUỘT TURBO'!$F$4:$F$892,MATCH(8,'RUỘT TURBO'!$U$4:$U$892,0))),"") | H39: =IFERROR(IF(INDEX('RUỘT TURBO'!$G$4:$G$892,MATCH(8,'RUỘT TURBO'!$U$4:$U$892,0))="","",INDEX('RUỘT TURBO'!$G$4:$G$892,MATCH(8,'RUỘT TURBO'!$U$4:$U$892,0))),"") | I39: =IFERROR(IF(INDEX('RUỘT TURBO'!$H$4:$H$892,MATCH(8,'RUỘT TURBO'!$U$4:$U$892,0))="","",INDEX('RUỘT TURBO'!$H$4:$H$892,MATCH(8,'RUỘT TURBO'!$U$4:$U$892,0))),"")
A40: =IFERROR(IF(INDEX('RUỘT TURBO'!$A$4:$A$892,MATCH(9,'RUỘT TURBO'!$U$4:$U$892,0))="","",INDEX('RUỘT TURBO'!$A$4:$A$892,MATCH(9,'RUỘT TURBO'!$U$4:$U$892,0))),"") | B40: =IFERROR(IF(INDEX('RUỘT TURBO'!$B$4:$B$892,MATCH(9,'RUỘT TURBO'!$U$4:$U$892,0))="","",INDEX('RUỘT TURBO'!$B$4:$B$892,MATCH(9,'RUỘT TURBO'!$U$4:$U$892,0))),"") | C40: =IFERROR(IF(INDEX('RUỘT TURBO'!$D$4:$D$892,MATCH(9,'RUỘT TURBO'!$U$4:$U$892,0))="","",INDEX('RUỘT TURBO'!$D$4:$D$892,MATCH(9,'RUỘT TURBO'!$U$4:$U$892,0))),"") | D40: =IFERROR(IF(INDEX('RUỘT TURBO'!$E$4:$E$892,MATCH(9,'RUỘT TURBO'!$U$4:$U$892,0))="","",INDEX('RUỘT TURBO'!$E$4:$E$892,MATCH(9,'RUỘT TURBO'!$U$4:$U$892,0))),"") | E40: =IFERROR(IF(INDEX('RUỘT TURBO'!$F$4:$F$892,MATCH(9,'RUỘT TURBO'!$U$4:$U$892,0))="","",INDEX('RUỘT TURBO'!$F$4:$F$892,MATCH(9,'RUỘT TURBO'!$U$4:$U$892,0))),"") | H40: =IFERROR(IF(INDEX('RUỘT TURBO'!$G$4:$G$892,MATCH(9,'RUỘT TURBO'!$U$4:$U$892,0))="","",INDEX('RUỘT TURBO'!$G$4:$G$892,MATCH(9,'RUỘT TURBO'!$U$4:$U$892,0))),"") | I40: =IFERROR(IF(INDEX('RUỘT TURBO'!$H$4:$H$892,MATCH(9,'RUỘT TURBO'!$U$4:$U$892,0))="","",INDEX('RUỘT TURBO'!$H$4:$H$892,MATCH(9,'RUỘT TURBO'!$U$4:$U$892,0))),"")
A41: =IFERROR(IF(INDEX('RUỘT TURBO'!$A$4:$A$892,MATCH(10,'RUỘT TURBO'!$U$4:$U$892,0))="","",INDEX('RUỘT TURBO'!$A$4:$A$892,MATCH(10,'RUỘT TURBO'!$U$4:$U$892,0))),"") | B41: =IFERROR(IF(INDEX('RUỘT TURBO'!$B$4:$B$892,MATCH(10,'RUỘT TURBO'!$U$4:$U$892,0))="","",INDEX('RUỘT TURBO'!$B$4:$B$892,MATCH(10,'RUỘT TURBO'!$U$4:$U$892,0))),"") | C41: =IFERROR(IF(INDEX('RUỘT TURBO'!$D$4:$D$892,MATCH(10,'RUỘT TURBO'!$U$4:$U$892,0))="","",INDEX('RUỘT TURBO'!$D$4:$D$892,MATCH(10,'RUỘT TURBO'!$U$4:$U$892,0))),"") | D41: =IFERROR(IF(INDEX('RUỘT TURBO'!$E$4:$E$892,MATCH(10,'RUỘT TURBO'!$U$4:$U$892,0))="","",INDEX('RUỘT TURBO'!$E$4:$E$892,MATCH(10,'RUỘT TURBO'!$U$4:$U$892,0))),"") | E41: =IFERROR(IF(INDEX('RUỘT TURBO'!$F$4:$F$892,MATCH(10,'RUỘT TURBO'!$U$4:$U$892,0))="","",INDEX('RUỘT TURBO'!$F$4:$F$892,MATCH(10,'RUỘT TURBO'!$U$4:$U$892,0))),"") | H41: =IFERROR(IF(INDEX('RUỘT TURBO'!$G$4:$G$892,MATCH(10,'RUỘT TURBO'!$U$4:$U$892,0))="","",INDEX('RUỘT TURBO'!$G$4:$G$892,MATCH(10,'RUỘT TURBO'!$U$4:$U$892,0))),"") | I41: =IFERROR(IF(INDEX('RUỘT TURBO'!$H$4:$H$892,MATCH(10,'RUỘT TURBO'!$U$4:$U$892,0))="","",INDEX('RUỘT TURBO'!$H$4:$H$892,MATCH(10,'RUỘT TURBO'!$U$4:$U$892,0))),"")
A42: =IFERROR(IF(INDEX('RUỘT TURBO'!$A$4:$A$892,MATCH(11,'RUỘT TURBO'!$U$4:$U$892,0))="","",INDEX('RUỘT TURBO'!$A$4:$A$892,MATCH(11,'RUỘT TURBO'!$U$4:$U$892,0))),"") | B42: =IFERROR(IF(INDEX('RUỘT TURBO'!$B$4:$B$892,MATCH(11,'RUỘT TURBO'!$U$4:$U$892,0))="","",INDEX('RUỘT TURBO'!$B$4:$B$892,MATCH(11,'RUỘT TURBO'!$U$4:$U$892,0))),"") | C42: =IFERROR(IF(INDEX('RUỘT TURBO'!$D$4:$D$892,MATCH(11,'RUỘT TURBO'!$U$4:$U$892,0))="","",INDEX('RUỘT TURBO'!$D$4:$D$892,MATCH(11,'RUỘT TURBO'!$U$4:$U$892,0))),"") | D42: =IFERROR(IF(INDEX('RUỘT TURBO'!$E$4:$E$892,MATCH(11,'RUỘT TURBO'!$U$4:$U$892,0))="","",INDEX('RUỘT TURBO'!$E$4:$E$892,MATCH(11,'RUỘT TURBO'!$U$4:$U$892,0))),"") | E42: =IFERROR(IF(INDEX('RUỘT TURBO'!$F$4:$F$892,MATCH(11,'RUỘT TURBO'!$U$4:$U$892,0))="","",INDEX('RUỘT TURBO'!$F$4:$F$892,MATCH(11,'RUỘT TURBO'!$U$4:$U$892,0))),"") | H42: =IFERROR(IF(INDEX('RUỘT TURBO'!$G$4:$G$892,MATCH(11,'RUỘT TURBO'!$U$4:$U$892,0))="","",INDEX('RUỘT TURBO'!$G$4:$G$892,MATCH(11,'RUỘT TURBO'!$U$4:$U$892,0))),"") | I42: =IFERROR(IF(INDEX('RUỘT TURBO'!$H$4:$H$892,MATCH(11,'RUỘT TURBO'!$U$4:$U$892,0))="","",INDEX('RUỘT TURBO'!$H$4:$H$892,MATCH(11,'RUỘT TURBO'!$U$4:$U$892,0))),"")
A43: =IFERROR(IF(INDEX('RUỘT TURBO'!$A$4:$A$892,MATCH(12,'RUỘT TURBO'!$U$4:$U$892,0))="","",INDEX('RUỘT TURBO'!$A$4:$A$892,MATCH(12,'RUỘT TURBO'!$U$4:$U$892,0))),"") | B43: =IFERROR(IF(INDEX('RUỘT TURBO'!$B$4:$B$892,MATCH(12,'RUỘT TURBO'!$U$4:$U$892,0))="","",INDEX('RUỘT TURBO'!$B$4:$B$892,MATCH(12,'RUỘT TURBO'!$U$4:$U$892,0))),"") | C43: =IFERROR(IF(INDEX('RUỘT TURBO'!$D$4:$D$892,MATCH(12,'RUỘT TURBO'!$U$4:$U$892,0))="","",INDEX('RUỘT TURBO'!$D$4:$D$892,MATCH(12,'RUỘT TURBO'!$U$4:$U$892,0))),"") | D43: =IFERROR(IF(INDEX('RUỘT TURBO'!$E$4:$E$892,MATCH(12,'RUỘT TURBO'!$U$4:$U$892,0))="","",INDEX('RUỘT TURBO'!$E$4:$E$892,MATCH(12,'RUỘT TURBO'!$U$4:$U$892,0))),"") | E43: =IFERROR(IF(INDEX('RUỘT TURBO'!$F$4:$F$892,MATCH(12,'RUỘT TURBO'!$U$4:$U$892,0))="","",INDEX('RUỘT TURBO'!$F$4:$F$892,MATCH(12,'RUỘT TURBO'!$U$4:$U$892,0))),"") | H43: =IFERROR(IF(INDEX('RUỘT TURBO'!$G$4:$G$892,MATCH(12,'RUỘT TURBO'!$U$4:$U$892,0))="","",INDEX('RUỘT TURBO'!$G$4:$G$892,MATCH(12,'RUỘT TURBO'!$U$4:$U$892,0))),"") | I43: =IFERROR(IF(INDEX('RUỘT TURBO'!$H$4:$H$892,MATCH(12,'RUỘT TURBO'!$U$4:$U$892,0))="","",INDEX('RUỘT TURBO'!$H$4:$H$892,MATCH(12,'RUỘT TURBO'!$U$4:$U$892,0))),"")
A44: =IFERROR(IF(INDEX('RUỘT TURBO'!$A$4:$A$892,MATCH(13,'RUỘT TURBO'!$U$4:$U$892,0))="","",INDEX('RUỘT TURBO'!$A$4:$A$892,MATCH(13,'RUỘT TURBO'!$U$4:$U$892,0))),"") | B44: =IFERROR(IF(INDEX('RUỘT TURBO'!$B$4:$B$892,MATCH(13,'RUỘT TURBO'!$U$4:$U$892,0))="","",INDEX('RUỘT TURBO'!$B$4:$B$892,MATCH(13,'RUỘT TURBO'!$U$4:$U$892,0))),"") | C44: =IFERROR(IF(INDEX('RUỘT TURBO'!$D$4:$D$892,MATCH(13,'RUỘT TURBO'!$U$4:$U$892,0))="","",INDEX('RUỘT TURBO'!$D$4:$D$892,MATCH(13,'RUỘT TURBO'!$U$4:$U$892,0))),"") | D44: =IFERROR(IF(INDEX('RUỘT TURBO'!$E$4:$E$892,MATCH(13,'RUỘT TURBO'!$U$4:$U$892,0))="","",INDEX('RUỘT TURBO'!$E$4:$E$892,MATCH(13,'RUỘT TURBO'!$U$4:$U$892,0))),"") | E44: =IFERROR(IF(INDEX('RUỘT TURBO'!$F$4:$F$892,MATCH(13,'RUỘT TURBO'!$U$4:$U$892,0))="","",INDEX('RUỘT TURBO'!$F$4:$F$892,MATCH(13,'RUỘT TURBO'!$U$4:$U$892,0))),"") | H44: =IFERROR(IF(INDEX('RUỘT TURBO'!$G$4:$G$892,MATCH(13,'RUỘT TURBO'!$U$4:$U$892,0))="","",INDEX('RUỘT TURBO'!$G$4:$G$892,MATCH(13,'RUỘT TURBO'!$U$4:$U$892,0))),"") | I44: =IFERROR(IF(INDEX('RUỘT TURBO'!$H$4:$H$892,MATCH(13,'RUỘT TURBO'!$U$4:$U$892,0))="","",INDEX('RUỘT TURBO'!$H$4:$H$892,MATCH(13,'RUỘT TURBO'!$U$4:$U$892,0))),"")
A45: =IFERROR(IF(INDEX('RUỘT TURBO'!$A$4:$A$892,MATCH(14,'RUỘT TURBO'!$U$4:$U$892,0))="","",INDEX('RUỘT TURBO'!$A$4:$A$892,MATCH(14,'RUỘT TURBO'!$U$4:$U$892,0))),"") | B45: =IFERROR(IF(INDEX('RUỘT TURBO'!$B$4:$B$892,MATCH(14,'RUỘT TURBO'!$U$4:$U$892,0))="","",INDEX('RUỘT TURBO'!$B$4:$B$892,MATCH(14,'RUỘT TURBO'!$U$4:$U$892,0))),"") | C45: =IFERROR(IF(INDEX('RUỘT TURBO'!$D$4:$D$892,MATCH(14,'RUỘT TURBO'!$U$4:$U$892,0))="","",INDEX('RUỘT TURBO'!$D$4:$D$892,MATCH(14,'RUỘT TURBO'!$U$4:$U$892,0))),"") | D45: =IFERROR(IF(INDEX('RUỘT TURBO'!$E$4:$E$892,MATCH(14,'RUỘT TURBO'!$U$4:$U$892,0))="","",INDEX('RUỘT TURBO'!$E$4:$E$892,MATCH(14,'RUỘT TURBO'!$U$4:$U$892,0))),"") | E45: =IFERROR(IF(INDEX('RUỘT TURBO'!$F$4:$F$892,MATCH(14,'RUỘT TURBO'!$U$4:$U$892,0))="","",INDEX('RUỘT TURBO'!$F$4:$F$892,MATCH(14,'RUỘT TURBO'!$U$4:$U$892,0))),"") | H45: =IFERROR(IF(INDEX('RUỘT TURBO'!$G$4:$G$892,MATCH(14,'RUỘT TURBO'!$U$4:$U$892,0))="","",INDEX('RUỘT TURBO'!$G$4:$G$892,MATCH(14,'RUỘT TURBO'!$U$4:$U$892,0))),"") | I45: =IFERROR(IF(INDEX('RUỘT TURBO'!$H$4:$H$892,MATCH(14,'RUỘT TURBO'!$U$4:$U$892,0))="","",INDEX('RUỘT TURBO'!$H$4:$H$892,MATCH(14,'RUỘT TURBO'!$U$4:$U$892,0))),"")
A46: =IFERROR(IF(INDEX('RUỘT TURBO'!$A$4:$A$892,MATCH(15,'RUỘT TURBO'!$U$4:$U$892,0))="","",INDEX('RUỘT TURBO'!$A$4:$A$892,MATCH(15,'RUỘT TURBO'!$U$4:$U$892,0))),"") | B46: =IFERROR(IF(INDEX('RUỘT TURBO'!$B$4:$B$892,MATCH(15,'RUỘT TURBO'!$U$4:$U$892,0))="","",INDEX('RUỘT TURBO'!$B$4:$B$892,MATCH(15,'RUỘT TURBO'!$U$4:$U$892,0))),"") | C46: =IFERROR(IF(INDEX('RUỘT TURBO'!$D$4:$D$892,MATCH(15,'RUỘT TURBO'!$U$4:$U$892,0))="","",INDEX('RUỘT TURBO'!$D$4:$D$892,MATCH(15,'RUỘT TURBO'!$U$4:$U$892,0))),"") | D46: =IFERROR(IF(INDEX('RUỘT TURBO'!$E$4:$E$892,MATCH(15,'RUỘT TURBO'!$U$4:$U$892,0))="","",INDEX('RUỘT TURBO'!$E$4:$E$892,MATCH(15,'RUỘT TURBO'!$U$4:$U$892,0))),"") | E46: =IFERROR(IF(INDEX('RUỘT TURBO'!$F$4:$F$892,MATCH(15,'RUỘT TURBO'!$U$4:$U$892,0))="","",INDEX('RUỘT TURBO'!$F$4:$F$892,MATCH(15,'RUỘT TURBO'!$U$4:$U$892,0))),"") | H46: =IFERROR(IF(INDEX('RUỘT TURBO'!$G$4:$G$892,MATCH(15,'RUỘT TURBO'!$U$4:$U$892,0))="","",INDEX('RUỘT TURBO'!$G$4:$G$892,MATCH(15,'RUỘT TURBO'!$U$4:$U$892,0))),"") | I46: =IFERROR(IF(INDEX('RUỘT TURBO'!$H$4:$H$892,MATCH(15,'RUỘT TURBO'!$U$4:$U$892,0))="","",INDEX('RUỘT TURBO'!$H$4:$H$892,MATCH(15,'RUỘT TURBO'!$U$4:$U$892,0))),"")
A47: =IFERROR(IF(INDEX('RUỘT TURBO'!$A$4:$A$892,MATCH(16,'RUỘT TURBO'!$U$4:$U$892,0))="","",INDEX('RUỘT TURBO'!$A$4:$A$892,MATCH(16,'RUỘT TURBO'!$U$4:$U$892,0))),"") | B47: =IFERROR(IF(INDEX('RUỘT TURBO'!$B$4:$B$892,MATCH(16,'RUỘT TURBO'!$U$4:$U$892,0))="","",INDEX('RUỘT TURBO'!$B$4:$B$892,MATCH(16,'RUỘT TURBO'!$U$4:$U$892,0))),"") | C47: =IFERROR(IF(INDEX('RUỘT TURBO'!$D$4:$D$892,MATCH(16,'RUỘT TURBO'!$U$4:$U$892,0))="","",INDEX('RUỘT TURBO'!$D$4:$D$892,MATCH(16,'RUỘT TURBO'!$U$4:$U$892,0))),"") | D47: =IFERROR(IF(INDEX('RUỘT TURBO'!$E$4:$E$892,MATCH(16,'RUỘT TURBO'!$U$4:$U$892,0))="","",INDEX('RUỘT TURBO'!$E$4:$E$892,MATCH(16,'RUỘT TURBO'!$U$4:$U$892,0))),"") | E47: =IFERROR(IF(INDEX('RUỘT TURBO'!$F$4:$F$892,MATCH(16,'RUỘT TURBO'!$U$4:$U$892,0))="","",INDEX('RUỘT TURBO'!$F$4:$F$892,MATCH(16,'RUỘT TURBO'!$U$4:$U$892,0))),"") | H47: =IFERROR(IF(INDEX('RUỘT TURBO'!$G$4:$G$892,MATCH(16,'RUỘT TURBO'!$U$4:$U$892,0))="","",INDEX('RUỘT TURBO'!$G$4:$G$892,MATCH(16,'RUỘT TURBO'!$U$4:$U$892,0))),"") | I47: =IFERROR(IF(INDEX('RUỘT TURBO'!$H$4:$H$892,MATCH(16,'RUỘT TURBO'!$U$4:$U$892,0))="","",INDEX('RUỘT TURBO'!$H$4:$H$892,MATCH(16,'RUỘT TURBO'!$U$4:$U$892,0))),"")
A48: =IFERROR(IF(INDEX('RUỘT TURBO'!$A$4:$A$892,MATCH(17,'RUỘT TURBO'!$U$4:$U$892,0))="","",INDEX('RUỘT TURBO'!$A$4:$A$892,MATCH(17,'RUỘT TURBO'!$U$4:$U$892,0))),"") | B48: =IFERROR(IF(INDEX('RUỘT TURBO'!$B$4:$B$892,MATCH(17,'RUỘT TURBO'!$U$4:$U$892,0))="","",INDEX('RUỘT TURBO'!$B$4:$B$892,MATCH(17,'RUỘT TURBO'!$U$4:$U$892,0))),"") | C48: =IFERROR(IF(INDEX('RUỘT TURBO'!$D$4:$D$892,MATCH(17,'RUỘT TURBO'!$U$4:$U$892,0))="","",INDEX('RUỘT TURBO'!$D$4:$D$892,MATCH(17,'RUỘT TURBO'!$U$4:$U$892,0))),"") | D48: =IFERROR(IF(INDEX('RUỘT TURBO'!$E$4:$E$892,MATCH(17,'RUỘT TURBO'!$U$4:$U$892,0))="","",INDEX('RUỘT TURBO'!$E$4:$E$892,MATCH(17,'RUỘT TURBO'!$U$4:$U$892,0))),"") | E48: =IFERROR(IF(INDEX('RUỘT TURBO'!$F$4:$F$892,MATCH(17,'RUỘT TURBO'!$U$4:$U$892,0))="","",INDEX('RUỘT TURBO'!$F$4:$F$892,MATCH(17,'RUỘT TURBO'!$U$4:$U$892,0))),"") | H48: =IFERROR(IF(INDEX('RUỘT TURBO'!$G$4:$G$892,MATCH(17,'RUỘT TURBO'!$U$4:$U$892,0))="","",INDEX('RUỘT TURBO'!$G$4:$G$892,MATCH(17,'RUỘT TURBO'!$U$4:$U$892,0))),"") | I48: =IFERROR(IF(INDEX('RUỘT TURBO'!$H$4:$H$892,MATCH(17,'RUỘT TURBO'!$U$4:$U$892,0))="","",INDEX('RUỘT TURBO'!$H$4:$H$892,MATCH(17,'RUỘT TURBO'!$U$4:$U$892,0))),"")
A49: =IFERROR(IF(INDEX('RUỘT TURBO'!$A$4:$A$892,MATCH(18,'RUỘT TURBO'!$U$4:$U$892,0))="","",INDEX('RUỘT TURBO'!$A$4:$A$892,MATCH(18,'RUỘT TURBO'!$U$4:$U$892,0))),"") | B49: =IFERROR(IF(INDEX('RUỘT TURBO'!$B$4:$B$892,MATCH(18,'RUỘT TURBO'!$U$4:$U$892,0))="","",INDEX('RUỘT TURBO'!$B$4:$B$892,MATCH(18,'RUỘT TURBO'!$U$4:$U$892,0))),"") | C49: =IFERROR(IF(INDEX('RUỘT TURBO'!$D$4:$D$892,MATCH(18,'RUỘT TURBO'!$U$4:$U$892,0))="","",INDEX('RUỘT TURBO'!$D$4:$D$892,MATCH(18,'RUỘT TURBO'!$U$4:$U$892,0))),"") | D49: =IFERROR(IF(INDEX('RUỘT TURBO'!$E$4:$E$892,MATCH(18,'RUỘT TURBO'!$U$4:$U$892,0))="","",INDEX('RUỘT TURBO'!$E$4:$E$892,MATCH(18,'RUỘT TURBO'!$U$4:$U$892,0))),"") | E49: =IFERROR(IF(INDEX('RUỘT TURBO'!$F$4:$F$892,MATCH(18,'RUỘT TURBO'!$U$4:$U$892,0))="","",INDEX('RUỘT TURBO'!$F$4:$F$892,MATCH(18,'RUỘT TURBO'!$U$4:$U$892,0))),"") | H49: =IFERROR(IF(INDEX('RUỘT TURBO'!$G$4:$G$892,MATCH(18,'RUỘT TURBO'!$U$4:$U$892,0))="","",INDEX('RUỘT TURBO'!$G$4:$G$892,MATCH(18,'RUỘT TURBO'!$U$4:$U$892,0))),"") | I49: =IFERROR(IF(INDEX('RUỘT TURBO'!$H$4:$H$892,MATCH(18,'RUỘT TURBO'!$U$4:$U$892,0))="","",INDEX('RUỘT TURBO'!$H$4:$H$892,MATCH(18,'RUỘT TURBO'!$U$4:$U$892,0))),"")
A50: =IFERROR(IF(INDEX('RUỘT TURBO'!$A$4:$A$892,MATCH(19,'RUỘT TURBO'!$U$4:$U$892,0))="","",INDEX('RUỘT TURBO'!$A$4:$A$892,MATCH(19,'RUỘT TURBO'!$U$4:$U$892,0))),"") | B50: =IFERROR(IF(INDEX('RUỘT TURBO'!$B$4:$B$892,MATCH(19,'RUỘT TURBO'!$U$4:$U$892,0))="","",INDEX('RUỘT TURBO'!$B$4:$B$892,MATCH(19,'RUỘT TURBO'!$U$4:$U$892,0))),"") | C50: =IFERROR(IF(INDEX('RUỘT TURBO'!$D$4:$D$892,MATCH(19,'RUỘT TURBO'!$U$4:$U$892,0))="","",INDEX('RUỘT TURBO'!$D$4:$D$892,MATCH(19,'RUỘT TURBO'!$U$4:$U$892,0))),"") | D50: =IFERROR(IF(INDEX('RUỘT TURBO'!$E$4:$E$892,MATCH(19,'RUỘT TURBO'!$U$4:$U$892,0))="","",INDEX('RUỘT TURBO'!$E$4:$E$892,MATCH(19,'RUỘT TURBO'!$U$4:$U$892,0))),"") | E50: =IFERROR(IF(INDEX('RUỘT TURBO'!$F$4:$F$892,MATCH(19,'RUỘT TURBO'!$U$4:$U$892,0))="","",INDEX('RUỘT TURBO'!$F$4:$F$892,MATCH(19,'RUỘT TURBO'!$U$4:$U$892,0))),"") | H50: =IFERROR(IF(INDEX('RUỘT TURBO'!$G$4:$G$892,MATCH(19,'RUỘT TURBO'!$U$4:$U$892,0))="","",INDEX('RUỘT TURBO'!$G$4:$G$892,MATCH(19,'RUỘT TURBO'!$U$4:$U$892,0))),"") | I50: =IFERROR(IF(INDEX('RUỘT TURBO'!$H$4:$H$892,MATCH(19,'RUỘT TURBO'!$U$4:$U$892,0))="","",INDEX('RUỘT TURBO'!$H$4:$H$892,MATCH(19,'RUỘT TURBO'!$U$4:$U$892,0))),"")
A51: =IFERROR(IF(INDEX('RUỘT TURBO'!$A$4:$A$892,MATCH(20,'RUỘT TURBO'!$U$4:$U$892,0))="","",INDEX('RUỘT TURBO'!$A$4:$A$892,MATCH(20,'RUỘT TURBO'!$U$4:$U$892,0))),"") | B51: =IFERROR(IF(INDEX('RUỘT TURBO'!$B$4:$B$892,MATCH(20,'RUỘT TURBO'!$U$4:$U$892,0))="","",INDEX('RUỘT TURBO'!$B$4:$B$892,MATCH(20,'RUỘT TURBO'!$U$4:$U$892,0))),"") | C51: =IFERROR(IF(INDEX('RUỘT TURBO'!$D$4:$D$892,MATCH(20,'RUỘT TURBO'!$U$4:$U$892,0))="","",INDEX('RUỘT TURBO'!$D$4:$D$892,MATCH(20,'RUỘT TURBO'!$U$4:$U$892,0))),"") | D51: =IFERROR(IF(INDEX('RUỘT TURBO'!$E$4:$E$892,MATCH(20,'RUỘT TURBO'!$U$4:$U$892,0))="","",INDEX('RUỘT TURBO'!$E$4:$E$892,MATCH(20,'RUỘT TURBO'!$U$4:$U$892,0))),"") | E51: =IFERROR(IF(INDEX('RUỘT TURBO'!$F$4:$F$892,MATCH(20,'RUỘT TURBO'!$U$4:$U$892,0))="","",INDEX('RUỘT TURBO'!$F$4:$F$892,MATCH(20,'RUỘT TURBO'!$U$4:$U$892,0))),"") | H51: =IFERROR(IF(INDEX('RUỘT TURBO'!$G$4:$G$892,MATCH(20,'RUỘT TURBO'!$U$4:$U$892,0))="","",INDEX('RUỘT TURBO'!$G$4:$G$892,MATCH(20,'RUỘT TURBO'!$U$4:$U$892,0))),"") | I51: =IFERROR(IF(INDEX('RUỘT TURBO'!$H$4:$H$892,MATCH(20,'RUỘT TURBO'!$U$4:$U$892,0))="","",INDEX('RUỘT TURBO'!$H$4:$H$892,MATCH(20,'RUỘT TURBO'!$U$4:$U$892,0))),"")

Sheet 🚗 BÁO GIÁ TURBO 
A1: 🚗 BÁO GIÁ TURBO — TRA CỨU THEO HÃNG MÁY · Gom mã cùng PARNO
A2: 🟡 Vàng = mã gốc có biến thể cùng PARNO · 🟠 Cam = mã khác thương hiệu (cùng PARNO) · 🟢 Xanh = MÃ VT vừa điền
A3: HÃNG MÁY | B3: MÃ VT | C3: HÃNG SX | D3: MODEL TURBO | E3: MÃ ĐỘNG CƠ | F3: OEM PART NO | G3: ĐẶC ĐIỂM | H3: ỨNG DỤNG | I3: GHI CHÚ | J3: THƯƠNG HIỆU | K3: GIÁ VIP | L3: GIÁ ƯU ĐÃI | M3: GIÁ ĐẠI LÝ | N3: GIÁ ĐL +10% | O3: CG Ø DƯỚI | P3: CG Ø ĐỈNH | Q3: CG SỐ | R3: CL Ø DƯỚI | S3: CL Ø ĐỈNH | T3: CL SỐ | V3: _BLOB | W3: 0
A4: 🏭 CAT · 34 loại turbo | W4: =IF(AND('TRA CỨU TỔNG HỢP'!$B$3<>"",ISNUMBER(SEARCH('TRA CỨU TỔNG HỢP'!$B$3,V4))),MAX($W$3:W3)+1,"")
A5: CAT | B5: HH077147 | D5: Cat E320D/C6.4/ TD06H | F5: 49179-02910 8M06-100-E63 | J5: JRONE | N5: =IF(M5="","",M5*1.1) | V5: =UPPER(A5&" "&B5&" "&D5&" "&E5&" "&F5&" "&G5&" "&H5&" "&I5&" "&J5) | W5: =IF(AND('TRA CỨU TỔNG HỢP'!$B$3<>"",ISNUMBER(SEARCH('TRA CỨU TỔNG HỢP'!$B$3,V5))),MAX($W$3:W4)+1,"")
A6: └─ CAT | B6: HH081913 | D6: Cat E320D/C6.4/ TD06H | F6: 49179-02910 8M06-100-E63 | J6: VIDARIR | N6: =IF(M6="","",M6*1.1) | V6: =UPPER(A6&" "&B6&" "&D6&" "&E6&" "&F6&" "&G6&" "&H6&" "&I6&" "&J6) | W6: =IF(AND('TRA CỨU TỔNG HỢP'!$B$3<>"",ISNUMBER(SEARCH('TRA CỨU TỔNG HỢP'!$B$3,V6))),MAX($W$3:W5)+1,"")
A7: CAT | B7: HH075291 | C7: Mitsubishi | D7: TD06H-16M | E7: 3066/S6KT | F7: 49179-02820 8M06-100-E68 | G7: Tâm lỗ bu lông 44 x 86 | H7: E320C | J7: JRONE | N7: =IF(M7="","",M7*1.1) | V7: =UPPER(A7&" "&B7&" "&D7&" "&E7&" "&F7&" "&G7&" "&H7&" "&I7&" "&J7) | W7: =IF(AND('TRA CỨU TỔNG HỢP'!$B$3<>"",ISNUMBER(SEARCH('TRA CỨU TỔNG HỢP'!$B$3,V7))),MAX($W$3:W6)+1,"")
A8: CAT | B8: HH070130 | C8: BorgWarner | D8: S2A | E8: 3114 | F8: 317817/ 8S03-100-J37 | I8: 8S03-100-J37 | J8: JRONE | N8: =IF(M8="","",M8*1.1) | V8: =UPPER(A8&" "&B8&" "&D8&" "&E8&" "&F8&" "&G8&" "&H8&" "&I8&" "&J8) | W8: =IF(AND('TRA CỨU TỔNG HỢP'!$B$3<>"",ISNUMBER(SEARCH('TRA CỨU TỔNG HỢP'!$B$3,V8))),MAX($W$3:W7)+1,"")
A9: CAT | B9: HH071812 | C9: Mitsubishi | D9: TD06H-16M | E9: 3066/S6KT | F9: 49179-02300 5I8018/2797860 49179-08600 | G9: Tâm lỗ bu lông 44 x 86 | H9: E320C | J9: SL | N9: =IF(M9="","",M9*1.1) | V9: =UPPER(A9&" "&B9&" "&D9&" "&E9&" "&F9&" "&G9&" "&H9&" "&I9&" "&J9) | W9: =IF(AND('TRA CỨU TỔNG HỢP'!$B$3<>"",ISNUMBER(SEARCH('TRA CỨU TỔNG HỢP'!$B$3,V9))),MAX($W$3:W8)+1,"")
A10: CAT | B10: HH075289 | C10: Mitsubishi | D10: TE06H-16M | E10: S6KT | F10: 49179-02230 8M06-100-235 | G10: Tâm lỗ bu lông 44 x 86 | H10: E320B | J10: JRONE | N10: =IF(M10="","",M10*1.1) | V10: =UPPER(A10&" "&B10&" "&D10&" "&E10&" "&F10&" "&G10&" "&H10&" "&I10&" "&J10) | W10: =IF(AND('TRA CỨU TỔNG HỢP'!$B$3<>"",ISNUMBER(SEARCH('TRA CỨU TỔNG HỢP'!$B$3,V10))),MAX($W$3:W9)+1,"")
A11: └─ CAT | B11: HH071811 | C11: Mitsubishi | D11: TE06H-16M | E11: S6KT | F11: 49179-02230 8M06-100-235 | G11: Tâm lỗ bu lông 44 x 86 | H11: E320B | J11: SL | N11: =IF(M11="","",M11*1.1) | V11: =UPPER(A11&" "&B11&" "&D11&" "&E11&" "&F11&" "&G11&" "&H11&" "&I11&" "&J11) | W11: =IF(AND('TRA CỨU TỔNG HỢP'!$B$3<>"",ISNUMBER(SEARCH('TRA CỨU TỔNG HỢP'!$B$3,V11))),MAX($W$3:W10)+1,"")
A12: └─ CAT | B12: HH079980 | C12: Mitsubishi | D12: TE06H-16M | E12: S6KT | F12: 49179-02230 8M06-100-235 | G12: Tâm lỗ bu lông 44 x 86 | H12: E320B | N12: =IF(M12="","",M12*1.1) | V12: =UPPER(A12&" "&B12&" "&D12&" "&E12&" "&F12&" "&G12&" "&H12&" "&I12&" "&J12) | W12: =IF(AND('TRA CỨU TỔNG HỢP'!$B$3<>"",ISNUMBER(SEARCH('TRA CỨU TỔNG HỢP'!$B$3,V12))),MAX($W$3:W11)+1,"")
A13: CAT | B13: HH081733 | C13: Mitsubishi | D13: TD06H-14C | E13: S6KT/S4KT | F13: 49179-00451/49179-00451 | 49179-00450 | 4917900451 | 4917900450 | 5I-5015 | 5I5015 8M06-100-056/49179-00450 5I501549179-09830/49179-00451/4917900451/317013/49179-00450/4917900450/49S79-00451/49S7900451 (ruột) | G13: Tâm lỗ bu lông 44 x 86 | H13: E200B/E120B | J13: TBS | N13: =IF(M13="","",M13*1.1) | V13: =UPPER(A13&" "&B13&" "&D13&" "&E13&" "&F13&" "&G13&" "&H13&" "&I13&" "&J13) | W13: =IF(AND('TRA CỨU TỔNG HỢP'!$B$3<>"",ISNUMBER(SEARCH('TRA CỨU TỔNG HỢP'!$B$3,V13))),MAX($W$3:W12)+1,"")
A14: └─ CAT | B14: HH075110 | C14: Mitsubishi | D14: TD06H-14C | E14: S6KT/S4KT | F14: 49179-00451/49179-00451 | 49179-00450 | 4917900451 | 4917900450 | 5I-5015 | 5I5015 8M06-100-056/49179-00450 5I501549179-09830/49179-00451/4917900451/317013/49179-00450/4917900450/49S79-00451/49S7900451 (ruột) | G14: Tâm lỗ bu lông 44 x 86 | H14: E200B/E120B | J14: JRONE | N14: =IF(M14="","",M14*1.1) | V14: =UPPER(A14&" "&B14&" "&D14&" "&E14&" "&F14&" "&G14&" "&H14&" "&I14&" "&J14) | W14: =IF(AND('TRA CỨU TỔNG HỢP'!$B$3<>"",ISNUMBER(SEARCH('TRA CỨU TỔNG HỢP'!$B$3,V14))),MAX($W$3:W13)+1,"")
A15: └─ CAT | B15: HH079979 | C15: Mitsubishi | D15: TD06H-14C | E15: S6KT/S4KT | F15: 49179-00451/49179-00451 | 49179-00450 | 4917900451 | 4917900450 | 5I-5015 | 5I5015 8M06-100-056/49179-00450 5I501549179-09830/49179-00451/4917900451/317013/49179-00450/4917900450/49S79-00451/49S7900451 (ruột) | G15: Tâm lỗ bu lông 44 x 86 | H15: E200B/E120B | J15: SL | N15: =IF(M15="","",M15*1.1) | V15: =UPPER(A15&" "&B15&" "&D15&" "&E15&" "&F15&" "&G15&" "&H15&" "&I15&" "&J15) | W15: =IF(AND('TRA CỨU TỔNG HỢP'!$B$3<>"",ISNUMBER(SEARCH('TRA CỨU TỔNG HỢP'!$B$3,V15))),MAX($W$3:W14)+1,"")
A16: CAT | B16: HH075397 | C16: BorgWarner | D16: S410G | E16: CAT 3406/ C15 | F16: 177148 169227 704604-0007/466445-0018 471142-0005/471142-0003 466445-0015/466445-0021 170354 137-4832/OR7152 167-9271/196-5951 OR6989/124-3035 141-8939/146-4328/136-6390 8S04-200-B71 | J16: JRONE | N16: =IF(M16="","",M16*1.1) | O16: 105.4 | P16: 74.6 | Q16: 7/7 | R16: 91.5 | S16: 81.7 | T16: 10 | V16: =UPPER(A16&" "&B16&" "&D16&" "&E16&" "&F16&" "&G16&" "&H16&" "&I16&" "&J16) | W16: =IF(AND('TRA CỨU TỔNG HỢP'!$B$3<>"",ISNUMBER(SEARCH('TRA CỨU TỔNG HỢP'!$B$3,V16))),MAX($W$3:W15)+1,"")
A17: CAT | C17: Mitsubishi | D17: TF035 | E17: 4M40-T | F17: 49135-03320 49135-03301 03300/8M35-200-J12 | G17: Có điều tốc(Chân tam giác) | H17: CAT mini excavator | V17: =UPPER(A17&" "&B17&" "&D17&" "&E17&" "&F17&" "&G17&" "&H17&" "&I17&" "&J17) | W17: =IF(AND('TRA CỨU TỔNG HỢP'!$B$3<>"",ISNUMBER(SEARCH('TRA CỨU TỔNG HỢP'!$B$3,V17))),MAX($W$3:W16)+1,"")
A18: CAT | B18: HH080116 | C18: IHI | D18: RHF4 | E18: VT10 | F18: VA420088 1515A029/1515A030/VT11 VA420101/VB420088 VB420101/VC420088 VC420101/F41CAT-S0088B F41CAT-S0088G/VF420088 VG420088A1/49179-08540 | H18: L200 2.5D | J18: SL | N18: =IF(M18="","",M18*1.1) | O18: 50 | P18: 37.4 | Q18: 5/5 | R18: 45.2 | S18: 36.6 | T18: 9 | V18: =UPPER(A18&" "&B18&" "&D18&" "&E18&" "&F18&" "&G18&" "&H18&" "&I18&" "&J18) | W18: =IF(AND('TRA CỨU TỔNG HỢP'!$B$3<>"",ISNUMBER(SEARCH('TRA CỨU TỔNG HỢP'!$B$3,V18))),MAX($W$3:W17)+1,"")
A19: └─ CAT | B19: HH080117 | C19: IHI | D19: RHF4 | E19: VT10 | F19: VA420088 1515A029/1515A030/VT11 VA420101/VB420088 VB420101/VC420088 VC420101/F41CAT-S0088B F41CAT-S0088G/VF420088 VG420088A1/49179-08540 | H19: L200 2.5D | J19: SL | N19: =IF(M19="","",M19*1.1) | O19: 50 | P19: 37.4 | Q19: 5/5 | R19: 45.2 | S19: 36.6 | T19: 9 | V19: =UPPER(A19&" "&B19&" "&D19&" "&E19&" "&F19&" "&G19&" "&H19&" "&I19&" "&J19) | W19: =IF(AND('TRA CỨU TỔNG HỢP'!$B$3<>"",ISNUMBER(SEARCH('TRA CỨU TỔNG HỢP'!$B$3,V19))),MAX($W$3:W18)+1,"")
A20: CAT | B20: HH0626 | C20: Garrett | D20: T04B91 | E20: 3304 | F20: 409410-0002 8G04-100-155 | G20: Tâm lỗ bu lông 70 x 82 | J20: SL | N20: =IF(M20="","",M20*1.1) | O20: 70 | P20: 48.4 | Q20: 8/8 | R20: 74.3 | S20: 64.6 | T20: 11 | V20: =UPPER(A20&" "&B20&" "&D20&" "&E20&" "&F20&" "&G20&" "&H20&" "&I20&" "&J20) | W20: =IF(AND('TRA CỨU TỔNG HỢP'!$B$3<>"",ISNUMBER(SEARCH('TRA CỨU TỔNG HỢP'!$B$3,V20))),MAX($W$3:W19)+1,"")
A21: └─ CAT | B21: HH075384 | C21: Garrett | D21: T04B91 | E21: 3304 | F21: 409410-0002 8G04-100-155 | G21: Tâm lỗ bu lông 70 x 82 | J21: JRONE | N21: =IF(M21="","",M21*1.1) | O21: 70 | P21: 48.4 | Q21: 8/8 | R21: 74.3 | S21: 64.6 | T21: 11 | V21: =UPPER(A21&" "&B21&" "&D21&" "&E21&" "&F21&" "&G21&" "&H21&" "&I21&" "&J21) | W21: =IF(AND('TRA CỨU TỔNG HỢP'!$B$3<>"",ISNUMBER(SEARCH('TRA CỨU TỔNG HỢP'!$B$3,V21))),MAX($W$3:W20)+1,"")
A22: CAT | B22: HH084199 | C22: BorgWarner | D22: S200AG | E22: C7/3126B | F22: 171860/178475 8S02-200-E65 | H22: 3126B/325C | J22: EE | N22: =IF(M22="","",M22*1.1) | V22: =UPPER(A22&" "&B22&" "&D22&" "&E22&" "&F22&" "&G22&" "&H22&" "&I22&" "&J22) | W22: =IF(AND('TRA CỨU TỔNG HỢP'!$B$3<>"",ISNUMBER(SEARCH('TRA CỨU TỔNG HỢP'!$B$3,V22))),MAX($W$3:W21)+1,"")
A23: └─ CAT | B23: HH077152 | C23: BorgWarner | D23: S200AG | E23: C7/3126B | F23: 171860/178475 8S02-200-E65 | H23: 3126B/325C | J23: JRONE | N23: =IF(M23="","",M23*1.1) | V23: =UPPER(A23&" "&B23&" "&D23&" "&E23&" "&F23&" "&G23&" "&H23&" "&I23&" "&J23) | W23: =IF(AND('TRA CỨU TỔNG HỢP'!$B$3<>"",ISNUMBER(SEARCH('TRA CỨU TỔNG HỢP'!$B$3,V23))),MAX($W$3:W22)+1,"")
A24: CAT | B24: HH083051 | C24: Garrett | D24: GT47 | E24: C15/3406E | F24: 1679271 | J24: SL | N24: =IF(M24="","",M24*1.1) | O24: 102.4 | P24: 74.7 | Q24: 6/6 | R24: 94 | S24: 84 | T24: 10 | V24: =UPPER(A24&" "&B24&" "&D24&" "&E24&" "&F24&" "&G24&" "&H24&" "&I24&" "&J24) | W24: =IF(AND('TRA CỨU TỔNG HỢP'!$B$3<>"",ISNUMBER(SEARCH('TRA CỨU TỔNG HỢP'!$B$3,V24))),MAX($W$3:W23)+1,"")
A25: CAT | B25: HH075396 | C25: BorgWarner | D25: S200G | E25: PERKINS 1106C/C7.1 | F25: 1270-970-0133/4314572 8S02-200-E66 431-4572/13J17-0007 | H25: E320D | J25: JRONE | N25: =IF(M25="","",M25*1.1) | O25: 80 | P25: 53.2 | Q25: 7/7 | R25: 69.6 | S25: 55.9 | T25: 10 | V25: =UPPER(A25&" "&B25&" "&D25&" "&E25&" "&F25&" "&G25&" "&H25&" "&I25&" "&J25) | W25: =IF(AND('TRA CỨU TỔNG HỢP'!$B$3<>"",ISNUMBER(SEARCH('TRA CỨU TỔNG HỢP'!$B$3,V25))),MAX($W$3:W24)+1,"")
A26: CAT | B26: HH075291 | C26: Mitsubishi | D26: TD06H-16M | E26: 3066/S6KT | F26: 8M06-100-E68 | H26: E320C | J26: JRONE | N26: =IF(M26="","",M26*1.1) | V26: =UPPER(A26&" "&B26&" "&D26&" "&E26&" "&F26&" "&G26&" "&H26&" "&I26&" "&J26) | W26: =IF(AND('TRA CỨU TỔNG HỢP'!$B$3<>"",ISNUMBER(SEARCH('TRA CỨU TỔNG HỢP'!$B$3,V26))),MAX($W$3:W25)+1,"")
A27: CAT | B27: HH080646 | C27: IHI | D27: RHC7 | E27: DB58 | F27: VA250098 | G27: Tâm lỗ bu lông 70 x 83 cổ gang ra bắt 4 bulon | H27: DH130-3/SOLAR 130W | J27: FIRE | N27: =IF(M27="","",M27*1.1) | V27: =UPPER(A27&" "&B27&" "&D27&" "&E27&" "&F27&" "&G27&" "&H27&" "&I27&" "&J27) | W27: =IF(AND('TRA CỨU TỔNG HỢP'!$B$3<>"",ISNUMBER(SEARCH('TRA CỨU TỔNG HỢP'!$B$3,V27))),MAX($W$3:W26)+1,"")
A28: CAT | B28: HH075385 | C28: Garrett | D28: T04B65 | E28: 3204 | F28: 465088-0001 8G04-100-269 | J28: JRONE | N28: =IF(M28="","",M28*1.1) | V28: =UPPER(A28&" "&B28&" "&D28&" "&E28&" "&F28&" "&G28&" "&H28&" "&I28&" "&J28) | W28: =IF(AND('TRA CỨU TỔNG HỢP'!$B$3<>"",ISNUMBER(SEARCH('TRA CỨU TỔNG HỢP'!$B$3,V28))),MAX($W$3:W27)+1,"")
A29: CAT | B29: HH077150 | C29: BorgWarner | D29: S200AG | E29: C7/3126 | F29: 8S02-200-D84 | I29: CAT C7, S200AG - JRONE 8S02-200-D84 | J29: JRONE | N29: =IF(M29="","",M29*1.1) | V29: =UPPER(A29&" "&B29&" "&D29&" "&E29&" "&F29&" "&G29&" "&H29&" "&I29&" "&J29) | W29: =IF(AND('TRA CỨU TỔNG HỢP'!$B$3<>"",ISNUMBER(SEARCH('TRA CỨU TỔNG HỢP'!$B$3,V29))),MAX($W$3:W28)+1,"")
A30: CAT | B30: HH077151 | C30: BorgWarner | D30: S200AG048 | E30: D6 | F30: 178472/171770 8S02-200-D86 | G30: Tâm lỗ bu lông 45 x 85 | H30: CAT C9 | J30: JRONE | N30: =IF(M30="","",M30*1.1) | V30: =UPPER(A30&" "&B30&" "&D30&" "&E30&" "&F30&" "&G30&" "&H30&" "&I30&" "&J30) | W30: =IF(AND('TRA CỨU TỔNG HỢP'!$B$3<>"",ISNUMBER(SEARCH('TRA CỨU TỔNG HỢP'!$B$3,V30))),MAX($W$3:W29)+1,"")
A31: CAT | B31: HH071942 | C31: BorgWarner | D31: SR4/S3A | E31: 3306 | F31: 7C8632 | G31: tâm lỗ 82 × 69 | H31: Cat D6 | J31: SL | N31: =IF(M31="","",M31*1.1) | O31: 86.4 | P31: 58.6 | Q31: 7/7 | R31: 82.8 | S31: 74.6 | T31: 11 | V31: =UPPER(A31&" "&B31&" "&D31&" "&E31&" "&F31&" "&G31&" "&H31&" "&I31&" "&J31) | W31: =IF(AND('TRA CỨU TỔNG HỢP'!$B$3<>"",ISNUMBER(SEARCH('TRA CỨU TỔNG HỢP'!$B$3,V31))),MAX($W$3:W30)+1,"")
A32: CAT | B32: HH077425 | C32: Garrett | D32: GTA4502BLS | E32: C13 | F32: 750432-0005 8G45-200-B61 | J32: JRONE | N32: =IF(M32="","",M32*1.1) | V32: =UPPER(A32&" "&B32&" "&D32&" "&E32&" "&F32&" "&G32&" "&H32&" "&I32&" "&J32) | W32: =IF(AND('TRA CỨU TỔNG HỢP'!$B$3<>"",ISNUMBER(SEARCH('TRA CỨU TỔNG HỢP'!$B$3,V32))),MAX($W$3:W31)+1,"")
A33: CAT | B33: HH079580 | C33: BorgWarner | D33: F-302 | E33: 3306 | F33: 4W0210 8S03-100-N78 | J33: JRONE | N33: =IF(M33="","",M33*1.1) | V33: =UPPER(A33&" "&B33&" "&D33&" "&E33&" "&F33&" "&G33&" "&H33&" "&I33&" "&J33) | W33: =IF(AND('TRA CỨU TỔNG HỢP'!$B$3<>"",ISNUMBER(SEARCH('TRA CỨU TỔNG HỢP'!$B$3,V33))),MAX($W$3:W32)+1,"")
A34: CAT | B34: HH071949 | C34: BorgWarner | D34: S2E | E34: 3116/3126 | F34: 4P4677 | N34: =IF(M34="","",M34*1.1) | O34: 76.2 | P34: 48.2 | Q34: 7/7 | R34: 74.4 | S34: 64.6 | T34: 11 | V34: =UPPER(A34&" "&B34&" "&D34&" "&E34&" "&F34&" "&G34&" "&H34&" "&I34&" "&J34) | W34: =IF(AND('TRA CỨU TỔNG HỢP'!$B$3<>"",ISNUMBER(SEARCH('TRA CỨU TỔNG HỢP'!$B$3,V34))),MAX($W$3:W33)+1,"")
A35: CAT | B35: HH079357 | C35: BorgWarner | D35: S310G | E35: C9 | F35: 2167815 | G35: Khác chiều quay với S310G Jrone | H35: Xe đào | J35: SL | N35: =IF(M35="","",M35*1.1) | O35: 61.6 | P35: 88.324 | Q35: 7/7 | R35: 79.7 | S35: 73.4 | T35: 10 | V35: =UPPER(A35&" "&B35&" "&D35&" "&E35&" "&F35&" "&G35&" "&H35&" "&I35&" "&J35) | W35: =IF(AND('TRA CỨU TỔNG HỢP'!$B$3<>"",ISNUMBER(SEARCH('TRA CỨU TỔNG HỢP'!$B$3,V35))),MAX($W$3:W34)+1,"")
A36: CAT | B36: HH075395 | C36: BorgWarner | D36: B2G | E36: PERKINS 1106D/C7 | F36: 1070-197-0002 8S02-200-835/1070-988-0002 2674A256/3159810 10R9580/458-8357 | J36: JRONE | N36: =IF(M36="","",M36*1.1) | O36: 78.6 | P36: 51.8 | Q36: 7/7 | R36: 69.6 | S36: 55.9 | T36: 10 | V36: =UPPER(A36&" "&B36&" "&D36&" "&E36&" "&F36&" "&G36&" "&H36&" "&I36&" "&J36) | W36: =IF(AND('TRA CỨU TỔNG HỢP'!$B$3<>"",ISNUMBER(SEARCH('TRA CỨU TỔNG HỢP'!$B$3,V36))),MAX($W$3:W35)+1,"")
A37: CAT | B37: HH072352 | C37: BorgWarner | D37: S4D | E37: 330C/C9 | F37: 10R2355 | J37: SL | N37: =IF(M37="","",M37*1.1) | O37: 61.6 | P37: 88.324 | Q37: 7/7 | R37: 79.7 | S37: 73.4 | T37: 10 | V37: =UPPER(A37&" "&B37&" "&D37&" "&E37&" "&F37&" "&G37&" "&H37&" "&I37&" "&J37) | W37: =IF(AND('TRA CỨU TỔNG HỢP'!$B$3<>"",ISNUMBER(SEARCH('TRA CỨU TỔNG HỢP'!$B$3,V37))),MAX($W$3:W36)+1,"")
A38: └─ CAT | B38: HH081544 | C38: BorgWarner | D38: S4D | E38: 330C/C9 | F38: 10R2355 | J38: SL | N38: =IF(M38="","",M38*1.1) | O38: 61.6 | P38: 88.324 | Q38: 7/7 | R38: 79.7 | S38: 73.4 | T38: 10 | V38: =UPPER(A38&" "&B38&" "&D38&" "&E38&" "&F38&" "&G38&" "&H38&" "&I38&" "&J38) | W38: =IF(AND('TRA CỨU TỔNG HỢP'!$B$3<>"",ISNUMBER(SEARCH('TRA CỨU TỔNG HỢP'!$B$3,V38))),MAX($W$3:W37)+1,"")
A39: CAT | B39: HH082164 | C39: Mitsubishi | D39: TD06H-14K | E39: D06FR/C6.4 | F39: 49179-06210 8M06-100-L61 | H39: Sany 245 | J39: JRONE | N39: =IF(M39="","",M39*1.1) | V39: =UPPER(A39&" "&B39&" "&D39&" "&E39&" "&F39&" "&G39&" "&H39&" "&I39&" "&J39) | W39: =IF(AND('TRA CỨU TỔNG HỢP'!$B$3<>"",ISNUMBER(SEARCH('TRA CỨU TỔNG HỢP'!$B$3,V39))),MAX($W$3:W38)+1,"")
A40: CAT | C40: BorgWarner | D40: S4DS | E40: 3306 | F40: 196543 7C7579 0R6340(core:7C7596) | G40: Tâm lỗ 113 x 70 | H40: E330B /Xe ủi | O40: 86.4 | P40: 59.1 | Q40: 7/7 | R40: 87 | S40: 79.5 | T40: 10 | V40: =UPPER(A40&" "&B40&" "&D40&" "&E40&" "&F40&" "&G40&" "&H40&" "&I40&" "&J40) | W40: =IF(AND('TRA CỨU TỔNG HỢP'!$B$3<>"",ISNUMBER(SEARCH('TRA CỨU TỔNG HỢP'!$B$3,V40))),MAX($W$3:W39)+1,"")
A41: CAT | B41: HH077414 | C41: Garrett | D41: GT4594 | E41: S6A/ CAT 3306 | F41: 17C95-0182 | G41: Tâm lỗ bu lông 70* 113 | I41: ráp sang 6D22 đời 1990 | J41: MX | N41: =IF(M41="","",M41*1.1) | V41: =UPPER(A41&" "&B41&" "&D41&" "&E41&" "&F41&" "&G41&" "&H41&" "&I41&" "&J41) | W41: =IF(AND('TRA CỨU TỔNG HỢP'!$B$3<>"",ISNUMBER(SEARCH('TRA CỨU TỔNG HỢP'!$B$3,V41))),MAX($W$3:W40)+1,"")
A42: CAT | B42: HH079127 | C42: BorgWarner | D42: S310G | E42: C9 | F42: 178485/174978 8S03-200-B70 | H42: Xe đào | J42: JRONE | N42: =IF(M42="","",M42*1.1) | V42: =UPPER(A42&" "&B42&" "&D42&" "&E42&" "&F42&" "&G42&" "&H42&" "&I42&" "&J42) | W42: =IF(AND('TRA CỨU TỔNG HỢP'!$B$3<>"",ISNUMBER(SEARCH('TRA CỨU TỔNG HỢP'!$B$3,V42))),MAX($W$3:W41)+1,"")
A43: CAT | B43: HH079127 | C43: BorgWarner | D43: S310G | E43: C9 | F43: 178485 174978 8S03-200-B70 | H43: máy đào | J43: JRONE | N43: =IF(M43="","",M43*1.1) | V43: =UPPER(A43&" "&B43&" "&D43&" "&E43&" "&F43&" "&G43&" "&H43&" "&I43&" "&J43) | W43: =IF(AND('TRA CỨU TỔNG HỢP'!$B$3<>"",ISNUMBER(SEARCH('TRA CỨU TỔNG HỢP'!$B$3,V43))),MAX($W$3:W42)+1,"")
A44: CAT | B44: HH077150 | C44: BorgWarner | D44: S200AG | E44: C7/3126 | F44: 178482/174201/174202 8S02-200-D84 | J44: JRONE | N44: =IF(M44="","",M44*1.1) | V44: =UPPER(A44&" "&B44&" "&D44&" "&E44&" "&F44&" "&G44&" "&H44&" "&I44&" "&J44) | W44: =IF(AND('TRA CỨU TỔNG HỢP'!$B$3<>"",ISNUMBER(SEARCH('TRA CỨU TỔNG HỢP'!$B$3,V44))),MAX($W$3:W43)+1,"")
A45: CAT | B45: HH082165 | C45: BorgWarner | D45: S200AG | E45: CAT C7/ 3126B | F45: 178474/171859 8S02-200-A50 | G45: (điều tốc hướng dưới cổ gang) | J45: JRONE | N45: =IF(M45="","",M45*1.1) | V45: =UPPER(A45&" "&B45&" "&D45&" "&E45&" "&F45&" "&G45&" "&H45&" "&I45&" "&J45) | W45: =IF(AND('TRA CỨU TỔNG HỢP'!$B$3<>"",ISNUMBER(SEARCH('TRA CỨU TỔNG HỢP'!$B$3,V45))),MAX($W$3:W44)+1,"")
A46: CAT | B46: HH082681 | C46: BorgWarner | D46: S2E GL | E46: CAT 3116 | F46: 167302 1055059 0R6865 | J46: SL | N46: =IF(M46="","",M46*1.1) | V46: =UPPER(A46&" "&B46&" "&D46&" "&E46&" "&F46&" "&G46&" "&H46&" "&I46&" "&J46) | W46: =IF(AND('TRA CỨU TỔNG HỢP'!$B$3<>"",ISNUMBER(SEARCH('TRA CỨU TỔNG HỢP'!$B$3,V46))),MAX($W$3:W45)+1,"")
A47: CAT | B47: HH082163 | C47: Garrett | D47: GT2560S | E47: PERKINS CAT C4.4 | F47: 833908-0017 `8G22-200-E62 | J47: JRONE | N47: =IF(M47="","",M47*1.1) | V47: =UPPER(A47&" "&B47&" "&D47&" "&E47&" "&F47&" "&G47&" "&H47&" "&I47&" "&J47) | W47: =IF(AND('TRA CỨU TỔNG HỢP'!$B$3<>"",ISNUMBER(SEARCH('TRA CỨU TỔNG HỢP'!$B$3,V47))),MAX($W$3:W46)+1,"")
A48: 🏭 CHEVROLET · 1 loại turbo | W48: =IF(AND('TRA CỨU TỔNG HỢP'!$B$3<>"",ISNUMBER(SEARCH('TRA CỨU TỔNG HỢP'!$B$3,V48))),MAX($W$3:W47)+1,"")
A49: CHEVROLET | C49: Garrett | D49: GTB1549VK | F49: 762463-0006/762463-0001 | 762463-0002 | 762463-0003 | 762463-0004 | 762463-0006 | 762463-1 | 762463-2 | 762463-3 | 762463-4 | 762463-6 | 762463-5001S | 762463-5002S | 762463-5003S | 762463-5004S | 762463-5006S | 96440365 | 4805337 | 805337 | 440365/96440365 4805337 | H49: Chevrolet Captiva 2.0 D / Z20S | O49: 49 | P49: 36.3 | Q49: 6/6 | R49: 40.9 | S49: 35.6 | T49: 9 | V49: =UPPER(A49&" "&B49&" "&D49&" "&E49&" "&F49&" "&G49&" "&H49&" "&I49&" "&J49) | W49: =IF(AND('TRA CỨU TỔNG HỢP'!$B$3<>"",ISNUMBER(SEARCH('TRA CỨU TỔNG HỢP'!$B$3,V49))),MAX($W$3:W48)+1,"")
A50: 🏭 CUMMINS · 56 loại turbo | W50: =IF(AND('TRA CỨU TỔNG HỢP'!$B$3<>"",ISNUMBER(SEARCH('TRA CỨU TỔNG HỢP'!$B$3,V50))),MAX($W$3:W49)+1,"")
A51: CUMMINS | B51: HH083868 | C51: Holset | D51: HX40W | E51: L375/ L340/ L360 | F51: 3783604 4051033/3787175 4048335/4956108/2836441/3773210 3784580/3788609/4033160/5329180 4051032/4049358/4046383/4046498 4047354/4051384/4051430/2836411 | G51: Tâm lỗ 45 x 85 2 sò hướng vuông góc | H51: Dongfeng Cummins L340, L360 | J51: SL | N51: =IF(M51="","",M51*1.1) | O51: 86 | P51: 60 | Q51: 7/7 | R51: 76 | S51: 64 | T51: 10 | V51: =UPPER(A51&" "&B51&" "&D51&" "&E51&" "&F51&" "&G51&" "&H51&" "&I51&" "&J51) | W51: =IF(AND('TRA CỨU TỔNG HỢP'!$B$3<>"",ISNUMBER(SEARCH('TRA CỨU TỔNG HỢP'!$B$3,V51))),MAX($W$3:W50)+1,"")
A52: └─ CUMMINS | B52: HH080733 | C52: Holset | D52: HX40W | E52: L375/ L340/ L360 | F52: 3783604 4051033/3787175 4048335/4956108/2836441/3773210 3784580/3788609/4033160/5329180 4051032/4049358/4046383/4046498 4047354/4051384/4051430/2836411 | G52: Tâm lỗ 45 x 85 2 sò hướng vuông góc | H52: Dongfeng Cummins L340, L360 | J52: SL | N52: =IF(M52="","",M52*1.1) | O52: 86 | P52: 60 | Q52: 7/7 | R52: 76 | S52: 64 | T52: 10 | V52: =UPPER(A52&" "&B52&" "&D52&" "&E52&" "&F52&" "&G52&" "&H52&" "&I52&" "&J52) | W52: =IF(AND('TRA CỨU TỔNG HỢP'!$B$3<>"",ISNUMBER(SEARCH('TRA CỨU TỔNG HỢP'!$B$3,V52))),MAX($W$3:W51)+1,"")
A53: └─ CUMMINS | B53: HH081574 | C53: Holset | D53: HX40W | E53: L375/ L340/ L360 | F53: 3783604 4051033/3787175 4048335/4956108/2836441/3773210 3784580/3788609/4033160/5329180 4051032/4049358/4046383/4046498 4047354/4051384/4051430/2836411 | G53: Tâm lỗ 45 x 85 2 sò hướng vuông góc | H53: Dongfeng Cummins L340, L360 | J53: TBS | N53: =IF(M53="","",M53*1.1) | O53: 86 | P53: 60 | Q53: 7/7 | R53: 76 | S53: 64 | T53: 10 | V53: =UPPER(A53&" "&B53&" "&D53&" "&E53&" "&F53&" "&G53&" "&H53&" "&I53&" "&J53) | W53: =IF(AND('TRA CỨU TỔNG HỢP'!$B$3<>"",ISNUMBER(SEARCH('TRA CỨU TỔNG HỢP'!$B$3,V53))),MAX($W$3:W52)+1,"")
A54: CUMMINS | B54: HH083054 | C54: Holset | D54: HX27W | E54: ISF3.8 | F54: 3779951/ 2843674 | J54: SL | N54: =IF(M54="","",M54*1.1) | O54: 56 | P54: 40.8 | Q54: 6/6 | R54: 52 | S54: 45.6 | T54: 12 | V54: =UPPER(A54&" "&B54&" "&D54&" "&E54&" "&F54&" "&G54&" "&H54&" "&I54&" "&J54) | W54: =IF(AND('TRA CỨU TỔNG HỢP'!$B$3<>"",ISNUMBER(SEARCH('TRA CỨU TỔNG HỢP'!$B$3,V54))),MAX($W$3:W53)+1,"")
A55: CUMMINS | B55: HH079779 | C55: Holset | D55: HX40W | E55: 6CTA/QSB5.9 | F55: 3536310/3536309 | G55: Ko loe, dây điều tốc từ động cơ | J55: EE | N55: =IF(M55="","",M55*1.1) | O55: 83 | P55: 58 | Q55: 8/8 | R55: 76 | S55: 64 | T55: 12 | V55: =UPPER(A55&" "&B55&" "&D55&" "&E55&" "&F55&" "&G55&" "&H55&" "&I55&" "&J55) | W55: =IF(AND('TRA CỨU TỔNG HỢP'!$B$3<>"",ISNUMBER(SEARCH('TRA CỨU TỔNG HỢP'!$B$3,V55))),MAX($W$3:W54)+1,"")
A56: CUMMINS | B56: HH081620 | C56: Holset | D56: HX55W | E56: HOWO A7 | F56: 3776573 VG1034110054 | G56: cổ gió loe | H56: Huyndai 320-7 | I56: đá bán sang ngang 3776572/KA100-1118100 cho quân thọ trương chưa ráp chek tiếp | J56: VIDARIR | N56: =IF(M56="","",M56*1.1) | V56: =UPPER(A56&" "&B56&" "&D56&" "&E56&" "&F56&" "&G56&" "&H56&" "&I56&" "&J56) | W56: =IF(AND('TRA CỨU TỔNG HỢP'!$B$3<>"",ISNUMBER(SEARCH('TRA CỨU TỔNG HỢP'!$B$3,V56))),MAX($W$3:W55)+1,"")
A57: CUMMINS | B57: HH075640 | C57: Holset | D57: HX50/H2C | E57: M11 | F57: 3537037 | G57: Tâm lỗ bu lông 90 x 70 ko có đường nước làm mát | N57: =IF(M57="","",M57*1.1) | V57: =UPPER(A57&" "&B57&" "&D57&" "&E57&" "&F57&" "&G57&" "&H57&" "&I57&" "&J57) | W57: =IF(AND('TRA CỨU TỔNG HỢP'!$B$3<>"",ISNUMBER(SEARCH('TRA CỨU TỔNG HỢP'!$B$3,V57))),MAX($W$3:W56)+1,"")
A58: └─ CUMMINS | B58: HH074862 | C58: Holset | D58: HX50/H2C | E58: M11 | F58: 3537037 | G58: Tâm lỗ bu lông 90 x 70 ko có đường nước làm mát | J58: SL | N58: =IF(M58="","",M58*1.1) | V58: =UPPER(A58&" "&B58&" "&D58&" "&E58&" "&F58&" "&G58&" "&H58&" "&I58&" "&J58) | W58: =IF(AND('TRA CỨU TỔNG HỢP'!$B$3<>"",ISNUMBER(SEARCH('TRA CỨU TỔNG HỢP'!$B$3,V58))),MAX($W$3:W57)+1,"")
A59: CUMMINS | B59: HH077023 | C59: Holset | D59: HT60 | E59: N14/ NT855/ Volvo N14 NE1 | F59: 3537074 3804502/3537074 | 3592512 | 3592678 | 3804502 | 3804502RX | 3592512 | 3592678 | 3804632 | 3804808 | 3538396 | 3538401 | 3803585 | 3803585RX | 3804308 | 3536263 | 3536095 | 3531733 | 3531267 | J59: SL | N59: =IF(M59="","",M59*1.1) | O59: 109 | P59: 73.5 | Q59: 8/8反 | R59: 97 | S59: 86.36 | T59: 12反 | V59: =UPPER(A59&" "&B59&" "&D59&" "&E59&" "&F59&" "&G59&" "&H59&" "&I59&" "&J59) | W59: =IF(AND('TRA CỨU TỔNG HỢP'!$B$3<>"",ISNUMBER(SEARCH('TRA CỨU TỔNG HỢP'!$B$3,V59))),MAX($W$3:W58)+1,"")
A60: └─ CUMMINS | B60: HH079178 | C60: Holset | D60: HT60 | E60: N14/ NT855/ Volvo N14 NE1 | F60: 3537074 3804502/3537074 | 3592512 | 3592678 | 3804502 | 3804502RX | 3592512 | 3592678 | 3804632 | 3804808 | 3538396 | 3538401 | 3803585 | 3803585RX | 3804308 | 3536263 | 3536095 | 3531733 | 3531267 | J60: SL | N60: =IF(M60="","",M60*1.1) | O60: 109 | P60: 73.5 | Q60: 8/8反 | R60: 97 | S60: 86.36 | T60: 12反 | V60: =UPPER(A60&" "&B60&" "&D60&" "&E60&" "&F60&" "&G60&" "&H60&" "&I60&" "&J60) | W60: =IF(AND('TRA CỨU TỔNG HỢP'!$B$3<>"",ISNUMBER(SEARCH('TRA CỨU TỔNG HỢP'!$B$3,V60))),MAX($W$3:W59)+1,"")
A61: CUMMINS | C61: Holset | D61: HX40W | E61: 6CTA | F61: 3537127/3537128/3537129 3537130/3538856/3538857 3539208/3802810/3802909 4044187/4044188/4044990 76192751/3535631/3535632 3535634/3535635/3535636 3535638/3535638H/3535640 3535641/3802651/76192436 1304937H91/6742-01-5049 6742015049/J802651/J535635 | H61: chưa nhập | O61: 83 | P61: 58 | Q61: 8/8 | R61: 76 | S61: 64 | T61: 12 | V61: =UPPER(A61&" "&B61&" "&D61&" "&E61&" "&F61&" "&G61&" "&H61&" "&I61&" "&J61) | W61: =IF(AND('TRA CỨU TỔNG HỢP'!$B$3<>"",ISNUMBER(SEARCH('TRA CỨU TỔNG HỢP'!$B$3,V61))),MAX($W$3:W60)+1,"")
A62: CUMMINS | C62: Holset | D62: HX40W | E62: 6CTA | F62: 3802784/3536404 3537287 3537288 3537289 3539312 3593565 | H62: chưa nhập | V62: =UPPER(A62&" "&B62&" "&D62&" "&E62&" "&F62&" "&G62&" "&H62&" "&I62&" "&J62) | W62: =IF(AND('TRA CỨU TỔNG HỢP'!$B$3<>"",ISNUMBER(SEARCH('TRA CỨU TỔNG HỢP'!$B$3,V62))),MAX($W$3:W61)+1,"")
A63: CUMMINS | B63: HH079268 | C63: Holset | D63: H2D | E63: 6CTA | F63: 3538623 | I63: MÁY THỦY | J63: VIDARIR | N63: =IF(M63="","",M63*1.1) | V63: =UPPER(A63&" "&B63&" "&D63&" "&E63&" "&F63&" "&G63&" "&H63&" "&I63&" "&J63) | W63: =IF(AND('TRA CỨU TỔNG HỢP'!$B$3<>"",ISNUMBER(SEARCH('TRA CỨU TỔNG HỢP'!$B$3,V63))),MAX($W$3:W62)+1,"")
A64: CUMMINS | B64: HH082364 | C64: Holset | D64: HE351VE | E64: FREIGHTLINER- | F64: 4955397/3776805 2835095, 2840775, 3769171, 3773435, 4031002, 403100200, 403100200H, 4031002H, 4031002HX, 4031003, 403100300, 4031003H, 4031205, 403120500H, 4031205H, 4031205HX, 4031239, 40312NX, 40312RX, 40313HX, 4046514, 4046515, 4046516, 4046517, 4046518, 4047365, 4047366, 4047367, 4047368, 4047369, 4048068, 4048069 20941931/20941933/21012875/21012876/21012877 21080078/21080079/21080080/21178032/21178033/21178034 21424404/21424405/21424406/21424419/21592749 21592750/21592751/21597914/22014294 22014295/22014296/22883059/22883060 | J64: SL | N64: =IF(M64="","",M64*1.1) | O64: 85 | P64: 56 | Q64: 7/7 | R64: 69.8 | S64: 60 | T64: 12 | V64: =UPPER(A64&" "&B64&" "&D64&" "&E64&" "&F64&" "&G64&" "&H64&" "&I64&" "&J64) | W64: =IF(AND('TRA CỨU TỔNG HỢP'!$B$3<>"",ISNUMBER(SEARCH('TRA CỨU TỔNG HỢP'!$B$3,V64))),MAX($W$3:W63)+1,"")
A65: └─ CUMMINS | B65: HH082365 | C65: Holset | D65: HE351VE | E65: FREIGHTLINER- | F65: 4955397/3776805 2835095, 2840775, 3769171, 3773435, 4031002, 403100200, 403100200H, 4031002H, 4031002HX, 4031003, 403100300, 4031003H, 4031205, 403120500H, 4031205H, 4031205HX, 4031239, 40312NX, 40312RX, 40313HX, 4046514, 4046515, 4046516, 4046517, 4046518, 4047365, 4047366, 4047367, 4047368, 4047369, 4048068, 4048069 20941931/20941933/21012875/21012876/21012877 21080078/21080079/21080080/21178032/21178033/21178034 21424404/21424405/21424406/21424419/21592749 21592750/21592751/21597914/22014294 22014295/22014296/22883059/22883060 | J65: SL | N65: =IF(M65="","",M65*1.1) | O65: 85 | P65: 56 | Q65: 7/7 | R65: 69.8 | S65: 60 | T65: 12 | V65: =UPPER(A65&" "&B65&" "&D65&" "&E65&" "&F65&" "&G65&" "&H65&" "&I65&" "&J65) | W65: =IF(AND('TRA CỨU TỔNG HỢP'!$B$3<>"",ISNUMBER(SEARCH('TRA CỨU TỔNG HỢP'!$B$3,V65))),MAX($W$3:W64)+1,"")
A66: CUMMINS | B66: HH080317 | C66: Holset | D66: HE300WG/HE351W | E66: ISDe6.7 | F66: 3776568 3776569/3960478/A3960478 3960479/A3960479 3971920/2839319 4035253/4047757 4047758/4029159/4029160 | J66: SL | N66: =IF(M66="","",M66*1.1) | O66: 78 | P66: 54 | Q66: 7/7 | R66: 70 | S66: 60 | T66: 12 | V66: =UPPER(A66&" "&B66&" "&D66&" "&E66&" "&F66&" "&G66&" "&H66&" "&I66&" "&J66) | W66: =IF(AND('TRA CỨU TỔNG HỢP'!$B$3<>"",ISNUMBER(SEARCH('TRA CỨU TỔNG HỢP'!$B$3,V66))),MAX($W$3:W65)+1,"")
A67: └─ CUMMINS | B67: HH080920 | C67: Holset | D67: HE300WG/HE351W | E67: ISDe6.7 | F67: 3776568 3776569/3960478/A3960478 3960479/A3960479 3971920/2839319 4035253/4047757 4047758/4029159/4029160 | J67: TBS | N67: =IF(M67="","",M67*1.1) | O67: 78 | P67: 54 | Q67: 7/7 | R67: 70 | S67: 60 | T67: 12 | V67: =UPPER(A67&" "&B67&" "&D67&" "&E67&" "&F67&" "&G67&" "&H67&" "&I67&" "&J67) | W67: =IF(AND('TRA CỨU TỔNG HỢP'!$B$3<>"",ISNUMBER(SEARCH('TRA CỨU TỔNG HỢP'!$B$3,V67))),MAX($W$3:W66)+1,"")
A68: CUMMINS | B68: HH072356 | C68: Holset | D68: HX30W | E68: 4BT/4B3.9 | F68: 3592121/3802906 3592122/3592123 3592124/3537751/3537753 | G68: Tâm lỗ bu lông 44.5 x 86 cổ nhôm không loe | J68: SL | N68: =IF(M68="","",M68*1.1) | O68: 69 | P68: 40.2 | Q68: 6/6 | R68: 65.4 | S68: 52 | T68: 12 | V68: =UPPER(A68&" "&B68&" "&D68&" "&E68&" "&F68&" "&G68&" "&H68&" "&I68&" "&J68) | W68: =IF(AND('TRA CỨU TỔNG HỢP'!$B$3<>"",ISNUMBER(SEARCH('TRA CỨU TỔNG HỢP'!$B$3,V68))),MAX($W$3:W67)+1,"")
A69: └─ CUMMINS | B69: HH079072 | C69: Holset | D69: HX30W | E69: 4BT/4B3.9 | F69: 3592121/3802906 3592122/3592123 3592124/3537751/3537753 | G69: Tâm lỗ bu lông 44.5 x 86 cổ nhôm không loe | N69: =IF(M69="","",M69*1.1) | O69: 69 | P69: 40.2 | Q69: 6/6 | R69: 65.4 | S69: 52 | T69: 12 | V69: =UPPER(A69&" "&B69&" "&D69&" "&E69&" "&F69&" "&G69&" "&H69&" "&I69&" "&J69) | W69: =IF(AND('TRA CỨU TỔNG HỢP'!$B$3<>"",ISNUMBER(SEARCH('TRA CỨU TỔNG HỢP'!$B$3,V69))),MAX($W$3:W68)+1,"")
A70: └─ CUMMINS | B70: HH079970 | C70: Holset | D70: HX30W | E70: 4BT/4B3.9 | F70: 3592121/3802906 3592122/3592123 3592124/3537751/3537753 | G70: Tâm lỗ bu lông 44.5 x 86 cổ nhôm không loe | N70: =IF(M70="","",M70*1.1) | O70: 69 | P70: 40.2 | Q70: 6/6 | R70: 65.4 | S70: 52 | T70: 12 | V70: =UPPER(A70&" "&B70&" "&D70&" "&E70&" "&F70&" "&G70&" "&H70&" "&I70&" "&J70) | W70: =IF(AND('TRA CỨU TỔNG HỢP'!$B$3<>"",ISNUMBER(SEARCH('TRA CỨU TỔNG HỢP'!$B$3,V70))),MAX($W$3:W69)+1,"")
A71: CUMMINS | B71: HH071943 | C71: Holset | D71: HX30W | E71: 4BT/4B3.9 | F71: 3592318/3592317/3598814 | G71: Tâm lỗ bu lông 44.5 x 86 cổ nhôm loe ra | I71: CÓ H/A SL | N71: =IF(M71="","",M71*1.1) | O71: 73 | P71: 44 | Q71: 6/6 | R71: 65.4 | S71: 52 | T71: 12 | V71: =UPPER(A71&" "&B71&" "&D71&" "&E71&" "&F71&" "&G71&" "&H71&" "&I71&" "&J71) | W71: =IF(AND('TRA CỨU TỔNG HỢP'!$B$3<>"",ISNUMBER(SEARCH('TRA CỨU TỔNG HỢP'!$B$3,V71))),MAX($W$3:W70)+1,"")
A72: └─ CUMMINS | B72: HH079971 | C72: Holset | D72: HX30W | E72: 4BT/4B3.9 | F72: 3592318/3592317/3598814 | G72: Tâm lỗ bu lông 44.5 x 86 cổ nhôm loe ra | I72: CÓ H/A SL | J72: SL | N72: =IF(M72="","",M72*1.1) | O72: 73 | P72: 44 | Q72: 6/6 | R72: 65.4 | S72: 52 | T72: 12 | V72: =UPPER(A72&" "&B72&" "&D72&" "&E72&" "&F72&" "&G72&" "&H72&" "&I72&" "&J72) | W72: =IF(AND('TRA CỨU TỔNG HỢP'!$B$3<>"",ISNUMBER(SEARCH('TRA CỨU TỔNG HỢP'!$B$3,V72))),MAX($W$3:W71)+1,"")
A73: CUMMINS | B73: HH077138 | C73: Holset | D73: ISM11/HX55W | F73: 3592778/3592779/4046030 8C05-200-C66 | J73: JRONE | N73: =IF(M73="","",M73*1.1) | O73: 99 | P73: 65 | Q73: 7/7 | R73: 86 | S73: 77 | T73: 12 | V73: =UPPER(A73&" "&B73&" "&D73&" "&E73&" "&F73&" "&G73&" "&H73&" "&I73&" "&J73) | W73: =IF(AND('TRA CỨU TỔNG HỢP'!$B$3<>"",ISNUMBER(SEARCH('TRA CỨU TỔNG HỢP'!$B$3,V73))),MAX($W$3:W72)+1,"")
A74: CUMMINS | B74: HH083053 | C74: Holset | D74: HE200WG | E74: ISF3.8 | F74: 5324825/ 5455135 | J74: SL | N74: =IF(M74="","",M74*1.1) | O74: 55 | P74: 40.5 | Q74: 6/6 | R74: 49 | S74: 40 | T74: 11 | V74: =UPPER(A74&" "&B74&" "&D74&" "&E74&" "&F74&" "&G74&" "&H74&" "&I74&" "&J74) | W74: =IF(AND('TRA CỨU TỔNG HỢP'!$B$3<>"",ISNUMBER(SEARCH('TRA CỨU TỔNG HỢP'!$B$3,V74))),MAX($W$3:W73)+1,"")
A75: CUMMINS | B75: HH079269 | C75: Holset | D75: HE200WG | E75: ISF3.8 | F75: 3772741 | 3772742 | 2840684 | 2840685 | 3796165 | G75: Tâm lỗ bu lông 73 x 40 | J75: VIDARIR | N75: =IF(M75="","",M75*1.1) | O75: 58 | P75: 41 | Q75: 6/6 | R75: 49 | S75: 44 | T75: 11 | V75: =UPPER(A75&" "&B75&" "&D75&" "&E75&" "&F75&" "&G75&" "&H75&" "&I75&" "&J75) | W75: =IF(AND('TRA CỨU TỔNG HỢP'!$B$3<>"",ISNUMBER(SEARCH('TRA CỨU TỔNG HỢP'!$B$3,V75))),MAX($W$3:W74)+1,"")
A76: └─ CUMMINS | B76: HH083505 | C76: Holset | D76: HE200WG | E76: ISF3.8 | F76: 3772741 | 3772742 | 2840684 | 2840685 | 3796165 | G76: Tâm lỗ bu lông 73 x 40 | J76: TBS | N76: =IF(M76="","",M76*1.1) | O76: 58 | P76: 41 | Q76: 6/6 | R76: 49 | S76: 44 | T76: 11 | V76: =UPPER(A76&" "&B76&" "&D76&" "&E76&" "&F76&" "&G76&" "&H76&" "&I76&" "&J76) | W76: =IF(AND('TRA CỨU TỔNG HỢP'!$B$3<>"",ISNUMBER(SEARCH('TRA CỨU TỔNG HỢP'!$B$3,V76))),MAX($W$3:W75)+1,"")
A77: └─ CUMMINS | B77: HH081616 | C77: Holset | D77: HE200WG | E77: ISF3.8 | F77: 3772741 | 3772742 | 2840684 | 2840685 | 3796165 | G77: Tâm lỗ bu lông 73 x 40 | J77: VIDARIR | N77: =IF(M77="","",M77*1.1) | O77: 58 | P77: 41 | Q77: 6/6 | R77: 49 | S77: 44 | T77: 11 | V77: =UPPER(A77&" "&B77&" "&D77&" "&E77&" "&F77&" "&G77&" "&H77&" "&I77&" "&J77) | W77: =IF(AND('TRA CỨU TỔNG HỢP'!$B$3<>"",ISNUMBER(SEARCH('TRA CỨU TỔNG HỢP'!$B$3,V77))),MAX($W$3:W76)+1,"")
A78: └─ CUMMINS | B78: HH083504 | C78: Holset | D78: HE200WG | E78: ISF3.8 | F78: 3772741 | 3772742 | 2840684 | 2840685 | 3796165 | G78: Tâm lỗ bu lông 73 x 40 | J78: TBS | N78: =IF(M78="","",M78*1.1) | O78: 58 | P78: 41 | Q78: 6/6 | R78: 49 | S78: 44 | T78: 11 | V78: =UPPER(A78&" "&B78&" "&D78&" "&E78&" "&F78&" "&G78&" "&H78&" "&I78&" "&J78) | W78: =IF(AND('TRA CỨU TỔNG HỢP'!$B$3<>"",ISNUMBER(SEARCH('TRA CỨU TỔNG HỢP'!$B$3,V78))),MAX($W$3:W77)+1,"")
A79: CUMMINS | B79: HH083958 | C79: Holset | D79: HE221W | E79: Turbo (Cummins) HE221W/ 8C02-200-J45 (GAZ/ ISF 3.8/ 3767997) - JRONE | F79: 8C02-200-J45/ 3767997/3774193 | H79: GAZ | I79: JRONE | J79: JRONE | N79: =IF(M79="","",M79*1.1) | O79: 56 | P79: 43 | Q79: 6/6 | R79: 47.2 | S79: 41.2 | T79: 11 | V79: =UPPER(A79&" "&B79&" "&D79&" "&E79&" "&F79&" "&G79&" "&H79&" "&I79&" "&J79) | W79: =IF(AND('TRA CỨU TỔNG HỢP'!$B$3<>"",ISNUMBER(SEARCH('TRA CỨU TỔNG HỢP'!$B$3,V79))),MAX($W$3:W78)+1,"")
A80: CUMMINS | B80: HH080644 | C80: Holset | D80: HX50W/ HE400WG | F80: 612600118895 3790063 | G80: sò lửa ra có mặt bích tròn bắt bu lông | J80: VIDARIR | N80: =IF(M80="","",M80*1.1) | V80: =UPPER(A80&" "&B80&" "&D80&" "&E80&" "&F80&" "&G80&" "&H80&" "&I80&" "&J80) | W80: =IF(AND('TRA CỨU TỔNG HỢP'!$B$3<>"",ISNUMBER(SEARCH('TRA CỨU TỔNG HỢP'!$B$3,V80))),MAX($W$3:W79)+1,"")
A81: CUMMINS | B81: HH080923 | C81: Garrett | D81: TBP417 | E81: S6D108 WA400 | F81: 6222-81-8310 | G81: có điều tốc | J81: TBS | N81: =IF(M81="","",M81*1.1) | V81: =UPPER(A81&" "&B81&" "&D81&" "&E81&" "&F81&" "&G81&" "&H81&" "&I81&" "&J81) | W81: =IF(AND('TRA CỨU TỔNG HỢP'!$B$3<>"",ISNUMBER(SEARCH('TRA CỨU TỔNG HỢP'!$B$3,V81))),MAX($W$3:W80)+1,"")
A82: CUMMINS | B82: HH079359 | C82: Holset | D82: HX80 | E82: KTA19 | F82: 3594117/3594118/3594134 | J82: SL | N82: =IF(M82="","",M82*1.1) | O82: 141 | P82: 91.6 | Q82: 8/8 | R82: 129 | S82: 95.85 | T82: 11 | V82: =UPPER(A82&" "&B82&" "&D82&" "&E82&" "&F82&" "&G82&" "&H82&" "&I82&" "&J82) | W82: =IF(AND('TRA CỨU TỔNG HỢP'!$B$3<>"",ISNUMBER(SEARCH('TRA CỨU TỔNG HỢP'!$B$3,V82))),MAX($W$3:W81)+1,"")
A83: └─ CUMMINS | B83: HH077028 | C83: Holset | D83: HX80 | E83: KTA19 | F83: 3594117/3594118/3594134 | J83: SL | N83: =IF(M83="","",M83*1.1) | O83: 141 | P83: 91.6 | Q83: 8/8 | R83: 129 | S83: 95.85 | T83: 11 | V83: =UPPER(A83&" "&B83&" "&D83&" "&E83&" "&F83&" "&G83&" "&H83&" "&I83&" "&J83) | W83: =IF(AND('TRA CỨU TỔNG HỢP'!$B$3<>"",ISNUMBER(SEARCH('TRA CỨU TỔNG HỢP'!$B$3,V83))),MAX($W$3:W82)+1,"")
A84: └─ CUMMINS | B84: HH081916 | C84: Holset | D84: HX80 | E84: KTA19 | F84: 3594117/3594118/3594134 | J84: SL | N84: =IF(M84="","",M84*1.1) | O84: 141 | P84: 91.6 | Q84: 8/8 | R84: 129 | S84: 95.85 | T84: 11 | V84: =UPPER(A84&" "&B84&" "&D84&" "&E84&" "&F84&" "&G84&" "&H84&" "&I84&" "&J84) | W84: =IF(AND('TRA CỨU TỔNG HỢP'!$B$3<>"",ISNUMBER(SEARCH('TRA CỨU TỔNG HỢP'!$B$3,V84))),MAX($W$3:W83)+1,"")
A85: CUMMINS | B85: HH081739 | C85: Holset | D85: HX25W | E85: ISF3.8 | F85: 3598723 | J85: TBS | N85: =IF(M85="","",M85*1.1) | O85: 56 | P85: 38.4 | Q85: 6/6 | R85: 52 | S85: 45.6 | T85: 12 | V85: =UPPER(A85&" "&B85&" "&D85&" "&E85&" "&F85&" "&G85&" "&H85&" "&I85&" "&J85) | W85: =IF(AND('TRA CỨU TỔNG HỢP'!$B$3<>"",ISNUMBER(SEARCH('TRA CỨU TỔNG HỢP'!$B$3,V85))),MAX($W$3:W84)+1,"")
A86: CUMMINS | C86: Holset | D86: HX25W | F86: 3596065/3596067 | O86: 56 | P86: 38.4 | Q86: 6/6 | R86: 52 | S86: 45.6 | T86: 12 | V86: =UPPER(A86&" "&B86&" "&D86&" "&E86&" "&F86&" "&G86&" "&H86&" "&I86&" "&J86) | W86: =IF(AND('TRA CỨU TỔNG HỢP'!$B$3<>"",ISNUMBER(SEARCH('TRA CỨU TỔNG HỢP'!$B$3,V86))),MAX($W$3:W85)+1,"")
A87: CUMMINS | B87: HH075140 | C87: Holset | D87: BHT3B | E87: NT855/N14 | F87: 3529032 3803108 | G87: Tâm lỗ bu lông 57x 109 | J87: SL | N87: =IF(M87="","",M87*1.1) | O87: 109 | P87: 74.5 | Q87: 8/8反 | R87: 97 | S87: 86.36 | T87: 12反 | V87: =UPPER(A87&" "&B87&" "&D87&" "&E87&" "&F87&" "&G87&" "&H87&" "&I87&" "&J87) | W87: =IF(AND('TRA CỨU TỔNG HỢP'!$B$3<>"",ISNUMBER(SEARCH('TRA CỨU TỔNG HỢP'!$B$3,V87))),MAX($W$3:W86)+1,"")
A88: └─ CUMMINS | B88: HH082883 | C88: Holset | D88: BHT3B | E88: NT855/N14 | F88: 3529032 3803108 | G88: Tâm lỗ bu lông 57x 109 | J88: SL | N88: =IF(M88="","",M88*1.1) | O88: 109 | P88: 74.5 | Q88: 8/8反 | R88: 97 | S88: 86.36 | T88: 12反 | V88: =UPPER(A88&" "&B88&" "&D88&" "&E88&" "&F88&" "&G88&" "&H88&" "&I88&" "&J88) | W88: =IF(AND('TRA CỨU TỔNG HỢP'!$B$3<>"",ISNUMBER(SEARCH('TRA CỨU TỔNG HỢP'!$B$3,V88))),MAX($W$3:W87)+1,"")
A89: CUMMINS | B89: HH078579 | C89: Holset | D89: HX40W | E89: DL08 | F89: 4033345 4039318 | G89: (sò gió, sò lửa hướng vuông góc) Tâm lỗ bu lông 40 x 81 | I89: có h/a sl | J89: SL | N89: =IF(M89="","",M89*1.1) | O89: 86 | P89: 56 | Q89: 7/7 | R89: 76 | S89: 64 | T89: 12 | V89: =UPPER(A89&" "&B89&" "&D89&" "&E89&" "&F89&" "&G89&" "&H89&" "&I89&" "&J89) | W89: =IF(AND('TRA CỨU TỔNG HỢP'!$B$3<>"",ISNUMBER(SEARCH('TRA CỨU TỔNG HỢP'!$B$3,V89))),MAX($W$3:W88)+1,"")
A90: └─ CUMMINS | B90: HH080740 | C90: Holset | D90: HX40W | E90: DL08 | F90: 4033345 4039318 | G90: (sò gió, sò lửa hướng vuông góc) Tâm lỗ bu lông 40 x 81 | I90: có h/a sl | J90: SL | N90: =IF(M90="","",M90*1.1) | O90: 86 | P90: 56 | Q90: 7/7 | R90: 76 | S90: 64 | T90: 12 | V90: =UPPER(A90&" "&B90&" "&D90&" "&E90&" "&F90&" "&G90&" "&H90&" "&I90&" "&J90) | W90: =IF(AND('TRA CỨU TỔNG HỢP'!$B$3<>"",ISNUMBER(SEARCH('TRA CỨU TỔNG HỢP'!$B$3,V90))),MAX($W$3:W89)+1,"")
A91: CUMMINS | B91: HH077598 | C91: BorgWarner | D91: S300G/HE400G | F91: 3787729 13809700027 3785076 45104111824590 45104111810690 8C04-200-M05 | H91: Deutz/ Kamaz/ Cummins | J91: JRONE | N91: =IF(M91="","",M91*1.1) | O91: 93 | P91: 64 | Q91: 7/7 | R91: 75.8 | S91: 67 | T91: 12 | V91: =UPPER(A91&" "&B91&" "&D91&" "&E91&" "&F91&" "&G91&" "&H91&" "&I91&" "&J91) | W91: =IF(AND('TRA CỨU TỔNG HỢP'!$B$3<>"",ISNUMBER(SEARCH('TRA CỨU TỔNG HỢP'!$B$3,V91))),MAX($W$3:W90)+1,"")
A92: └─ CUMMINS | B92: HH077595 | C92: BorgWarner | D92: S300G/HE400G | F92: 3787729 13809700027 3785076 45104111824590 45104111810690 8C04-200-M05 | H92: Deutz/ Kamaz/ Cummins | J92: JRONE | N92: =IF(M92="","",M92*1.1) | O92: 93 | P92: 64 | Q92: 7/7 | R92: 75.8 | S92: 67 | T92: 12 | V92: =UPPER(A92&" "&B92&" "&D92&" "&E92&" "&F92&" "&G92&" "&H92&" "&I92&" "&J92) | W92: =IF(AND('TRA CỨU TỔNG HỢP'!$B$3<>"",ISNUMBER(SEARCH('TRA CỨU TỔNG HỢP'!$B$3,V92))),MAX($W$3:W91)+1,"")
A93: CUMMINS | B93: HH080644 | C93: Holset | D93: HX50W | E93: HE400WG | F93: 3790063 612600118895 | J93: VIDARIR | N93: =IF(M93="","",M93*1.1) | V93: =UPPER(A93&" "&B93&" "&D93&" "&E93&" "&F93&" "&G93&" "&H93&" "&I93&" "&J93) | W93: =IF(AND('TRA CỨU TỔNG HỢP'!$B$3<>"",ISNUMBER(SEARCH('TRA CỨU TỔNG HỢP'!$B$3,V93))),MAX($W$3:W92)+1,"")
A94: CUMMINS | B94: HH081914 | C94: Holset | D94: HX40W | E94: DE08-Tis | F94: 4036244 65.09100-7095 | G94: Xe tải Deawoo, Cổ gang ra tròn, bắt 6 bu lông / Cổ gang ra tròn, bắt 6 bu lông | H94: Xe tải Deawoo, | J94: VIDARIR | N94: =IF(M94="","",M94*1.1) | V94: =UPPER(A94&" "&B94&" "&D94&" "&E94&" "&F94&" "&G94&" "&H94&" "&I94&" "&J94) | W94: =IF(AND('TRA CỨU TỔNG HỢP'!$B$3<>"",ISNUMBER(SEARCH('TRA CỨU TỔNG HỢP'!$B$3,V94))),MAX($W$3:W93)+1,"")
A95: CUMMINS | B95: HH082792 | C95: Holset | D95: HE551V/ CUMMINS ISX | F95: 4036666 | J95: SL | N95: =IF(M95="","",M95*1.1) | O95: 108.8 | P95: 71.8 | Q95: 8/8 | R95: 85.8 | S95: 75 | T95: 12 | V95: =UPPER(A95&" "&B95&" "&D95&" "&E95&" "&F95&" "&G95&" "&H95&" "&I95&" "&J95) | W95: =IF(AND('TRA CỨU TỔNG HỢP'!$B$3<>"",ISNUMBER(SEARCH('TRA CỨU TỔNG HỢP'!$B$3,V95))),MAX($W$3:W94)+1,"")
A96: └─ CUMMINS | B96: HH082366 | C96: Holset | D96: HE551V/ CUMMINS ISX | F96: 4036666 | J96: SL | N96: =IF(M96="","",M96*1.1) | O96: 108.8 | P96: 71.8 | Q96: 8/8 | R96: 85.8 | S96: 75 | T96: 12 | V96: =UPPER(A96&" "&B96&" "&D96&" "&E96&" "&F96&" "&G96&" "&H96&" "&I96&" "&J96) | W96: =IF(AND('TRA CỨU TỔNG HỢP'!$B$3<>"",ISNUMBER(SEARCH('TRA CỨU TỔNG HỢP'!$B$3,V96))),MAX($W$3:W95)+1,"")
A97: CUMMINS | B97: HH080918 | C97: Holset | D97: HX40/ H1E | F97: 4029153 | G97: Tâm lỗ 45*85 cổ gang ra bắt 6 bu lông | J97: TBS | N97: =IF(M97="","",M97*1.1) | V97: =UPPER(A97&" "&B97&" "&D97&" "&E97&" "&F97&" "&G97&" "&H97&" "&I97&" "&J97) | W97: =IF(AND('TRA CỨU TỔNG HỢP'!$B$3<>"",ISNUMBER(SEARCH('TRA CỨU TỔNG HỢP'!$B$3,V97))),MAX($W$3:W96)+1,"")
A98: CUMMINS | B98: HH078578 | C98: Holset | D98: HX40W | E98: DL08 | F98: 4039319 | G98: sò lửa , sò gió hướng cùng phía Tâm lỗ bu lông 40 x 81 | I98: có h/a sl | J98: SL | N98: =IF(M98="","",M98*1.1) | O98: 86 | P98: 56 | Q98: 7/7 | R98: 76 | S98: 64 | T98: 12 | V98: =UPPER(A98&" "&B98&" "&D98&" "&E98&" "&F98&" "&G98&" "&H98&" "&I98&" "&J98) | W98: =IF(AND('TRA CỨU TỔNG HỢP'!$B$3<>"",ISNUMBER(SEARCH('TRA CỨU TỔNG HỢP'!$B$3,V98))),MAX($W$3:W97)+1,"")
A99: CUMMINS | B99: HH077027 | C99: Holset | D99: HX55W | E99: ISM11 | F99: 4024822 | J99: SL | N99: =IF(M99="","",M99*1.1) | O99: 99 | P99: 65 | Q99: 7/7 | R99: 86 | S99: 77 | T99: 12 | V99: =UPPER(A99&" "&B99&" "&D99&" "&E99&" "&F99&" "&G99&" "&H99&" "&I99&" "&J99) | W99: =IF(AND('TRA CỨU TỔNG HỢP'!$B$3<>"",ISNUMBER(SEARCH('TRA CỨU TỔNG HỢP'!$B$3,V99))),MAX($W$3:W98)+1,"")
A100: └─ CUMMINS | B100: HH080330 | C100: Holset | D100: HX55W | E100: ISM11 | F100: 4024822 | J100: SL | N100: =IF(M100="","",M100*1.1) | O100: 99 | P100: 65 | Q100: 7/7 | R100: 86 | S100: 77 | T100: 12 | V100: =UPPER(A100&" "&B100&" "&D100&" "&E100&" "&F100&" "&G100&" "&H100&" "&I100&" "&J100) | W100: =IF(AND('TRA CỨU TỔNG HỢP'!$B$3<>"",ISNUMBER(SEARCH('TRA CỨU TỔNG HỢP'!$B$3,V100))),MAX($W$3:W99)+1,"")
...

Sheet RUỘT TURBO
A1: 🔧 RUỘT TURBO (CHRA) — Gom mã cùng PARNO
A2: 🟡 Vàng = mã gốc có biến thể cùng PARNO · 🟠 Cam = mã khác thương hiệu (cùng PARNO) · 🟢 Xanh = MÃ VT vừa điền
A3: HÃNG MÁY | B3: MÃ VT | C3: HÃNG SX | D3: MODEL TURBO | E3: MÃ ĐỘNG CƠ | F3: OEM PART NO | G3: GHI CHÚ | H3: THƯƠNG HIỆU | I3: GIÁ VIP | J3: GIÁ ƯU ĐÃI | K3: GIÁ ĐẠI LÝ | L3: GIÁ ĐL +10% | M3: CG Ø DƯỚI | N3: CG Ø ĐỈNH | O3: CG SỐ | P3: CL Ø DƯỚI | Q3: CL Ø ĐỈNH | R3: CL SỐ | T3: _BLOB | U3: 0
A4: 🏭 CAT · 34 loại turbo | U4: =IF(AND('TRA CỨU TỔNG HỢP'!$B$3<>"",ISNUMBER(SEARCH('TRA CỨU TỔNG HỢP'!$B$3,T4))),MAX($U$3:U3)+1,"")
A5: CAT | B5: HH077147 | D5: Cat E320D/C6.4/ TD06H | F5: 49179-02910 8M06-100-E63 | H5: JRONE | L5: =IF(K5="","",K5*1.1) | T5: =UPPER(A5&" "&B5&" "&D5&" "&E5&" "&F5&" "&G5&" "&H5) | U5: =IF(AND('TRA CỨU TỔNG HỢP'!$B$3<>"",ISNUMBER(SEARCH('TRA CỨU TỔNG HỢP'!$B$3,T5))),MAX($U$3:U4)+1,"")
A6: CAT | B6: HH081913 | D6: Cat E320D/C6.4/ TD06H | F6: 49179-02910 8M06-100-E63 | H6: VIDARIR | L6: =IF(K6="","",K6*1.1) | T6: =UPPER(A6&" "&B6&" "&D6&" "&E6&" "&F6&" "&G6&" "&H6) | U6: =IF(AND('TRA CỨU TỔNG HỢP'!$B$3<>"",ISNUMBER(SEARCH('TRA CỨU TỔNG HỢP'!$B$3,T6))),MAX($U$3:U5)+1,"")
A7: CAT | B7: HH075291 | C7: Mitsubishi | D7: TD06H-16M | E7: 3066/S6KT | F7: 49179-02820 8M06-100-E68 | H7: JRONE | L7: =IF(K7="","",K7*1.1) | T7: =UPPER(A7&" "&B7&" "&D7&" "&E7&" "&F7&" "&G7&" "&H7) | U7: =IF(AND('TRA CỨU TỔNG HỢP'!$B$3<>"",ISNUMBER(SEARCH('TRA CỨU TỔNG HỢP'!$B$3,T7))),MAX($U$3:U6)+1,"")
A8: CAT | B8: HH070130 | C8: BorgWarner | D8: S2A | E8: 3114 | F8: 317817/ 8S03-100-J37 | G8: 8S03-100-J37 | H8: JRONE | L8: =IF(K8="","",K8*1.1) | T8: =UPPER(A8&" "&B8&" "&D8&" "&E8&" "&F8&" "&G8&" "&H8) | U8: =IF(AND('TRA CỨU TỔNG HỢP'!$B$3<>"",ISNUMBER(SEARCH('TRA CỨU TỔNG HỢP'!$B$3,T8))),MAX($U$3:U7)+1,"")
A9: CAT | B9: HH071812 | C9: Mitsubishi | D9: TD06H-16M | E9: 3066/S6KT | F9: 49179-02300 5I8018/2797860 49179-08600 | H9: SL | L9: =IF(K9="","",K9*1.1) | T9: =UPPER(A9&" "&B9&" "&D9&" "&E9&" "&F9&" "&G9&" "&H9) | U9: =IF(AND('TRA CỨU TỔNG HỢP'!$B$3<>"",ISNUMBER(SEARCH('TRA CỨU TỔNG HỢP'!$B$3,T9))),MAX($U$3:U8)+1,"")
A10: CAT | B10: HH075289 | C10: Mitsubishi | D10: TE06H-16M | E10: S6KT | F10: 49179-02230 8M06-100-235 | H10: JRONE | L10: =IF(K10="","",K10*1.1) | T10: =UPPER(A10&" "&B10&" "&D10&" "&E10&" "&F10&" "&G10&" "&H10) | U10: =IF(AND('TRA CỨU TỔNG HỢP'!$B$3<>"",ISNUMBER(SEARCH('TRA CỨU TỔNG HỢP'!$B$3,T10))),MAX($U$3:U9)+1,"")
A11: CAT | B11: HH071811 | C11: Mitsubishi | D11: TE06H-16M | E11: S6KT | F11: 49179-02230 8M06-100-235 | H11: SL | L11: =IF(K11="","",K11*1.1) | T11: =UPPER(A11&" "&B11&" "&D11&" "&E11&" "&F11&" "&G11&" "&H11) | U11: =IF(AND('TRA CỨU TỔNG HỢP'!$B$3<>"",ISNUMBER(SEARCH('TRA CỨU TỔNG HỢP'!$B$3,T11))),MAX($U$3:U10)+1,"")
A12: CAT | B12: HH079980 | C12: Mitsubishi | D12: TE06H-16M | E12: S6KT | F12: 49179-02230 8M06-100-235 | L12: =IF(K12="","",K12*1.1) | T12: =UPPER(A12&" "&B12&" "&D12&" "&E12&" "&F12&" "&G12&" "&H12) | U12: =IF(AND('TRA CỨU TỔNG HỢP'!$B$3<>"",ISNUMBER(SEARCH('TRA CỨU TỔNG HỢP'!$B$3,T12))),MAX($U$3:U11)+1,"")
A13: CAT | B13: HH081733 | C13: Mitsubishi | D13: TD06H-14C | E13: S6KT/S4KT | F13: 49179-00451/49179-00451 | 49179-00450 | 4917900451 | 4917900450 | 5I-5015 | 5I5015 8M06-100-056/49179-00450 5I501549179-09830/49179-00451/4917900451/317013/49179-00450/4917900450/49S79-00451/49S7900451 (ruột) | H13: TBS | L13: =IF(K13="","",K13*1.1) | T13: =UPPER(A13&" "&B13&" "&D13&" "&E13&" "&F13&" "&G13&" "&H13) | U13: =IF(AND('TRA CỨU TỔNG HỢP'!$B$3<>"",ISNUMBER(SEARCH('TRA CỨU TỔNG HỢP'!$B$3,T13))),MAX($U$3:U12)+1,"")
A14: CAT | B14: HH075110 | C14: Mitsubishi | D14: TD06H-14C | E14: S6KT/S4KT | F14: 49179-00451/49179-00451 | 49179-00450 | 4917900451 | 4917900450 | 5I-5015 | 5I5015 8M06-100-056/49179-00450 5I501549179-09830/49179-00451/4917900451/317013/49179-00450/4917900450/49S79-00451/49S7900451 (ruột) | H14: JRONE | L14: =IF(K14="","",K14*1.1) | T14: =UPPER(A14&" "&B14&" "&D14&" "&E14&" "&F14&" "&G14&" "&H14) | U14: =IF(AND('TRA CỨU TỔNG HỢP'!$B$3<>"",ISNUMBER(SEARCH('TRA CỨU TỔNG HỢP'!$B$3,T14))),MAX($U$3:U13)+1,"")
A15: CAT | B15: HH079979 | C15: Mitsubishi | D15: TD06H-14C | E15: S6KT/S4KT | F15: 49179-00451/49179-00451 | 49179-00450 | 4917900451 | 4917900450 | 5I-5015 | 5I5015 8M06-100-056/49179-00450 5I501549179-09830/49179-00451/4917900451/317013/49179-00450/4917900450/49S79-00451/49S7900451 (ruột) | H15: SL | L15: =IF(K15="","",K15*1.1) | T15: =UPPER(A15&" "&B15&" "&D15&" "&E15&" "&F15&" "&G15&" "&H15) | U15: =IF(AND('TRA CỨU TỔNG HỢP'!$B$3<>"",ISNUMBER(SEARCH('TRA CỨU TỔNG HỢP'!$B$3,T15))),MAX($U$3:U14)+1,"")
A16: CAT | B16: HH075397 | C16: BorgWarner | D16: S410G | E16: CAT 3406/ C15 | F16: 177148 169227 704604-0007/466445-0018 471142-0005/471142-0003 466445-0015/466445-0021 170354 137-4832/OR7152 167-9271/196-5951 OR6989/124-3035 141-8939/146-4328/136-6390 8S04-200-B71 | H16: JRONE | L16: =IF(K16="","",K16*1.1) | M16: 105.4 | N16: 74.6 | O16: 7/7 | P16: 91.5 | Q16: 81.7 | R16: 10 | T16: =UPPER(A16&" "&B16&" "&D16&" "&E16&" "&F16&" "&G16&" "&H16) | U16: =IF(AND('TRA CỨU TỔNG HỢP'!$B$3<>"",ISNUMBER(SEARCH('TRA CỨU TỔNG HỢP'!$B$3,T16))),MAX($U$3:U15)+1,"")
A17: CAT | C17: Mitsubishi | D17: TF035 | E17: 4M40-T | F17: 49135-03320 49135-03301 03300/8M35-200-J12 | L17: =IF(K17="","",K17*1.1) | T17: =UPPER(A17&" "&B17&" "&D17&" "&E17&" "&F17&" "&G17&" "&H17) | U17: =IF(AND('TRA CỨU TỔNG HỢP'!$B$3<>"",ISNUMBER(SEARCH('TRA CỨU TỔNG HỢP'!$B$3,T17))),MAX($U$3:U16)+1,"")
A18: CAT | B18: HH080116 | C18: IHI | D18: RHF4 | E18: VT10 | F18: VA420088 1515A029/1515A030/VT11 VA420101/VB420088 VB420101/VC420088 VC420101/F41CAT-S0088B F41CAT-S0088G/VF420088 VG420088A1/49179-08540 | H18: SL | L18: =IF(K18="","",K18*1.1) | M18: 50 | N18: 37.4 | O18: 5/5 | P18: 45.2 | Q18: 36.6 | R18: 9 | T18: =UPPER(A18&" "&B18&" "&D18&" "&E18&" "&F18&" "&G18&" "&H18) | U18: =IF(AND('TRA CỨU TỔNG HỢP'!$B$3<>"",ISNUMBER(SEARCH('TRA CỨU TỔNG HỢP'!$B$3,T18))),MAX($U$3:U17)+1,"")
A19: CAT | B19: HH080117 | C19: IHI | D19: RHF4 | E19: VT10 | F19: VA420088 1515A029/1515A030/VT11 VA420101/VB420088 VB420101/VC420088 VC420101/F41CAT-S0088B F41CAT-S0088G/VF420088 VG420088A1/49179-08540 | H19: SL | L19: =IF(K19="","",K19*1.1) | M19: 50 | N19: 37.4 | O19: 5/5 | P19: 45.2 | Q19: 36.6 | R19: 9 | T19: =UPPER(A19&" "&B19&" "&D19&" "&E19&" "&F19&" "&G19&" "&H19) | U19: =IF(AND('TRA CỨU TỔNG HỢP'!$B$3<>"",ISNUMBER(SEARCH('TRA CỨU TỔNG HỢP'!$B$3,T19))),MAX($U$3:U18)+1,"")
A20: CAT | B20: HH075384 | C20: Garrett | D20: T04B91 | E20: 3304 | F20: 409410-0002 8G04-100-155 | H20: JRONE | L20: =IF(K20="","",K20*1.1) | M20: 70 | N20: 48.4 | O20: 8/8 | P20: 74.3 | Q20: 64.6 | R20: 11 | T20: =UPPER(A20&" "&B20&" "&D20&" "&E20&" "&F20&" "&G20&" "&H20) | U20: =IF(AND('TRA CỨU TỔNG HỢP'!$B$3<>"",ISNUMBER(SEARCH('TRA CỨU TỔNG HỢP'!$B$3,T20))),MAX($U$3:U19)+1,"")
A21: CAT | B21: HH0626 | C21: Garrett | D21: T04B91 | E21: 3304 | F21: 409410-0002 8G04-100-155 | H21: SL | L21: =IF(K21="","",K21*1.1) | M21: 70 | N21: 48.4 | O21: 8/8 | P21: 74.3 | Q21: 64.6 | R21: 11 | T21: =UPPER(A21&" "&B21&" "&D21&" "&E21&" "&F21&" "&G21&" "&H21) | U21: =IF(AND('TRA CỨU TỔNG HỢP'!$B$3<>"",ISNUMBER(SEARCH('TRA CỨU TỔNG HỢP'!$B$3,T21))),MAX($U$3:U20)+1,"")
A22: CAT | B22: HH077152 | C22: BorgWarner | D22: S200AG | E22: C7/3126B | F22: 171860/178475 8S02-200-E65 | H22: JRONE | L22: =IF(K22="","",K22*1.1) | T22: =UPPER(A22&" "&B22&" "&D22&" "&E22&" "&F22&" "&G22&" "&H22) | U22: =IF(AND('TRA CỨU TỔNG HỢP'!$B$3<>"",ISNUMBER(SEARCH('TRA CỨU TỔNG HỢP'!$B$3,T22))),MAX($U$3:U21)+1,"")
A23: CAT | B23: HH084199 | C23: BorgWarner | D23: S200AG | E23: C7/3126B | F23: 171860/178475 8S02-200-E65 | H23: EE | L23: =IF(K23="","",K23*1.1) | T23: =UPPER(A23&" "&B23&" "&D23&" "&E23&" "&F23&" "&G23&" "&H23) | U23: =IF(AND('TRA CỨU TỔNG HỢP'!$B$3<>"",ISNUMBER(SEARCH('TRA CỨU TỔNG HỢP'!$B$3,T23))),MAX($U$3:U22)+1,"")
A24: CAT | B24: HH083051 | C24: Garrett | D24: GT47 | E24: C15/3406E | F24: 1679271 | H24: SL | L24: =IF(K24="","",K24*1.1) | M24: 102.4 | N24: 74.7 | O24: 6/6 | P24: 94 | Q24: 84 | R24: 10 | T24: =UPPER(A24&" "&B24&" "&D24&" "&E24&" "&F24&" "&G24&" "&H24) | U24: =IF(AND('TRA CỨU TỔNG HỢP'!$B$3<>"",ISNUMBER(SEARCH('TRA CỨU TỔNG HỢP'!$B$3,T24))),MAX($U$3:U23)+1,"")
A25: CAT | B25: HH075396 | C25: BorgWarner | D25: S200G | E25: PERKINS 1106C/C7.1 | F25: 1270-970-0133/4314572 8S02-200-E66 431-4572/13J17-0007 | H25: JRONE | L25: =IF(K25="","",K25*1.1) | M25: 80 | N25: 53.2 | O25: 7/7 | P25: 69.6 | Q25: 55.9 | R25: 10 | T25: =UPPER(A25&" "&B25&" "&D25&" "&E25&" "&F25&" "&G25&" "&H25) | U25: =IF(AND('TRA CỨU TỔNG HỢP'!$B$3<>"",ISNUMBER(SEARCH('TRA CỨU TỔNG HỢP'!$B$3,T25))),MAX($U$3:U24)+1,"")
A26: CAT | B26: HH075291 | C26: Mitsubishi | D26: TD06H-16M | E26: 3066/S6KT | F26: 8M06-100-E68 | H26: JRONE | L26: =IF(K26="","",K26*1.1) | T26: =UPPER(A26&" "&B26&" "&D26&" "&E26&" "&F26&" "&G26&" "&H26) | U26: =IF(AND('TRA CỨU TỔNG HỢP'!$B$3<>"",ISNUMBER(SEARCH('TRA CỨU TỔNG HỢP'!$B$3,T26))),MAX($U$3:U25)+1,"")
A27: CAT | B27: HH080646 | C27: IHI | D27: RHC7 | E27: DB58 | F27: VA250098 | H27: FIRE | L27: =IF(K27="","",K27*1.1) | T27: =UPPER(A27&" "&B27&" "&D27&" "&E27&" "&F27&" "&G27&" "&H27) | U27: =IF(AND('TRA CỨU TỔNG HỢP'!$B$3<>"",ISNUMBER(SEARCH('TRA CỨU TỔNG HỢP'!$B$3,T27))),MAX($U$3:U26)+1,"")
A28: CAT | B28: HH075385 | C28: Garrett | D28: T04B65 | E28: 3204 | F28: 465088-0001 8G04-100-269 | H28: JRONE | L28: =IF(K28="","",K28*1.1) | T28: =UPPER(A28&" "&B28&" "&D28&" "&E28&" "&F28&" "&G28&" "&H28) | U28: =IF(AND('TRA CỨU TỔNG HỢP'!$B$3<>"",ISNUMBER(SEARCH('TRA CỨU TỔNG HỢP'!$B$3,T28))),MAX($U$3:U27)+1,"")
A29: CAT | B29: HH077150 | C29: BorgWarner | D29: S200AG | E29: C7/3126 | F29: 8S02-200-D84 | G29: CAT C7, S200AG - JRONE 8S02-200-D84 | H29: JRONE | L29: =IF(K29="","",K29*1.1) | T29: =UPPER(A29&" "&B29&" "&D29&" "&E29&" "&F29&" "&G29&" "&H29) | U29: =IF(AND('TRA CỨU TỔNG HỢP'!$B$3<>"",ISNUMBER(SEARCH('TRA CỨU TỔNG HỢP'!$B$3,T29))),MAX($U$3:U28)+1,"")
A30: CAT | B30: HH077151 | C30: BorgWarner | D30: S200AG048 | E30: D6 | F30: 178472/171770 8S02-200-D86 | H30: JRONE | L30: =IF(K30="","",K30*1.1) | T30: =UPPER(A30&" "&B30&" "&D30&" "&E30&" "&F30&" "&G30&" "&H30) | U30: =IF(AND('TRA CỨU TỔNG HỢP'!$B$3<>"",ISNUMBER(SEARCH('TRA CỨU TỔNG HỢP'!$B$3,T30))),MAX($U$3:U29)+1,"")
A31: CAT | B31: HH071942 | C31: BorgWarner | D31: SR4/S3A | E31: 3306 | F31: 7C8632 | H31: SL | L31: =IF(K31="","",K31*1.1) | M31: 86.4 | N31: 58.6 | O31: 7/7 | P31: 82.8 | Q31: 74.6 | R31: 11 | T31: =UPPER(A31&" "&B31&" "&D31&" "&E31&" "&F31&" "&G31&" "&H31) | U31: =IF(AND('TRA CỨU TỔNG HỢP'!$B$3<>"",ISNUMBER(SEARCH('TRA CỨU TỔNG HỢP'!$B$3,T31))),MAX($U$3:U30)+1,"")
A32: CAT | B32: HH077425 | C32: Garrett | D32: GTA4502BLS | E32: C13 | F32: 750432-0005 8G45-200-B61 | H32: JRONE | L32: =IF(K32="","",K32*1.1) | T32: =UPPER(A32&" "&B32&" "&D32&" "&E32&" "&F32&" "&G32&" "&H32) | U32: =IF(AND('TRA CỨU TỔNG HỢP'!$B$3<>"",ISNUMBER(SEARCH('TRA CỨU TỔNG HỢP'!$B$3,T32))),MAX($U$3:U31)+1,"")
A33: CAT | B33: HH079580 | C33: BorgWarner | D33: F-302 | E33: 3306 | F33: 4W0210 8S03-100-N78 | H33: JRONE | L33: =IF(K33="","",K33*1.1) | T33: =UPPER(A33&" "&B33&" "&D33&" "&E33&" "&F33&" "&G33&" "&H33) | U33: =IF(AND('TRA CỨU TỔNG HỢP'!$B$3<>"",ISNUMBER(SEARCH('TRA CỨU TỔNG HỢP'!$B$3,T33))),MAX($U$3:U32)+1,"")
A34: CAT | B34: HH071949 | C34: BorgWarner | D34: S2E | E34: 3116/3126 | F34: 4P4677 | L34: =IF(K34="","",K34*1.1) | M34: 76.2 | N34: 48.2 | O34: 7/7 | P34: 74.4 | Q34: 64.6 | R34: 11 | T34: =UPPER(A34&" "&B34&" "&D34&" "&E34&" "&F34&" "&G34&" "&H34) | U34: =IF(AND('TRA CỨU TỔNG HỢP'!$B$3<>"",ISNUMBER(SEARCH('TRA CỨU TỔNG HỢP'!$B$3,T34))),MAX($U$3:U33)+1,"")
A35: CAT | B35: HH079357 | C35: BorgWarner | D35: S310G | E35: C9 | F35: 2167815 | H35: SL | L35: =IF(K35="","",K35*1.1) | M35: 61.6 | N35: 88.324 | O35: 7/7 | P35: 79.7 | Q35: 73.4 | R35: 10 | T35: =UPPER(A35&" "&B35&" "&D35&" "&E35&" "&F35&" "&G35&" "&H35) | U35: =IF(AND('TRA CỨU TỔNG HỢP'!$B$3<>"",ISNUMBER(SEARCH('TRA CỨU TỔNG HỢP'!$B$3,T35))),MAX($U$3:U34)+1,"")
A36: CAT | B36: HH075395 | C36: BorgWarner | D36: B2G | E36: PERKINS 1106D/C7 | F36: 1070-197-0002 8S02-200-835/1070-988-0002 2674A256/3159810 10R9580/458-8357 | H36: JRONE | L36: =IF(K36="","",K36*1.1) | M36: 78.6 | N36: 51.8 | O36: 7/7 | P36: 69.6 | Q36: 55.9 | R36: 10 | T36: =UPPER(A36&" "&B36&" "&D36&" "&E36&" "&F36&" "&G36&" "&H36) | U36: =IF(AND('TRA CỨU TỔNG HỢP'!$B$3<>"",ISNUMBER(SEARCH('TRA CỨU TỔNG HỢP'!$B$3,T36))),MAX($U$3:U35)+1,"")
A37: CAT | B37: HH072352 | C37: BorgWarner | D37: S4D | E37: 330C/C9 | F37: 10R2355 | H37: SL | L37: =IF(K37="","",K37*1.1) | M37: 61.6 | N37: 88.324 | O37: 7/7 | P37: 79.7 | Q37: 73.4 | R37: 10 | T37: =UPPER(A37&" "&B37&" "&D37&" "&E37&" "&F37&" "&G37&" "&H37) | U37: =IF(AND('TRA CỨU TỔNG HỢP'!$B$3<>"",ISNUMBER(SEARCH('TRA CỨU TỔNG HỢP'!$B$3,T37))),MAX($U$3:U36)+1,"")
A38: CAT | B38: HH081544 | C38: BorgWarner | D38: S4D | E38: 330C/C9 | F38: 10R2355 | H38: SL | L38: =IF(K38="","",K38*1.1) | M38: 61.6 | N38: 88.324 | O38: 7/7 | P38: 79.7 | Q38: 73.4 | R38: 10 | T38: =UPPER(A38&" "&B38&" "&D38&" "&E38&" "&F38&" "&G38&" "&H38) | U38: =IF(AND('TRA CỨU TỔNG HỢP'!$B$3<>"",ISNUMBER(SEARCH('TRA CỨU TỔNG HỢP'!$B$3,T38))),MAX($U$3:U37)+1,"")
A39: CAT | B39: HH082164 | C39: Mitsubishi | D39: TD06H-14K | E39: D06FR/C6.4 | F39: 49179-06210 8M06-100-L61 | H39: JRONE | L39: =IF(K39="","",K39*1.1) | T39: =UPPER(A39&" "&B39&" "&D39&" "&E39&" "&F39&" "&G39&" "&H39) | U39: =IF(AND('TRA CỨU TỔNG HỢP'!$B$3<>"",ISNUMBER(SEARCH('TRA CỨU TỔNG HỢP'!$B$3,T39))),MAX($U$3:U38)+1,"")
A40: CAT | C40: BorgWarner | D40: S4DS | E40: 3306 | F40: 196543 7C7579 0R6340(core:7C7596) | L40: =IF(K40="","",K40*1.1) | M40: 86.4 | N40: 59.1 | O40: 7/7 | P40: 87 | Q40: 79.5 | R40: 10 | T40: =UPPER(A40&" "&B40&" "&D40&" "&E40&" "&F40&" "&G40&" "&H40) | U40: =IF(AND('TRA CỨU TỔNG HỢP'!$B$3<>"",ISNUMBER(SEARCH('TRA CỨU TỔNG HỢP'!$B$3,T40))),MAX($U$3:U39)+1,"")
A41: CAT | B41: HH077414 | C41: Garrett | D41: GT4594 | E41: S6A/ CAT 3306 | F41: 17C95-0182 | G41: ráp sang 6D22 đời 1990 | H41: MX | L41: =IF(K41="","",K41*1.1) | T41: =UPPER(A41&" "&B41&" "&D41&" "&E41&" "&F41&" "&G41&" "&H41) | U41: =IF(AND('TRA CỨU TỔNG HỢP'!$B$3<>"",ISNUMBER(SEARCH('TRA CỨU TỔNG HỢP'!$B$3,T41))),MAX($U$3:U40)+1,"")
A42: CAT | B42: HH079127 | C42: BorgWarner | D42: S310G | E42: C9 | F42: 178485/174978 8S03-200-B70 | H42: JRONE | L42: =IF(K42="","",K42*1.1) | T42: =UPPER(A42&" "&B42&" "&D42&" "&E42&" "&F42&" "&G42&" "&H42) | U42: =IF(AND('TRA CỨU TỔNG HỢP'!$B$3<>"",ISNUMBER(SEARCH('TRA CỨU TỔNG HỢP'!$B$3,T42))),MAX($U$3:U41)+1,"")
A43: CAT | B43: HH079127 | C43: BorgWarner | D43: S310G | E43: C9 | F43: 178485 174978 8S03-200-B70 | H43: JRONE | L43: =IF(K43="","",K43*1.1) | T43: =UPPER(A43&" "&B43&" "&D43&" "&E43&" "&F43&" "&G43&" "&H43) | U43: =IF(AND('TRA CỨU TỔNG HỢP'!$B$3<>"",ISNUMBER(SEARCH('TRA CỨU TỔNG HỢP'!$B$3,T43))),MAX($U$3:U42)+1,"")
A44: CAT | B44: HH077150 | C44: BorgWarner | D44: S200AG | E44: C7/3126 | F44: 178482/174201/174202 8S02-200-D84 | H44: JRONE | L44: =IF(K44="","",K44*1.1) | T44: =UPPER(A44&" "&B44&" "&D44&" "&E44&" "&F44&" "&G44&" "&H44) | U44: =IF(AND('TRA CỨU TỔNG HỢP'!$B$3<>"",ISNUMBER(SEARCH('TRA CỨU TỔNG HỢP'!$B$3,T44))),MAX($U$3:U43)+1,"")
A45: CAT | B45: HH082165 | C45: BorgWarner | D45: S200AG | E45: CAT C7/ 3126B | F45: 178474/171859 8S02-200-A50 | H45: JRONE | L45: =IF(K45="","",K45*1.1) | T45: =UPPER(A45&" "&B45&" "&D45&" "&E45&" "&F45&" "&G45&" "&H45) | U45: =IF(AND('TRA CỨU TỔNG HỢP'!$B$3<>"",ISNUMBER(SEARCH('TRA CỨU TỔNG HỢP'!$B$3,T45))),MAX($U$3:U44)+1,"")
A46: CAT | B46: HH082681 | C46: BorgWarner | D46: S2E GL | E46: CAT 3116 | F46: 167302 1055059 0R6865 | H46: SL | L46: =IF(K46="","",K46*1.1) | T46: =UPPER(A46&" "&B46&" "&D46&" "&E46&" "&F46&" "&G46&" "&H46) | U46: =IF(AND('TRA CỨU TỔNG HỢP'!$B$3<>"",ISNUMBER(SEARCH('TRA CỨU TỔNG HỢP'!$B$3,T46))),MAX($U$3:U45)+1,"")
A47: CAT | B47: HH082163 | C47: Garrett | D47: GT2560S | E47: PERKINS CAT C4.4 | F47: 833908-0017 `8G22-200-E62 | H47: JRONE | L47: =IF(K47="","",K47*1.1) | T47: =UPPER(A47&" "&B47&" "&D47&" "&E47&" "&F47&" "&G47&" "&H47) | U47: =IF(AND('TRA CỨU TỔNG HỢP'!$B$3<>"",ISNUMBER(SEARCH('TRA CỨU TỔNG HỢP'!$B$3,T47))),MAX($U$3:U46)+1,"")
A48: 🏭 CHEVROLET · 1 loại turbo | U48: =IF(AND('TRA CỨU TỔNG HỢP'!$B$3<>"",ISNUMBER(SEARCH('TRA CỨU TỔNG HỢP'!$B$3,T48))),MAX($U$3:U47)+1,"")
A49: CHEVROLET | C49: Garrett | D49: GTB1549VK | F49: 762463-0006/762463-0001 | 762463-0002 | 762463-0003 | 762463-0004 | 762463-0006 | 762463-1 | 762463-2 | 762463-3 | 762463-4 | 762463-6 | 762463-5001S | 762463-5002S | 762463-5003S | 762463-5004S | 762463-5006S | 96440365 | 4805337 | 805337 | 440365/96440365 4805337 | L49: =IF(K49="","",K49*1.1) | M49: 49 | N49: 36.3 | O49: 6/6 | P49: 40.9 | Q49: 35.6 | R49: 9 | T49: =UPPER(A49&" "&B49&" "&D49&" "&E49&" "&F49&" "&G49&" "&H49) | U49: =IF(AND('TRA CỨU TỔNG HỢP'!$B$3<>"",ISNUMBER(SEARCH('TRA CỨU TỔNG HỢP'!$B$3,T49))),MAX($U$3:U48)+1,"")
A50: 🏭 CUMMINS · 56 loại turbo | U50: =IF(AND('TRA CỨU TỔNG HỢP'!$B$3<>"",ISNUMBER(SEARCH('TRA CỨU TỔNG HỢP'!$B$3,T50))),MAX($U$3:U49)+1,"")
A51: CUMMINS | B51: HH081574 | C51: Holset | D51: HX40W | E51: L375/ L340/ L360 | F51: 3783604 4051033/3787175 4048335/4956108/2836441/3773210 3784580/3788609/4033160/5329180 4051032/4049358/4046383/4046498 4047354/4051384/4051430/2836411 | H51: TBS | L51: =IF(K51="","",K51*1.1) | M51: 86 | N51: 60 | O51: 7/7 | P51: 76 | Q51: 64 | R51: 10 | T51: =UPPER(A51&" "&B51&" "&D51&" "&E51&" "&F51&" "&G51&" "&H51) | U51: =IF(AND('TRA CỨU TỔNG HỢP'!$B$3<>"",ISNUMBER(SEARCH('TRA CỨU TỔNG HỢP'!$B$3,T51))),MAX($U$3:U50)+1,"")
A52: CUMMINS | B52: HH083868 | C52: Holset | D52: HX40W | E52: L375/ L340/ L360 | F52: 3783604 4051033/3787175 4048335/4956108/2836441/3773210 3784580/3788609/4033160/5329180 4051032/4049358/4046383/4046498 4047354/4051384/4051430/2836411 | H52: SL | L52: =IF(K52="","",K52*1.1) | M52: 86 | N52: 60 | O52: 7/7 | P52: 76 | Q52: 64 | R52: 10 | T52: =UPPER(A52&" "&B52&" "&D52&" "&E52&" "&F52&" "&G52&" "&H52) | U52: =IF(AND('TRA CỨU TỔNG HỢP'!$B$3<>"",ISNUMBER(SEARCH('TRA CỨU TỔNG HỢP'!$B$3,T52))),MAX($U$3:U51)+1,"")
A53: CUMMINS | B53: HH080733 | C53: Holset | D53: HX40W | E53: L375/ L340/ L360 | F53: 3783604 4051033/3787175 4048335/4956108/2836441/3773210 3784580/3788609/4033160/5329180 4051032/4049358/4046383/4046498 4047354/4051384/4051430/2836411 | H53: SL | L53: =IF(K53="","",K53*1.1) | M53: 86 | N53: 60 | O53: 7/7 | P53: 76 | Q53: 64 | R53: 10 | T53: =UPPER(A53&" "&B53&" "&D53&" "&E53&" "&F53&" "&G53&" "&H53) | U53: =IF(AND('TRA CỨU TỔNG HỢP'!$B$3<>"",ISNUMBER(SEARCH('TRA CỨU TỔNG HỢP'!$B$3,T53))),MAX($U$3:U52)+1,"")
A54: CUMMINS | B54: HH083054 | C54: Holset | D54: HX27W | E54: ISF3.8 | F54: 3779951/ 2843674 | H54: SL | L54: =IF(K54="","",K54*1.1) | M54: 56 | N54: 40.8 | O54: 6/6 | P54: 52 | Q54: 45.6 | R54: 12 | T54: =UPPER(A54&" "&B54&" "&D54&" "&E54&" "&F54&" "&G54&" "&H54) | U54: =IF(AND('TRA CỨU TỔNG HỢP'!$B$3<>"",ISNUMBER(SEARCH('TRA CỨU TỔNG HỢP'!$B$3,T54))),MAX($U$3:U53)+1,"")
A55: CUMMINS | B55: HH079779 | C55: Holset | D55: HX40W | E55: 6CTA/QSB5.9 | F55: 3536310/3536309 | H55: EE | L55: =IF(K55="","",K55*1.1) | M55: 83 | N55: 58 | O55: 8/8 | P55: 76 | Q55: 64 | R55: 12 | T55: =UPPER(A55&" "&B55&" "&D55&" "&E55&" "&F55&" "&G55&" "&H55) | U55: =IF(AND('TRA CỨU TỔNG HỢP'!$B$3<>"",ISNUMBER(SEARCH('TRA CỨU TỔNG HỢP'!$B$3,T55))),MAX($U$3:U54)+1,"")
A56: CUMMINS | B56: HH081620 | C56: Holset | D56: HX55W | E56: HOWO A7 | F56: 3776573 VG1034110054 | G56: đá bán sang ngang 3776572/KA100-1118100 cho quân thọ trương chưa ráp chek tiếp | H56: VIDARIR | L56: =IF(K56="","",K56*1.1) | T56: =UPPER(A56&" "&B56&" "&D56&" "&E56&" "&F56&" "&G56&" "&H56) | U56: =IF(AND('TRA CỨU TỔNG HỢP'!$B$3<>"",ISNUMBER(SEARCH('TRA CỨU TỔNG HỢP'!$B$3,T56))),MAX($U$3:U55)+1,"")
A57: CUMMINS | B57: HH075640 | C57: Holset | D57: HX50/H2C | E57: M11 | F57: 3537037 | L57: =IF(K57="","",K57*1.1) | T57: =UPPER(A57&" "&B57&" "&D57&" "&E57&" "&F57&" "&G57&" "&H57) | U57: =IF(AND('TRA CỨU TỔNG HỢP'!$B$3<>"",ISNUMBER(SEARCH('TRA CỨU TỔNG HỢP'!$B$3,T57))),MAX($U$3:U56)+1,"")
A58: CUMMINS | B58: HH074862 | C58: Holset | D58: HX50/H2C | E58: M11 | F58: 3537037 | H58: SL | L58: =IF(K58="","",K58*1.1) | T58: =UPPER(A58&" "&B58&" "&D58&" "&E58&" "&F58&" "&G58&" "&H58) | U58: =IF(AND('TRA CỨU TỔNG HỢP'!$B$3<>"",ISNUMBER(SEARCH('TRA CỨU TỔNG HỢP'!$B$3,T58))),MAX($U$3:U57)+1,"")
A59: CUMMINS | B59: HH077023 | C59: Holset | D59: HT60 | E59: N14/ NT855/ Volvo N14 NE1 | F59: 3537074 3804502/3537074 | 3592512 | 3592678 | 3804502 | 3804502RX | 3592512 | 3592678 | 3804632 | 3804808 | 3538396 | 3538401 | 3803585 | 3803585RX | 3804308 | 3536263 | 3536095 | 3531733 | 3531267 | H59: SL | L59: =IF(K59="","",K59*1.1) | M59: 109 | N59: 73.5 | O59: 8/8反 | P59: 97 | Q59: 86.36 | R59: 12反 | T59: =UPPER(A59&" "&B59&" "&D59&" "&E59&" "&F59&" "&G59&" "&H59) | U59: =IF(AND('TRA CỨU TỔNG HỢP'!$B$3<>"",ISNUMBER(SEARCH('TRA CỨU TỔNG HỢP'!$B$3,T59))),MAX($U$3:U58)+1,"")
A60: CUMMINS | B60: HH079178 | C60: Holset | D60: HT60 | E60: N14/ NT855/ Volvo N14 NE1 | F60: 3537074 3804502/3537074 | 3592512 | 3592678 | 3804502 | 3804502RX | 3592512 | 3592678 | 3804632 | 3804808 | 3538396 | 3538401 | 3803585 | 3803585RX | 3804308 | 3536263 | 3536095 | 3531733 | 3531267 | H60: SL | L60: =IF(K60="","",K60*1.1) | M60: 109 | N60: 73.5 | O60: 8/8反 | P60: 97 | Q60: 86.36 | R60: 12反 | T60: =UPPER(A60&" "&B60&" "&D60&" "&E60&" "&F60&" "&G60&" "&H60) | U60: =IF(AND('TRA CỨU TỔNG HỢP'!$B$3<>"",ISNUMBER(SEARCH('TRA CỨU TỔNG HỢP'!$B$3,T60))),MAX($U$3:U59)+1,"")
A61: CUMMINS | C61: Holset | D61: HX40W | E61: 6CTA | F61: 3537127/3537128/3537129 3537130/3538856/3538857 3539208/3802810/3802909 4044187/4044188/4044990 76192751/3535631/3535632 3535634/3535635/3535636 3535638/3535638H/3535640 3535641/3802651/76192436 1304937H91/6742-01-5049 6742015049/J802651/J535635 | L61: =IF(K61="","",K61*1.1) | M61: 83 | N61: 58 | O61: 8/8 | P61: 76 | Q61: 64 | R61: 12 | T61: =UPPER(A61&" "&B61&" "&D61&" "&E61&" "&F61&" "&G61&" "&H61) | U61: =IF(AND('TRA CỨU TỔNG HỢP'!$B$3<>"",ISNUMBER(SEARCH('TRA CỨU TỔNG HỢP'!$B$3,T61))),MAX($U$3:U60)+1,"")
A62: CUMMINS | C62: Holset | D62: HX40W | E62: 6CTA | F62: 3802784/3536404 3537287 3537288 3537289 3539312 3593565 | L62: =IF(K62="","",K62*1.1) | T62: =UPPER(A62&" "&B62&" "&D62&" "&E62&" "&F62&" "&G62&" "&H62) | U62: =IF(AND('TRA CỨU TỔNG HỢP'!$B$3<>"",ISNUMBER(SEARCH('TRA CỨU TỔNG HỢP'!$B$3,T62))),MAX($U$3:U61)+1,"")
A63: CUMMINS | B63: HH079268 | C63: Holset | D63: H2D | E63: 6CTA | F63: 3538623 | G63: MÁY THỦY | H63: VIDARIR | L63: =IF(K63="","",K63*1.1) | T63: =UPPER(A63&" "&B63&" "&D63&" "&E63&" "&F63&" "&G63&" "&H63) | U63: =IF(AND('TRA CỨU TỔNG HỢP'!$B$3<>"",ISNUMBER(SEARCH('TRA CỨU TỔNG HỢP'!$B$3,T63))),MAX($U$3:U62)+1,"")
A64: CUMMINS | B64: HH082364 | C64: Holset | D64: HE351VE | E64: FREIGHTLINER- | F64: 4955397/3776805 2835095, 2840775, 3769171, 3773435, 4031002, 403100200, 403100200H, 4031002H, 4031002HX, 4031003, 403100300, 4031003H, 4031205, 403120500H, 4031205H, 4031205HX, 4031239, 40312NX, 40312RX, 40313HX, 4046514, 4046515, 4046516, 4046517, 4046518, 4047365, 4047366, 4047367, 4047368, 4047369, 4048068, 4048069 20941931/20941933/21012875/21012876/21012877 21080078/21080079/21080080/21178032/21178033/21178034 21424404/21424405/21424406/21424419/21592749 21592750/21592751/21597914/22014294 22014295/22014296/22883059/22883060 | H64: SL | L64: =IF(K64="","",K64*1.1) | M64: 85 | N64: 56 | O64: 7/7 | P64: 69.8 | Q64: 60 | R64: 12 | T64: =UPPER(A64&" "&B64&" "&D64&" "&E64&" "&F64&" "&G64&" "&H64) | U64: =IF(AND('TRA CỨU TỔNG HỢP'!$B$3<>"",ISNUMBER(SEARCH('TRA CỨU TỔNG HỢP'!$B$3,T64))),MAX($U$3:U63)+1,"")
A65: CUMMINS | B65: HH082365 | C65: Holset | D65: HE351VE | E65: FREIGHTLINER- | F65: 4955397/3776805 2835095, 2840775, 3769171, 3773435, 4031002, 403100200, 403100200H, 4031002H, 4031002HX, 4031003, 403100300, 4031003H, 4031205, 403120500H, 4031205H, 4031205HX, 4031239, 40312NX, 40312RX, 40313HX, 4046514, 4046515, 4046516, 4046517, 4046518, 4047365, 4047366, 4047367, 4047368, 4047369, 4048068, 4048069 20941931/20941933/21012875/21012876/21012877 21080078/21080079/21080080/21178032/21178033/21178034 21424404/21424405/21424406/21424419/21592749 21592750/21592751/21597914/22014294 22014295/22014296/22883059/22883060 | H65: SL | L65: =IF(K65="","",K65*1.1) | M65: 85 | N65: 56 | O65: 7/7 | P65: 69.8 | Q65: 60 | R65: 12 | T65: =UPPER(A65&" "&B65&" "&D65&" "&E65&" "&F65&" "&G65&" "&H65) | U65: =IF(AND('TRA CỨU TỔNG HỢP'!$B$3<>"",ISNUMBER(SEARCH('TRA CỨU TỔNG HỢP'!$B$3,T65))),MAX($U$3:U64)+1,"")
A66: CUMMINS | B66: HH080317 | C66: Holset | D66: HE300WG/HE351W | E66: ISDe6.7 | F66: 3776568 3776569/3960478/A3960478 3960479/A3960479 3971920/2839319 4035253/4047757 4047758/4029159/4029160 | H66: SL | L66: =IF(K66="","",K66*1.1) | M66: 78 | N66: 54 | O66: 7/7 | P66: 70 | Q66: 60 | R66: 12 | T66: =UPPER(A66&" "&B66&" "&D66&" "&E66&" "&F66&" "&G66&" "&H66) | U66: =IF(AND('TRA CỨU TỔNG HỢP'!$B$3<>"",ISNUMBER(SEARCH('TRA CỨU TỔNG HỢP'!$B$3,T66))),MAX($U$3:U65)+1,"")
A67: CUMMINS | B67: HH080920 | C67: Holset | D67: HE300WG/HE351W | E67: ISDe6.7 | F67: 3776568 3776569/3960478/A3960478 3960479/A3960479 3971920/2839319 4035253/4047757 4047758/4029159/4029160 | H67: TBS | L67: =IF(K67="","",K67*1.1) | M67: 78 | N67: 54 | O67: 7/7 | P67: 70 | Q67: 60 | R67: 12 | T67: =UPPER(A67&" "&B67&" "&D67&" "&E67&" "&F67&" "&G67&" "&H67) | U67: =IF(AND('TRA CỨU TỔNG HỢP'!$B$3<>"",ISNUMBER(SEARCH('TRA CỨU TỔNG HỢP'!$B$3,T67))),MAX($U$3:U66)+1,"")
A68: CUMMINS | B68: HH072356 | C68: Holset | D68: HX30W | E68: 4BT/4B3.9 | F68: 3592121/3802906 3592122/3592123 3592124/3537751/3537753 | H68: SL | L68: =IF(K68="","",K68*1.1) | M68: 69 | N68: 40.2 | O68: 6/6 | P68: 65.4 | Q68: 52 | R68: 12 | T68: =UPPER(A68&" "&B68&" "&D68&" "&E68&" "&F68&" "&G68&" "&H68) | U68: =IF(AND('TRA CỨU TỔNG HỢP'!$B$3<>"",ISNUMBER(SEARCH('TRA CỨU TỔNG HỢP'!$B$3,T68))),MAX($U$3:U67)+1,"")
A69: CUMMINS | B69: HH079072 | C69: Holset | D69: HX30W | E69: 4BT/4B3.9 | F69: 3592121/3802906 3592122/3592123 3592124/3537751/3537753 | L69: =IF(K69="","",K69*1.1) | M69: 69 | N69: 40.2 | O69: 6/6 | P69: 65.4 | Q69: 52 | R69: 12 | T69: =UPPER(A69&" "&B69&" "&D69&" "&E69&" "&F69&" "&G69&" "&H69) | U69: =IF(AND('TRA CỨU TỔNG HỢP'!$B$3<>"",ISNUMBER(SEARCH('TRA CỨU TỔNG HỢP'!$B$3,T69))),MAX($U$3:U68)+1,"")
A70: CUMMINS | B70: HH079970 | C70: Holset | D70: HX30W | E70: 4BT/4B3.9 | F70: 3592121/3802906 3592122/3592123 3592124/3537751/3537753 | L70: =IF(K70="","",K70*1.1) | M70: 69 | N70: 40.2 | O70: 6/6 | P70: 65.4 | Q70: 52 | R70: 12 | T70: =UPPER(A70&" "&B70&" "&D70&" "&E70&" "&F70&" "&G70&" "&H70) | U70: =IF(AND('TRA CỨU TỔNG HỢP'!$B$3<>"",ISNUMBER(SEARCH('TRA CỨU TỔNG HỢP'!$B$3,T70))),MAX($U$3:U69)+1,"")
A71: CUMMINS | B71: HH071943 | C71: Holset | D71: HX30W | E71: 4BT/4B3.9 | F71: 3592318/3592317/3598814 | G71: CÓ H/A SL | L71: =IF(K71="","",K71*1.1) | M71: 73 | N71: 44 | O71: 6/6 | P71: 65.4 | Q71: 52 | R71: 12 | T71: =UPPER(A71&" "&B71&" "&D71&" "&E71&" "&F71&" "&G71&" "&H71) | U71: =IF(AND('TRA CỨU TỔNG HỢP'!$B$3<>"",ISNUMBER(SEARCH('TRA CỨU TỔNG HỢP'!$B$3,T71))),MAX($U$3:U70)+1,"")
A72: CUMMINS | B72: HH079971 | C72: Holset | D72: HX30W | E72: 4BT/4B3.9 | F72: 3592318/3592317/3598814 | G72: CÓ H/A SL | H72: SL | L72: =IF(K72="","",K72*1.1) | M72: 73 | N72: 44 | O72: 6/6 | P72: 65.4 | Q72: 52 | R72: 12 | T72: =UPPER(A72&" "&B72&" "&D72&" "&E72&" "&F72&" "&G72&" "&H72) | U72: =IF(AND('TRA CỨU TỔNG HỢP'!$B$3<>"",ISNUMBER(SEARCH('TRA CỨU TỔNG HỢP'!$B$3,T72))),MAX($U$3:U71)+1,"")
A73: CUMMINS | B73: HH077138 | C73: Holset | D73: ISM11/HX55W | F73: 3592778/3592779/4046030 8C05-200-C66 | H73: JRONE | L73: =IF(K73="","",K73*1.1) | M73: 99 | N73: 65 | O73: 7/7 | P73: 86 | Q73: 77 | R73: 12 | T73: =UPPER(A73&" "&B73&" "&D73&" "&E73&" "&F73&" "&G73&" "&H73) | U73: =IF(AND('TRA CỨU TỔNG HỢP'!$B$3<>"",ISNUMBER(SEARCH('TRA CỨU TỔNG HỢP'!$B$3,T73))),MAX($U$3:U72)+1,"")
A74: CUMMINS | B74: HH083053 | C74: Holset | D74: HE200WG | E74: ISF3.8 | F74: 5324825/ 5455135 | H74: SL | L74: =IF(K74="","",K74*1.1) | M74: 55 | N74: 40.5 | O74: 6/6 | P74: 49 | Q74: 40 | R74: 11 | T74: =UPPER(A74&" "&B74&" "&D74&" "&E74&" "&F74&" "&G74&" "&H74) | U74: =IF(AND('TRA CỨU TỔNG HỢP'!$B$3<>"",ISNUMBER(SEARCH('TRA CỨU TỔNG HỢP'!$B$3,T74))),MAX($U$3:U73)+1,"")
A75: CUMMINS | B75: HH079269 | C75: Holset | D75: HE200WG | E75: ISF3.8 | F75: 3772741 | 3772742 | 2840684 | 2840685 | 3796165 | H75: VIDARIR | L75: =IF(K75="","",K75*1.1) | M75: 58 | N75: 41 | O75: 6/6 | P75: 49 | Q75: 44 | R75: 11 | T75: =UPPER(A75&" "&B75&" "&D75&" "&E75&" "&F75&" "&G75&" "&H75) | U75: =IF(AND('TRA CỨU TỔNG HỢP'!$B$3<>"",ISNUMBER(SEARCH('TRA CỨU TỔNG HỢP'!$B$3,T75))),MAX($U$3:U74)+1,"")
A76: CUMMINS | B76: HH083505 | C76: Holset | D76: HE200WG | E76: ISF3.8 | F76: 3772741 | 3772742 | 2840684 | 2840685 | 3796165 | H76: TBS | L76: =IF(K76="","",K76*1.1) | M76: 58 | N76: 41 | O76: 6/6 | P76: 49 | Q76: 44 | R76: 11 | T76: =UPPER(A76&" "&B76&" "&D76&" "&E76&" "&F76&" "&G76&" "&H76) | U76: =IF(AND('TRA CỨU TỔNG HỢP'!$B$3<>"",ISNUMBER(SEARCH('TRA CỨU TỔNG HỢP'!$B$3,T76))),MAX($U$3:U75)+1,"")
A77: CUMMINS | B77: HH081616 | C77: Holset | D77: HE200WG | E77: ISF3.8 | F77: 3772741 | 3772742 | 2840684 | 2840685 | 3796165 | H77: VIDARIR | L77: =IF(K77="","",K77*1.1) | M77: 58 | N77: 41 | O77: 6/6 | P77: 49 | Q77: 44 | R77: 11 | T77: =UPPER(A77&" "&B77&" "&D77&" "&E77&" "&F77&" "&G77&" "&H77) | U77: =IF(AND('TRA CỨU TỔNG HỢP'!$B$3<>"",ISNUMBER(SEARCH('TRA CỨU TỔNG HỢP'!$B$3,T77))),MAX($U$3:U76)+1,"")
A78: CUMMINS | B78: HH083504 | C78: Holset | D78: HE200WG | E78: ISF3.8 | F78: 3772741 | 3772742 | 2840684 | 2840685 | 3796165 | H78: TBS | L78: =IF(K78="","",K78*1.1) | M78: 58 | N78: 41 | O78: 6/6 | P78: 49 | Q78: 44 | R78: 11 | T78: =UPPER(A78&" "&B78&" "&D78&" "&E78&" "&F78&" "&G78&" "&H78) | U78: =IF(AND('TRA CỨU TỔNG HỢP'!$B$3<>"",ISNUMBER(SEARCH('TRA CỨU TỔNG HỢP'!$B$3,T78))),MAX($U$3:U77)+1,"")
A79: CUMMINS | B79: HH083958 | C79: Holset | D79: HE221W | E79: Turbo (Cummins) HE221W/ 8C02-200-J45 (GAZ/ ISF 3.8/ 3767997) - JRONE | F79: 8C02-200-J45/ 3767997/3774193 | G79: JRONE | H79: JRONE | L79: =IF(K79="","",K79*1.1) | M79: 56 | N79: 43 | O79: 6/6 | P79: 47.2 | Q79: 41.2 | R79: 11 | T79: =UPPER(A79&" "&B79&" "&D79&" "&E79&" "&F79&" "&G79&" "&H79) | U79: =IF(AND('TRA CỨU TỔNG HỢP'!$B$3<>"",ISNUMBER(SEARCH('TRA CỨU TỔNG HỢP'!$B$3,T79))),MAX($U$3:U78)+1,"")
A80: CUMMINS | B80: HH080644 | C80: Holset | D80: HX50W/ HE400WG | F80: 612600118895 3790063 | H80: VIDARIR | L80: =IF(K80="","",K80*1.1) | T80: =UPPER(A80&" "&B80&" "&D80&" "&E80&" "&F80&" "&G80&" "&H80) | U80: =IF(AND('TRA CỨU TỔNG HỢP'!$B$3<>"",ISNUMBER(SEARCH('TRA CỨU TỔNG HỢP'!$B$3,T80))),MAX($U$3:U79)+1,"")
A81: CUMMINS | B81: HH080923 | C81: Garrett | D81: TBP417 | E81: S6D108 WA400 | F81: 6222-81-8310 | H81: TBS | L81: =IF(K81="","",K81*1.1) | T81: =UPPER(A81&" "&B81&" "&D81&" "&E81&" "&F81&" "&G81&" "&H81) | U81: =IF(AND('TRA CỨU TỔNG HỢP'!$B$3<>"",ISNUMBER(SEARCH('TRA CỨU TỔNG HỢP'!$B$3,T81))),MAX($U$3:U80)+1,"")
A82: CUMMINS | B82: HH079359 | C82: Holset | D82: HX80 | E82: KTA19 | F82: 3594117/3594118/3594134 | H82: SL | L82: =IF(K82="","",K82*1.1) | M82: 141 | N82: 91.6 | O82: 8/8 | P82: 129 | Q82: 95.85 | R82: 11 | T82: =UPPER(A82&" "&B82&" "&D82&" "&E82&" "&F82&" "&G82&" "&H82) | U82: =IF(AND('TRA CỨU TỔNG HỢP'!$B$3<>"",ISNUMBER(SEARCH('TRA CỨU TỔNG HỢP'!$B$3,T82))),MAX($U$3:U81)+1,"")
A83: CUMMINS | B83: HH077028 | C83: Holset | D83: HX80 | E83: KTA19 | F83: 3594117/3594118/3594134 | H83: SL | L83: =IF(K83="","",K83*1.1) | M83: 141 | N83: 91.6 | O83: 8/8 | P83: 129 | Q83: 95.85 | R83: 11 | T83: =UPPER(A83&" "&B83&" "&D83&" "&E83&" "&F83&" "&G83&" "&H83) | U83: =IF(AND('TRA CỨU TỔNG HỢP'!$B$3<>"",ISNUMBER(SEARCH('TRA CỨU TỔNG HỢP'!$B$3,T83))),MAX($U$3:U82)+1,"")
A84: CUMMINS | B84: HH081916 | C84: Holset | D84: HX80 | E84: KTA19 | F84: 3594117/3594118/3594134 | H84: SL | L84: =IF(K84="","",K84*1.1) | M84: 141 | N84: 91.6 | O84: 8/8 | P84: 129 | Q84: 95.85 | R84: 11 | T84: =UPPER(A84&" "&B84&" "&D84&" "&E84&" "&F84&" "&G84&" "&H84) | U84: =IF(AND('TRA CỨU TỔNG HỢP'!$B$3<>"",ISNUMBER(SEARCH('TRA CỨU TỔNG HỢP'!$B$3,T84))),MAX($U$3:U83)+1,"")
A85: CUMMINS | B85: HH081739 | C85: Holset | D85: HX25W | E85: ISF3.8 | F85: 3598723 | H85: TBS | L85: =IF(K85="","",K85*1.1) | M85: 56 | N85: 38.4 | O85: 6/6 | P85: 52 | Q85: 45.6 | R85: 12 | T85: =UPPER(A85&" "&B85&" "&D85&" "&E85&" "&F85&" "&G85&" "&H85) | U85: =IF(AND('TRA CỨU TỔNG HỢP'!$B$3<>"",ISNUMBER(SEARCH('TRA CỨU TỔNG HỢP'!$B$3,T85))),MAX($U$3:U84)+1,"")
A86: CUMMINS | C86: Holset | D86: HX25W | F86: 3596065/3596067 | L86: =IF(K86="","",K86*1.1) | M86: 56 | N86: 38.4 | O86: 6/6 | P86: 52 | Q86: 45.6 | R86: 12 | T86: =UPPER(A86&" "&B86&" "&D86&" "&E86&" "&F86&" "&G86&" "&H86) | U86: =IF(AND('TRA CỨU TỔNG HỢP'!$B$3<>"",ISNUMBER(SEARCH('TRA CỨU TỔNG HỢP'!$B$3,T86))),MAX($U$3:U85)+1,"")
A87: CUMMINS | B87: HH075140 | C87: Holset | D87: BHT3B | E87: NT855/N14 | F87: 3529032 3803108 | H87: SL | L87: =IF(K87="","",K87*1.1) | M87: 109 | N87: 74.5 | O87: 8/8反 | P87: 97 | Q87: 86.36 | R87: 12反 | T87: =UPPER(A87&" "&B87&" "&D87&" "&E87&" "&F87&" "&G87&" "&H87) | U87: =IF(AND('TRA CỨU TỔNG HỢP'!$B$3<>"",ISNUMBER(SEARCH('TRA CỨU TỔNG HỢP'!$B$3,T87))),MAX($U$3:U86)+1,"")
A88: CUMMINS | B88: HH082883 | C88: Holset | D88: BHT3B | E88: NT855/N14 | F88: 3529032 3803108 | H88: SL | L88: =IF(K88="","",K88*1.1) | M88: 109 | N88: 74.5 | O88: 8/8反 | P88: 97 | Q88: 86.36 | R88: 12反 | T88: =UPPER(A88&" "&B88&" "&D88&" "&E88&" "&F88&" "&G88&" "&H88) | U88: =IF(AND('TRA CỨU TỔNG HỢP'!$B$3<>"",ISNUMBER(SEARCH('TRA CỨU TỔNG HỢP'!$B$3,T88))),MAX($U$3:U87)+1,"")
A89: CUMMINS | B89: HH078579 | C89: Holset | D89: HX40W | E89: DL08 | F89: 4033345 4039318 | G89: có h/a sl | H89: SL | L89: =IF(K89="","",K89*1.1) | M89: 86 | N89: 56 | O89: 7/7 | P89: 76 | Q89: 64 | R89: 12 | T89: =UPPER(A89&" "&B89&" "&D89&" "&E89&" "&F89&" "&G89&" "&H89) | U89: =IF(AND('TRA CỨU TỔNG HỢP'!$B$3<>"",ISNUMBER(SEARCH('TRA CỨU TỔNG HỢP'!$B$3,T89))),MAX($U$3:U88)+1,"")
A90: CUMMINS | B90: HH080740 | C90: Holset | D90: HX40W | E90: DL08 | F90: 4033345 4039318 | G90: có h/a sl | H90: SL | L90: =IF(K90="","",K90*1.1) | M90: 86 | N90: 56 | O90: 7/7 | P90: 76 | Q90: 64 | R90: 12 | T90: =UPPER(A90&" "&B90&" "&D90&" "&E90&" "&F90&" "&G90&" "&H90) | U90: =IF(AND('TRA CỨU TỔNG HỢP'!$B$3<>"",ISNUMBER(SEARCH('TRA CỨU TỔNG HỢP'!$B$3,T90))),MAX($U$3:U89)+1,"")
A91: CUMMINS | B91: HH077598 | C91: BorgWarner | D91: S300G/HE400G | F91: 3787729 13809700027 3785076 45104111824590 45104111810690 8C04-200-M05 | H91: JRONE | L91: =IF(K91="","",K91*1.1) | M91: 93 | N91: 64 | O91: 7/7 | P91: 75.8 | Q91: 67 | R91: 12 | T91: =UPPER(A91&" "&B91&" "&D91&" "&E91&" "&F91&" "&G91&" "&H91) | U91: =IF(AND('TRA CỨU TỔNG HỢP'!$B$3<>"",ISNUMBER(SEARCH('TRA CỨU TỔNG HỢP'!$B$3,T91))),MAX($U$3:U90)+1,"")
A92: CUMMINS | B92: HH077595 | C92: BorgWarner | D92: S300G/HE400G | F92: 3787729 13809700027 3785076 45104111824590 45104111810690 8C04-200-M05 | H92: JRONE | L92: =IF(K92="","",K92*1.1) | M92: 93 | N92: 64 | O92: 7/7 | P92: 75.8 | Q92: 67 | R92: 12 | T92: =UPPER(A92&" "&B92&" "&D92&" "&E92&" "&F92&" "&G92&" "&H92) | U92: =IF(AND('TRA CỨU TỔNG HỢP'!$B$3<>"",ISNUMBER(SEARCH('TRA CỨU TỔNG HỢP'!$B$3,T92))),MAX($U$3:U91)+1,"")
A93: CUMMINS | B93: HH080644 | C93: Holset | D93: HX50W | E93: HE400WG | F93: 3790063 612600118895 | H93: VIDARIR | L93: =IF(K93="","",K93*1.1) | T93: =UPPER(A93&" "&B93&" "&D93&" "&E93&" "&F93&" "&G93&" "&H93) | U93: =IF(AND('TRA CỨU TỔNG HỢP'!$B$3<>"",ISNUMBER(SEARCH('TRA CỨU TỔNG HỢP'!$B$3,T93))),MAX($U$3:U92)+1,"")
A94: CUMMINS | B94: HH081914 | C94: Holset | D94: HX40W | E94: DE08-Tis | F94: 4036244 65.09100-7095 | H94: VIDARIR | L94: =IF(K94="","",K94*1.1) | T94: =UPPER(A94&" "&B94&" "&D94&" "&E94&" "&F94&" "&G94&" "&H94) | U94: =IF(AND('TRA CỨU TỔNG HỢP'!$B$3<>"",ISNUMBER(SEARCH('TRA CỨU TỔNG HỢP'!$B$3,T94))),MAX($U$3:U93)+1,"")
A95: CUMMINS | B95: HH082792 | C95: Holset | D95: HE551V/ CUMMINS ISX | F95: 4036666 | H95: SL | L95: =IF(K95="","",K95*1.1) | M95: 108.8 | N95: 71.8 | O95: 8/8 | P95: 85.8 | Q95: 75 | R95: 12 | T95: =UPPER(A95&" "&B95&" "&D95&" "&E95&" "&F95&" "&G95&" "&H95) | U95: =IF(AND('TRA CỨU TỔNG HỢP'!$B$3<>"",ISNUMBER(SEARCH('TRA CỨU TỔNG HỢP'!$B$3,T95))),MAX($U$3:U94)+1,"")
A96: CUMMINS | B96: HH082366 | C96: Holset | D96: HE551V/ CUMMINS ISX | F96: 4036666 | H96: SL | L96: =IF(K96="","",K96*1.1) | M96: 108.8 | N96: 71.8 | O96: 8/8 | P96: 85.8 | Q96: 75 | R96: 12 | T96: =UPPER(A96&" "&B96&" "&D96&" "&E96&" "&F96&" "&G96&" "&H96) | U96: =IF(AND('TRA CỨU TỔNG HỢP'!$B$3<>"",ISNUMBER(SEARCH('TRA CỨU TỔNG HỢP'!$B$3,T96))),MAX($U$3:U95)+1,"")
A97: CUMMINS | B97: HH080918 | C97: Holset | D97: HX40/ H1E | F97: 4029153 | H97: TBS | L97: =IF(K97="","",K97*1.1) | T97: =UPPER(A97&" "&B97&" "&D97&" "&E97&" "&F97&" "&G97&" "&H97) | U97: =IF(AND('TRA CỨU TỔNG HỢP'!$B$3<>"",ISNUMBER(SEARCH('TRA CỨU TỔNG HỢP'!$B$3,T97))),MAX($U$3:U96)+1,"")
A98: CUMMINS | B98: HH078578 | C98: Holset | D98: HX40W | E98: DL08 | F98: 4039319 | G98: có h/a sl | H98: SL | L98: =IF(K98="","",K98*1.1) | M98: 86 | N98: 56 | O98: 7/7 | P98: 76 | Q98: 64 | R98: 12 | T98: =UPPER(A98&" "&B98&" "&D98&" "&E98&" "&F98&" "&G98&" "&H98) | U98: =IF(AND('TRA CỨU TỔNG HỢP'!$B$3<>"",ISNUMBER(SEARCH('TRA CỨU TỔNG HỢP'!$B$3,T98))),MAX($U$3:U97)+1,"")
A99: CUMMINS | B99: HH077027 | C99: Holset | D99: HX55W | E99: ISM11 | F99: 4024822 | H99: SL | L99: =IF(K99="","",K99*1.1) | M99: 99 | N99: 65 | O99: 7/7 | P99: 86 | Q99: 77 | R99: 12 | T99: =UPPER(A99&" "&B99&" "&D99&" "&E99&" "&F99&" "&G99&" "&H99) | U99: =IF(AND('TRA CỨU TỔNG HỢP'!$B$3<>"",ISNUMBER(SEARCH('TRA CỨU TỔNG HỢP'!$B$3,T99))),MAX($U$3:U98)+1,"")
A100: CUMMINS | B100: HH080330 | C100: Holset | D100: HX55W | E100: ISM11 | F100: 4024822 | H100: SL | L100: =IF(K100="","",K100*1.1) | M100: 99 | N100: 65 | O100: 7/7 | P100: 86 | Q100: 77 | R100: 12 | T100: =UPPER(A100&" "&B100&" "&D100&" "&E100&" "&F100&" "&G100&" "&H100) | U100: =IF(AND('TRA CỨU TỔNG HỢP'!$B$3<>"",ISNUMBER(SEARCH('TRA CỨU TỔNG HỢP'!$B$3,T100))),MAX($U$3:U99)+1,"")
...

Sheet 📒 DANH SÁCH KH
A1: 👥 DANH SÁCH KHÁCH HÀNG — TỰ ĐỘNG CẬP NHẬT KHI THÊM MỚI
A2: STT | B2: Mã KH | C2: Tên khách hàng | D2: Điện thoại | E2: Phân loại | F2: Địa chỉ | G2: Tỉnh/TP | H2: Ghi chú | I2: Nhà xe | J2: _SK
A3: 1 | B3: KH3751 | C3: Keishin Machinery - bình chánh | E3: KHÁCH VIP | J3: =IFERROR(UPPER(TRIM(B3))&"|"&UPPER(TRIM(C3))&"|"&UPPER(TRIM(D3)),"")
A4: 2 | B4: KH3724 | C4: Anh Tuệ-Gia Lai/0335.786.077 | D4: 0335.786.077 | F4: Gia Lai | G4: GLAI | J4: =IFERROR(UPPER(TRIM(B4))&"|"&UPPER(TRIM(C4))&"|"&UPPER(TRIM(D4)),"")
A5: 3 | B5: KH3723 | C5: CH Phụ Tùng Ri Tuyền-Kiên Giang/ A Ri- 0961.616.170 | D5: 0961.616.170 | F5: Xã Hoà Chánh, Huyện U Minh Thượng, Kiên Giang | G5: KG | J5: =IFERROR(UPPER(TRIM(B5))&"|"&UPPER(TRIM(C5))&"|"&UPPER(TRIM(D5)),"")
A6: 4 | B6: KH3721 | C6: Xưởng Anh Quang -Biên Hoà/0967.873.236 | D6: 0967.873.236 | F6: Biên Hoà-Đồng Nai | G6: ÐNAI | J6: =IFERROR(UPPER(TRIM(B6))&"|"&UPPER(TRIM(C6))&"|"&UPPER(TRIM(D6)),"")
A7: 5 | B7: KH3722 | C7: Gara Thanh Toàn - Đăk Nông/ Anh Toàn: 0769.385.879 | D7: 0769.385.879 | F7: Trạm cân Quảng Phú - Đăk Nông | G7: DNONG | J7: =IFERROR(UPPER(TRIM(B7))&"|"&UPPER(TRIM(C7))&"|"&UPPER(TRIM(D7)),"")
A8: 6 | B8: KH3719 | C8: Cửa hàng Turbo Samdatec Bình Dương/Chị Lý - 0962.902.109 | D8: 0962.902.109 | F8: 363 Phạm Ngọc Thạch , Phú Mỹ , Thủ Dầu , Bình Dương | G8: BDUONG | J8: =IFERROR(UPPER(TRIM(B8))&"|"&UPPER(TRIM(C8))&"|"&UPPER(TRIM(D8)),"")
A9: 7 | B9: KH3720 | C9: Xưởng Anh Lộc-Quận 9/ 0976.666.6975 | D9: 0976.666.6975 | F9: Cảng Phú Hữu-Quận 9-Sài Gòn | G9: SG/HCM | J9: =IFERROR(UPPER(TRIM(B9))&"|"&UPPER(TRIM(C9))&"|"&UPPER(TRIM(D9)),"")
A10: 8 | B10: KH3718 | C10: Công Ty Cp Đầu Tư Tân Đức-Tây Ninh/ 0937.958.361 | D10: 0937.958.361 | F10: Lô 8, Đường Đức Hòa Hạ, Kcn Tân Đức, Xã Đức Hòa, Tỉnh Tây Ninh | G10: TNINH | J10: =IFERROR(UPPER(TRIM(B10))&"|"&UPPER(TRIM(C10))&"|"&UPPER(TRIM(D10)),"")
A11: 9 | B11: KH3717 | C11: Xưởng Anh Quang -Quận 12/ 0367.177.307 | D11: 0367.177.307 | F11: Vườn Lài, Quận 12, Sài Gòn | G11: SG/HCM | J11: =IFERROR(UPPER(TRIM(B11))&"|"&UPPER(TRIM(C11))&"|"&UPPER(TRIM(D11)),"")
A12: 10 | B12: MN63 | C12: Trịnh Văn Thọ | F12: CTCP Thiết bị Cơ giới Miền Nam | G12: BPVC | J12: =IFERROR(UPPER(TRIM(B12))&"|"&UPPER(TRIM(C12))&"|"&UPPER(TRIM(D12)),"")
A13: 11 | B13: KH3716 | C13: Anh Phúc Chủ Máy - Bình Dương/ 0982.313.237 | D13: 0982.313.237 | F13: 461/3 Hồ Văn Mên, Thuận An, Bình Dương | G13: BDUONG | J13: =IFERROR(UPPER(TRIM(B13))&"|"&UPPER(TRIM(C13))&"|"&UPPER(TRIM(D13)),"")
A14: 12 | B14: KH3715 | C14: Xưởng Hải Phát- anh Lâm - 0983.951.076 | D14: 0983.951.076 | F14: Dĩ An, Bình Dương | G14: BDUONG | J14: =IFERROR(UPPER(TRIM(B14))&"|"&UPPER(TRIM(C14))&"|"&UPPER(TRIM(D14)),"")
A15: 13 | B15: KH3714 | C15: Xưởng tiện Tuấn Huỳnh-Hà Nội/ 0362.862.368 | D15: 0362.862.368 | F15: 158 Phan Trọng Tuệ, Thanh Liệt, Thanh Trì, Hà Nội | G15: HN | J15: =IFERROR(UPPER(TRIM(B15))&"|"&UPPER(TRIM(C15))&"|"&UPPER(TRIM(D15)),"")
A16: 14 | B16: KH3713 | C16: Ga Ra Anh Bé / Đồng Nai 0907.315.942 | D16: 0907.315.942 | F16: Quán Café Hải Anh,Ngã Ba Nhơn Trạch ,Đồng Nai | G16: ÐNAI | J16: =IFERROR(UPPER(TRIM(B16))&"|"&UPPER(TRIM(C16))&"|"&UPPER(TRIM(D16)),"")
A17: 15 | B17: KH3711 | C17: A Trung (chủ máy)/ 0937.161.198 | D17: 0937.161.198 | F17: 23 Nguyễn Văn Tiết, Lái Thiêu, Thủ Dầu Một, Bình Dương | G17: SG/HCM | J17: =IFERROR(UPPER(TRIM(B17))&"|"&UPPER(TRIM(C17))&"|"&UPPER(TRIM(D17)),"")
A18: 16 | B18: KH3712 | C18: CH Ô Tô Hùng /Anh Bình - 0972.456.670 | D18: 0972.456.670 | F18: Địa Chỉ: 193 Hai Bà Trưng, Phường Cam Ly, Đà Lạt | G18: LDONG | J18: =IFERROR(UPPER(TRIM(B18))&"|"&UPPER(TRIM(C18))&"|"&UPPER(TRIM(D18)),"")
A19: 17 | B19: KH3710 | C19: Công ty Mạnh Phát-Long An /Anh Thuận-0905.053.376 | D19: 0905.053.376 | F19: Ấp 5-Xã Mỹ Hạnh-Tỉnh Long An | G19: LA | J19: =IFERROR(UPPER(TRIM(B19))&"|"&UPPER(TRIM(C19))&"|"&UPPER(TRIM(D19)),"")
A20: 18 | B20: KH3708 | C20: Cửa hàng Phụ Tùng Ô Tô Hòa Phát / 0939.873.766 | D20: 0939.873.766 | F20: 985 Đường Bùi Hữu Nghĩa, Kv Bình Dương, Phường Long Tuyền, Tp Cần Thơ | G20: CTHO | J20: =IFERROR(UPPER(TRIM(B20))&"|"&UPPER(TRIM(C20))&"|"&UPPER(TRIM(D20)),"")
A21: 19 | B21: KH3709 | C21: Cty Xây Dựng Lộc Huy Hoàng/ A Chiến - 0972.464.504 | D21: 0972.464.504 | F21: TP Sóc Trăng | G21: STRANG | J21: =IFERROR(UPPER(TRIM(B21))&"|"&UPPER(TRIM(C21))&"|"&UPPER(TRIM(D21)),"")
A22: 20 | B22: KH3706 | C22: Xưởng Cơ Khí A Trường/ 0989.698.143 | D22: 0989.698.143 | F22: 41 Vạn Kiếp, Pleiku, Gia Lai | G22: GLAI | J22: =IFERROR(UPPER(TRIM(B22))&"|"&UPPER(TRIM(C22))&"|"&UPPER(TRIM(D22)),"")
A23: 21 | B23: KH3707 | C23: Cửa hàng VLXD Thắng Lợi - Gia Lai/Anh Quang: 0337.175.968 | D23: 0337.175.968 | F23: Xã Bình Giáo, huyện Chư Prong, Tỉnh Gia Lai | G23: GLAI | J23: =IFERROR(UPPER(TRIM(B23))&"|"&UPPER(TRIM(C23))&"|"&UPPER(TRIM(D23)),"")
A24: 22 | B24: KH3705 | C24: ANH BẢY- CHỢ BẾN LỨC- 0985.011.256 | D24: 0985.011.256 | F24: Bến Lức, Long An | G24: LA | J24: =IFERROR(UPPER(TRIM(B24))&"|"&UPPER(TRIM(C24))&"|"&UPPER(TRIM(D24)),"")
... A44: 42 | B44: KH3685 | C44: GARA A Chiến - Đăk Nông/ 0935.740.780 | D44: 0935.740.780 | F44: Đăk Nông | G44: DNONG | J44: =IFERROR(UPPER(TRIM(B44))&"|"&UPPER(TRIM(C44))&"|"&UPPER(TRIM(D44)),"")
A45: 43 | B45: KH3684 | C45: Cửa Hàng Long Tuyết – Lagi/ 0913.843.623 | D45: 0913.843.623 | E45: KHÁCH VIP | F45: 223 Đường Lê Lợi, Phường Phước Hội, La Gi, Bình Thuận | G45: BTHUAN | J45: =IFERROR(UPPER(TRIM(B45))&"|"&UPPER(TRIM(C45))&"|"&UPPER(TRIM(D45)),"")
A46: 44 | B46: KH3680 | C46: Gara Nam An - Phú Yên/ Anh Nam: 0984.124.759 | D46: 0984.124.759 | F46: Quốc Lộ 1A, Phú Tân, An Cư, Tuy An, Phú Yên | G46: PYEN | J46: =IFERROR(UPPER(TRIM(B46))&"|"&UPPER(TRIM(C46))&"|"&UPPER(TRIM(D46)),"")
A47: 45 | B47: KH3681 | C47: Cửa Hàng Vĩnh Lộc – Sài Gòn/ 0907 182 220 | D47: 0907 182 220 | F47: 234 Nguyên Công Trứ, Phường Bến Thành, TP HCM | G47: SG/HCM | J47: =IFERROR(UPPER(TRIM(B47))&"|"&UPPER(TRIM(C47))&"|"&UPPER(TRIM(D47)),"")
A48: 46 | B48: KH3682 | C48: CTY CPTMDV XÂY DỰNG THU HƯƠNG/ A Sáu - 0903.412.752 | D48: 0903.412.752 | F48: 1073/63B Cách Mạng Tháng Tám, Phường Tân Sơn Nhất, TP Hồ Chí Minh | G48: SG/HCM | J48: =IFERROR(UPPER(TRIM(B48))&"|"&UPPER(TRIM(C48))&"|"&UPPER(TRIM(D48)),"")
A49: 47 | B49: KH3683 | C49: A Nghị, Chủ máy – Lâm Đồng/ 0822.910.986 | D49: 0822.910.986 | F49: Đinh Văn, Lâm Hà, Lâm Đồng | G49: LDONG | J49: =IFERROR(UPPER(TRIM(B49))&"|"&UPPER(TRIM(C49))&"|"&UPPER(TRIM(D49)),"")
A50: 48 | B50: KH3679 | C50: CH Phụ tùng Nông Ngư Cơ Tư Lê - Phan Thiết / 0918.591.690 | D50: 0918.591.690 | E50: KHÁCH VIP | F50: 44 Hà Huy Tập, Đức Thắng, TP Phan Thiết | G50: BTHUAN | J50: =IFERROR(UPPER(TRIM(B50))&"|"&UPPER(TRIM(C50))&"|"&UPPER(TRIM(D50)),"")
A51: 49 | B51: KH3726 | C51: CƠ giới sáu ngà | H51: chành bão phương đ/c 1648 Võ Văn Kiệt | J51: =IFERROR(UPPER(TRIM(B51))&"|"&UPPER(TRIM(C51))&"|"&UPPER(TRIM(D51)),"")
A52: 50 | B52: KH3678 | C52: Xưởng A Ngãi - Kontum/ 0339.241.140 | D52: 0339.241.140 | F52: TP Kontum (gần bến xe) | G52: KTUM | J52: =IFERROR(UPPER(TRIM(B52))&"|"&UPPER(TRIM(C52))&"|"&UPPER(TRIM(D52)),"")
A53: 51 | B53: KH3677 | C53: Công ty TNHH MTV Cơ khí xây dựng Hiếu Phát - Bình Dương/ Chị Hồng: 0389.579.589 | D53: 0389.579.589 | F53: Số 01, Đường Hội Nghĩa, KP1, Phường Bình Cơ, TP Hồ Chí Minh | G53: BDUONG | J53: =IFERROR(UPPER(TRIM(B53))&"|"&UPPER(TRIM(C53))&"|"&UPPER(TRIM(D53)),"")
A54: 52 | B54: KH3676 | C54: Anh Duy - Bình Dương/0965.836.059 | D54: 0965.836.059 | F54: Bình Dương | G54: BDUONG | J54: =IFERROR(UPPER(TRIM(B54))&"|"&UPPER(TRIM(C54))&"|"&UPPER(TRIM(D54)),"")
A55: 53 | B55: KH3675 | C55: Anh Tự (Turbo), Bình Thạnh - 0982.456.944 | D55: 0982.456.944 | F55: 340/42 Ung Văn Khiêm, Phường 25, Quận Bình Thạnh, TP. Hồ Chí Minh | G55: SG/HCM | J55: =IFERROR(UPPER(TRIM(B55))&"|"&UPPER(TRIM(C55))&"|"&UPPER(TRIM(D55)),"")
A56: 54 | B56: KH3674 | C56: Anh Bình (turbo) – Trà Vinh/ 0964.409.419 | D56: 0964.409.419 | F56: Quốc Lộ 54, Ấp Phú Nhiêu, Xã Mỹ Chánh, Huyện Châu Thành, Tỉnh Trà Vinh | G56: TV | J56: =IFERROR(UPPER(TRIM(B56))&"|"&UPPER(TRIM(C56))&"|"&UPPER(TRIM(D56)),"")
A57: 55 | B57: KH3673 | C57: CH Máy nông nghiệp Đại Việt - Thái Bình - 0866.388.022 | D57: 0866.388.022 | F57: Kiến Xương, Thái Bình | G57: HN | J57: =IFERROR(UPPER(TRIM(B57))&"|"&UPPER(TRIM(C57))&"|"&UPPER(TRIM(D57)),"")
A58: 56 | B58: KH3672 | C58: Cửa hàng Anh Dũng - Phú Yên/ 0986.013.483 | D58: 0986.013.483 | F58: Thôn Tân An, Xã EA Ly, Huyện Sông Hinh, Phú Yên | G58: PYEN | J58: =IFERROR(UPPER(TRIM(B58))&"|"&UPPER(TRIM(C58))&"|"&UPPER(TRIM(D58)),"")
A59: 57 | B59: KH3670 | C59: Cửa Hàng Ron Dập- Anh Pháp/0975.607.657 | D59: 0975.607.657 | F59: 305 Võ Nguyên Giáp, p.Trương Quang Trọng, Tỉnh Quảng Ngãi | G59: QUNGAI | J59: =IFERROR(UPPER(TRIM(B59))&"|"&UPPER(TRIM(C59))&"|"&UPPER(TRIM(D59)),"")
A60: 58 | B60: KH3671 | C60: CÔNG TY CỔ PHẦN ĐẦU TƯ XÂY DỰNG VÀ KỸ THUẬT VNCN E&C/Anh Đại: 0908.162.189 | D60: 0908.162.189 | F60: Tầng 18 Toà nhà VINACONEX, Số 34 Láng Hạ, Phường Láng, Thành phố Hà Nội | G60: HN | J60: =IFERROR(UPPER(TRIM(B60))&"|"&UPPER(TRIM(C60))&"|"&UPPER(TRIM(D60)),"")
A61: 59 | B61: KH3669 | C61: Anh Bảo -Bình Thuận/ 0941.495.195 | D61: 0941.495.195 | F61: Chợ lầu, Bắc Bình, Bình Thuận | G61: BTHUAN | J61: =IFERROR(UPPER(TRIM(B61))&"|"&UPPER(TRIM(C61))&"|"&UPPER(TRIM(D61)),"")
A62: 60 | B62: KH3667 | C62: Cửa hàng Xe nâng Anh Kiên-Bình Dương/ 0966.699.127 | D62: 0966.699.127 | F62: Aeon Bình Dương-Thuận An-Bình Dương | G62: BDUONG | J62: =IFERROR(UPPER(TRIM(B62))&"|"&UPPER(TRIM(C62))&"|"&UPPER(TRIM(D62)),"")
A63: 61 | B63: KH3668 | C63: Xưởng Động Cơ Máy Thủy Anh Tín – Tam Quan / 0388.001.328 | D63: 0388.001.328 | F63: Tam Quan, Bình Định | G63: BDINH | J63: =IFERROR(UPPER(TRIM(B63))&"|"&UPPER(TRIM(C63))&"|"&UPPER(TRIM(D63)),"")
... A71: 69 | B71: KH3661 | C71: Xưởng tiện Anh Công-Biên Hoà /0933.071.042 | D71: 0933.071.042 | F71: 2296 Tổ 20, ấp Cầu Hang, P. Biên Hoà, Đồng Nai( kế cây xăng 54) | G71: ÐNAI | J71: =IFERROR(UPPER(TRIM(B71))&"|"&UPPER(TRIM(C71))&"|"&UPPER(TRIM(D71)),"")
A72: 70 | B72: EETURBO | C72: Changzhou E&E Turbo-Power Co., Ltd | F72: No.80, Qinfen Road, New district, 213125 Changzhou, Jiangsu Pro., China | J72: =IFERROR(UPPER(TRIM(B72))&"|"&UPPER(TRIM(C72))&"|"&UPPER(TRIM(D72)),"")
A73: 71 | B73: KH3655 | C73: Xưởng Phúc Anh-Gia Lai/ 0905.588.990 | D73: 0905.588.990 | F73: 479 Lý Thái Tổ- Pleiku-Gia Lai | G73: GLAI | J73: =IFERROR(UPPER(TRIM(B73))&"|"&UPPER(TRIM(C73))&"|"&UPPER(TRIM(D73)),"")
A74: 72 | B74: KH3656 | C74: A Hải (chủ máy) - Lái Thiêu/ 0974.732.673 | D74: 0974.732.673 | F74: Lái Thiêu - Bình Dương | G74: BDUONG | J74: =IFERROR(UPPER(TRIM(B74))&"|"&UPPER(TRIM(C74))&"|"&UPPER(TRIM(D74)),"")
A75: 73 | B75: KH3657 | C75: Xưởng tiện Anh Vinh - Bình Hưng Hòa / 0946.864.235 | D75: 0946.864.235 | F75: 18A, KP1, P. Bình Hưng Hòa A, Q. Bình Tân, TP. HCM | G75: SG/HCM | J75: =IFERROR(UPPER(TRIM(B75))&"|"&UPPER(TRIM(C75))&"|"&UPPER(TRIM(D75)),"")
A76: 74 | B76: KH3658 | C76: CH A Dũng - An Sương 0913.692.430 | D76: 0913.692.430 | F76: An Sương - TP HCM | G76: SG/HCM | J76: =IFERROR(UPPER(TRIM(B76))&"|"&UPPER(TRIM(C76))&"|"&UPPER(TRIM(D76)),"")
A77: 75 | B77: KH3654 | C77: Xưởng Minh Đức - Tân Uyên/ 0943.740.882 | D77: 0943.740.882 | F77: Tân Uyên, Bình Dương | G77: BDUONG | J77: =IFERROR(UPPER(TRIM(B77))&"|"&UPPER(TRIM(C77))&"|"&UPPER(TRIM(D77)),"")
A78: 76 | B78: KH3653 | C78: Công Ty TNHH TM-DV sửa chữa Tứ Hùng/ Anh Sơn: 0364.422.402 | D78: 0364.422.402 | F78: 19 Hồ Đắc Di, Bình An, Dĩ An, Bình Dương | G78: SG/HCM | J78: =IFERROR(UPPER(TRIM(B78))&"|"&UPPER(TRIM(C78))&"|"&UPPER(TRIM(D78)),"")
A79: 77 | B79: KH3651 | C79: Của hàng Cơ giới Vũ Tuấn - Bình Long/ Anh Tuấn: 0913.897.755 | D79: 0913.897.755 | F79: Tổ 4, KP Phụ Xuân, Phú Thịnh, Bình Long, Bình Phước | G79: BP | J79: =IFERROR(UPPER(TRIM(B79))&"|"&UPPER(TRIM(C79))&"|"&UPPER(TRIM(D79)),"")
A80: 78 | B80: KH3652 | C80: Anh Hoàng-Thủ Đức/0907.645.053 | D80: 0907.645.053 | F80: Thủ Đức-Sài Gòn | G80: SG/HCM | J80: =IFERROR(UPPER(TRIM(B80))&"|"&UPPER(TRIM(C80))&"|"&UPPER(TRIM(D80)),"")
A81: 79 | B81: KH3650 | C81: Xưởng A Cường - Bình Chánh/ 0981.098.430 | D81: 0981.098.430 | F81: Bình Chánh, Sài Gòn | G81: SG/HCM | J81: =IFERROR(UPPER(TRIM(B81))&"|"&UPPER(TRIM(C81))&"|"&UPPER(TRIM(D81)),"")
A82: 80 | B82: KH3649 | C82: Xưởng Anh Truyền-Q12 /0984.222.527 | D82: 0984.222.527 | F82: An Phú Đông-Q12- TP.HCM | G82: SG/HCM | J82: =IFERROR(UPPER(TRIM(B82))&"|"&UPPER(TRIM(C82))&"|"&UPPER(TRIM(D82)),"")
A83: 81 | B83: KH3648 | C83: Xưởng A Mèo - Dầu Tiếng / Bình Dương - 0393.269.509 | D83: 0393.269.509 | F83: Dầu Tiếng, Bình Dương | G83: BDUONG | J83: =IFERROR(UPPER(TRIM(B83))&"|"&UPPER(TRIM(C83))&"|"&UPPER(TRIM(D83)),"")
A84: 82 | B84: KH3647 | C84: Anh Lâm (Két nước) - Gia Lai/ 0393.980.779 | D84: 0393.980.779 | F84: Huyện KBang - Gia Lai | G84: GLAI | J84: =IFERROR(UPPER(TRIM(B84))&"|"&UPPER(TRIM(C84))&"|"&UPPER(TRIM(D84)),"")
... A98: 96 | B98: KH3633 | C98: Công ty Trung Viễn (kd phụ tùng) / A Phong 0522.223.355 | D98: 0522.223.355 | F98: D6/19, Ấp 4, Quốc lộ 1A, Bình Chánh, TP. Hồ Chí Minh | G98: SG/HCM | J98: =IFERROR(UPPER(TRIM(B98))&"|"&UPPER(TRIM(C98))&"|"&UPPER(TRIM(D98)),"")
A99: 97 | B99: DAITU | C99: Phụ tùng Ô tô Đại Từ - Bình Dương/ 0971.841.001 | D99: 0971.841.001 | F99: 196/2, ĐT743, Khu phố 1B, Thuận An, Bình Dương | J99: =IFERROR(UPPER(TRIM(B99))&"|"&UPPER(TRIM(C99))&"|"&UPPER(TRIM(D99)),"")
A100: 98 | B100: KH3631 | C100: Xưởng An Tâm Phát- Phú Mỹ- Bà Rịa/ 0964.002.431 | D100: 0964.002.431 | F100: Ngã tư Trần Long-Phú Mỹ-Bà Rịa | G100: BRVT | J100: =IFERROR(UPPER(TRIM(B100))&"|"&UPPER(TRIM(C100))&"|"&UPPER(TRIM(D100)),"")
A101: 99 | B101: KH3632 | C101: CTY Xây Dựng Trọng hữu / A Long 0776.230.318 | D101: 0776.230.318 | F101: K5/014G, Tổ 67, Khu phố 3, Phường Biên Hòa, Tỉnh Đồng Nai | G101: ÐNAI | J101: =IFERROR(UPPER(TRIM(B101))&"|"&UPPER(TRIM(C101))&"|"&UPPER(TRIM(D101)),"")
A102: 100 | B102: KH3630 | C102: Anh Hiếu - Ngã Tư Bình Phước/ Anh Hiếu: 0909.436.017 | D102: 0909.436.017 | F102: Ngã tư Bình Phước - TP Hồ Chí Minh | G102: SG/HCM | J102: =IFERROR(UPPER(TRIM(B102))&"|"&UPPER(TRIM(C102))&"|"&UPPER(TRIM(D102)),"")
A103: 101 | B103: KH3628 | C103: Garage Út Phương- Bình Dương/ 0908.033.319 | D103: 0908.033.319 | F103: số 19-QL13- Cầu Đôi- Lai Hưng-Bàu Bàng-Bình Dương | G103: BDUONG | J103: =IFERROR(UPPER(TRIM(B103))&"|"&UPPER(TRIM(C103))&"|"&UPPER(TRIM(D103)),"")
A104: 102 | B104: KH3629 | C104: Xưởng Anh Phước-Gia Lai / 0914.099.978 | D104: 0914.099.978 | F104: 211B Lý Thái Tổ, P Diên Hồng, Tỉnh Gia Lai | G104: GLAI | J104: =IFERROR(UPPER(TRIM(B104))&"|"&UPPER(TRIM(C104))&"|"&UPPER(TRIM(D104)),"")
A105: 103 | B105: KH3626 | C105: Phụ tùng Ô tô Bình Minh - Tân Châu/ 0865.037.957 | D105: 0865.037.957 | F105: Tân Châu, Tây Ninh | G105: TNINH | J105: =IFERROR(UPPER(TRIM(B105))&"|"&UPPER(TRIM(C105))&"|"&UPPER(TRIM(D105)),"")
A106: 104 | B106: KH3627 | C106: PT xe nâng Thiện Thành - Sài Gòn / 0901.424.087 | D106: 0901.424.087 | F106: Bến xe Miền Đông, Bình Thạnh, Sài Gòn | G106: SG/HCM | J106: =IFERROR(UPPER(TRIM(B106))&"|"&UPPER(TRIM(C106))&"|"&UPPER(TRIM(D106)),"")
A107: 105 | B107: KH3625 | C107: A Huy - Khánh Hòa (CÔNG TY CỔ PHẦN MỎ ĐÁ HÒN CẬU) - 0987.638.009 | D107: 0987.638.009 | F107: Thôn Khánh Thành, Xã Suối Dầu, Tỉnh Khánh Hòa, Việt Nam | G107: NTRANG | J107: =IFERROR(UPPER(TRIM(B107))&"|"&UPPER(TRIM(C107))&"|"&UPPER(TRIM(D107)),"")
A108: 106 | B108: KH3624 | C108: Xưởng Anh Nam -Phú Mỹ/ 0347.555.204 | D108: 0347.555.204 | F108: Chợ Ngọc Hà- Phú Mỹ-Bà Rịa | G108: BRVT | J108: =IFERROR(UPPER(TRIM(B108))&"|"&UPPER(TRIM(C108))&"|"&UPPER(TRIM(D108)),"")
A109: 107 | B109: KH3623 | C109: CH Phụ tùng Ô tô Xuyến / A. Duy 0907.772.763 | D109: 0907.772.763 | F109: Vườn Lài, Quận 12, Sài Gòn | G109: SG/HCM | J109: =IFERROR(UPPER(TRIM(B109))&"|"&UPPER(TRIM(C109))&"|"&UPPER(TRIM(D109)),"")
A110: 108 | B110: KH3622 | C110: A Cường thợ máy - Trường Trung Cấp Nghề Thủ Đức/ 0908.598.422 | D110: 0908.598.422 | F110: Ngã tư Thủ Đức, Sài Gòn | G110: SG/HCM | J110: =IFERROR(UPPER(TRIM(B110))&"|"&UPPER(TRIM(C110))&"|"&UPPER(TRIM(D110)),"")
A111: 109 | B111: KH3621 | C111: Cơ Giới Phú Trúc/ A Dũng 0989.259.768 | D111: 0989.259.768 | F111: 236Q Phạm Văn Đồng, P. Thống Nhất, Pleiku, Gia Lai | G111: GLAI | J111: =IFERROR(UPPER(TRIM(B111))&"|"&UPPER(TRIM(C111))&"|"&UPPER(TRIM(D111)),"")
A112: 110 | B112: ZYNP | C112: ZYNP CORP - HENAN DEWO INDUSTRIAL LIMITED COMPANY | J112: =IFERROR(UPPER(TRIM(B112))&"|"&UPPER(TRIM(C112))&"|"&UPPER(TRIM(D112)),"")
A113: 111 | B113: KH3620 | C113: Công ty TNHH TMDV XD Phước Hùng - Đồng Tháp/ Chị Quyên: 0392.837.132 | D113: 0392.837.132 | F113: Ấp Thạnh Thới, xã Đồng Sơn, tỉnh Đồng Tháp | G113: DTHAP | J113: =IFERROR(UPPER(TRIM(B113))&"|"&UPPER(TRIM(C113))&"|"&UPPER(TRIM(D113)),"")
A114: 112 | B114: KH3618 | C114: A Tuấn (vận tải) - Hooc Môn/ 0909.131.661 | D114: 0909.131.661 | F114: Hooc Môn, TP HCM | G114: SG/HCM | J114: =IFERROR(UPPER(TRIM(B114))&"|"&UPPER(TRIM(C114))&"|"&UPPER(TRIM(D114)),"")
A115: 113 | B115: KH3619 | C115: Bãi máy Anh Tiến - Quận 9/ Anh Tiến: 0934.424.524 | D115: 0934.424.524 | F115: 60/9A Đường 100, KP1, Tân Phú, Quận 9 | G115: SG/HCM | J115: =IFERROR(UPPER(TRIM(B115))&"|"&UPPER(TRIM(C115))&"|"&UPPER(TRIM(D115)),"")
A116: 114 | B116: KH3617 | C116: Xưởng Tiện Minh Phú-Bình Tân/ Anh Phú- 0913.909.148 | D116: 0913.909.148 | F116: 1307 Quốc lộ 1A An Lạc, Bình Tân,TP.HCM ( Ngay vòng xuyến Vòng Xoay An Lạc) | G116: SG/HCM | J116: =IFERROR(UPPER(TRIM(B116))&"|"&UPPER(TRIM(C116))&"|"&UPPER(TRIM(D116)),"")
A117: 115 | B117: KH3616 | C117: Cửa hàng phụ tùng ô tô Trần Hoài / 0908.026.525 | D117: 0908.026.525 | F117: 10 QL1A, Trung Mỹ Tây, Q12, TP.HCM | G117: SG/HCM | J117: =IFERROR(UPPER(TRIM(B117))&"|"&UPPER(TRIM(C117))&"|"&UPPER(TRIM(D117)),"")
A118: 116 | B118: KH3615 | C118: Xưởng chú Trung - Tây Ninh/ 0353.584.997 | D118: 0353.584.997 | F118: Phường Ninh Sơn, TP Tây Ninh | G118: TNINH | J118: =IFERROR(UPPER(TRIM(B118))&"|"&UPPER(TRIM(C118))&"|"&UPPER(TRIM(D118)),"")
A119: 117 | B119: KH3614 | C119: Cửa hàng phụ tùng ô tô Thanh Long 2- Đà Lạt/ 0918.816.758-0982.055.739 | D119: 0918.816.758-0982 | F119: Số 7- Nguyễn Đình Chiểu, phường chín, Đà Lạt | G119: LDONG | J119: =IFERROR(UPPER(TRIM(B119))&"|"&UPPER(TRIM(C119))&"|"&UPPER(TRIM(D119)),"")
A120: 118 | B120: KH3613 | C120: Anh Diễn-Cầu Bình Lợi-SG/ 0909.874.750 | D120: 0909.874.750 | F120: Cầu Bình Lợi-Sài Gòn | G120: SG/HCM | J120: =IFERROR(UPPER(TRIM(B120))&"|"&UPPER(TRIM(C120))&"|"&UPPER(TRIM(D120)),"")
A121: 119 | B121: KH3612 | C121: Công ty cổ phần xây lắp 368 -Nghệ An/ Tuấn Anh- 0799.070.907 | D121: 0799.070.907 | F121: Lô 01,03-LK02,Khu Đô thị Mới Đại Lộ V .I.Lê Nin, Phường Nghi Phú , TP Vinh,Nghệ An | G121: BPKD | J121: =IFERROR(UPPER(TRIM(B121))&"|"&UPPER(TRIM(C121))&"|"&UPPER(TRIM(D121)),"")
A122: 120 | B122: KL | C122: Khách Lẻ-Không lấy Hoá Đơn | J122: =IFERROR(UPPER(TRIM(B122))&"|"&UPPER(TRIM(C122))&"|"&UPPER(TRIM(D122)),"")
A123: 121 | B123: KH3611 | C123: Cty xe nâng Hoàng Sương / A Trà - 0913.945.692 | D123: 0913.945.692 | F123: Quận 12, TP HCM | G123: SG/HCM | J123: =IFERROR(UPPER(TRIM(B123))&"|"&UPPER(TRIM(C123))&"|"&UPPER(TRIM(D123)),"")
A124: 122 | B124: KH3610 | C124: Xưởng Anh Vẹn-Long An/0913.577.168 | D124: 0913.577.168 | F124: Đông Thành- Cần Giuộc- Long An | G124: LA | J124: =IFERROR(UPPER(TRIM(B124))&"|"&UPPER(TRIM(C124))&"|"&UPPER(TRIM(D124)),"")
A125: 123 | B125: KH3608 | C125: Xưởng Cơ khí ô tô PULL - Sài Gòn/0903.603.857 - 0838.770.818 | D125: 0903.603.857 / 0838.770.818 | F125: 945/25, Khu phố 1, An Lạc, Bình Tân, TP Hồ Chí Minh | G125: SG/HCM | J125: =IFERROR(UPPER(TRIM(B125))&"|"&UPPER(TRIM(C125))&"|"&UPPER(TRIM(D125)),"")
A126: 124 | B126: KH3609 | C126: Công ty TNHH Thiết Bị Cơ Giới Thăng Long Nghệ An / Anh Quang 0978.185.514 | D126: 0978.185.514 | F126: Số 15, Đường Thăng Long, Xã Nghi Liên, TP Vinh , Nghệ An | G126: BPKD | J126: =IFERROR(UPPER(TRIM(B126))&"|"&UPPER(TRIM(C126))&"|"&UPPER(TRIM(D126)),"")
A127: 125 | B127: KH3607 | C127: Cửa hàng phụ tùng Ô Tô Lập-Quận 5 / 0983.987.873 | D127: 0983.987.873 | F127: 442 An Dương Vương,P4,Q5,TP.HCM | G127: SG/HCM | J127: =IFERROR(UPPER(TRIM(B127))&"|"&UPPER(TRIM(C127))&"|"&UPPER(TRIM(D127)),"")
A128: 126 | B128: KH3606 | C128: Cửa hàng Thành Long-Quận 9 /0966.400.055 | D128: 0966.400.055 | F128: 282 Nguyễn Thị Tư, phường Phú Hữu, TP. Thủ Đức, Sài Gòn | G128: SG/HCM | J128: =IFERROR(UPPER(TRIM(B128))&"|"&UPPER(TRIM(C128))&"|"&UPPER(TRIM(D128)),"")
A129: 127 | B129: KH3604 | C129: Chị Linh - Thủ Đức - 0868.567.921 | D129: 0868.567.921 | F129: Thủ Đức, TPHCM | G129: SG/HCM | J129: =IFERROR(UPPER(TRIM(B129))&"|"&UPPER(TRIM(C129))&"|"&UPPER(TRIM(D129)),"")
A130: 128 | B130: KH3605 | C130: CH PHỤ TÙNG Ô TÔ A TUẤN - Phú Yên/ 0915.197.765 | D130: 0915.197.765 | F130: 279 Phạm Văn Đồng, Phường Xuân Phú, Thị xã Sông Cầu, Tỉnh Phú Yên | G130: PYEN | J130: =IFERROR(UPPER(TRIM(B130))&"|"&UPPER(TRIM(C130))&"|"&UPPER(TRIM(D130)),"")
A131: 129 | B131: KH3603 | C131: Cửa Hàng Khánh Hòa - Đà Lạt/ 0971.715.123 | D131: 0971.715.123 | F131: Đ. Hùng Vương, Phường 9, TP. Đà Lạt, Lâm Đồng | G131: LDONG | J131: =IFERROR(UPPER(TRIM(B131))&"|"&UPPER(TRIM(C131))&"|"&UPPER(TRIM(D131)),"")
A132: 130 | B132: KH3602 | C132: X. Anh Phúc - Gò Vấp / 0908.703.228 | D132: 0908.703.228 | F132: Gò Vấp, TP. Hồ Chí Minh | G132: SG/HCM | J132: =IFERROR(UPPER(TRIM(B132))&"|"&UPPER(TRIM(C132))&"|"&UPPER(TRIM(D132)),"")
A133: 131 | B133: KH3601 | C133: A Tú - QL13 (X. Nghệ Quang) - Sài Gòn/ 0902.670.095 | D133: 0902.670.095 | F133: Quốc Lộ 13, HCM | G133: SG/HCM | J133: =IFERROR(UPPER(TRIM(B133))&"|"&UPPER(TRIM(C133))&"|"&UPPER(TRIM(D133)),"")
A134: 132 | B134: KH3600 | C134: Anh Phong – Thợ Máy/ 0867.683.491 | D134: 0867.683.491 | F134: Thống Nhất, Đồng Nai | G134: ÐNAI | J134: =IFERROR(UPPER(TRIM(B134))&"|"&UPPER(TRIM(C134))&"|"&UPPER(TRIM(D134)),"")
... A169: 167 | B169: KH3565 | C169: Xưởng tiện Lâm Sơn - ĐắkLắk/ 0982.448.739 | D169: 0982.448.739 | F169: 124 Đinh Tiên Hoàng, Buôn Ma Thuột, ĐắkLắk | G169: ÐL | J169: =IFERROR(UPPER(TRIM(B169))&"|"&UPPER(TRIM(C169))&"|"&UPPER(TRIM(D169)),"")
A170: 168 | B170: MN62 | C170: Mai Thị Lệ Thuỷ | F170: CTCP Thiết bị Cơ giới Miền Nam | G170: BPKT | J170: =IFERROR(UPPER(TRIM(B170))&"|"&UPPER(TRIM(C170))&"|"&UPPER(TRIM(D170)),"")
A171: 169 | B171: KH3564 | C171: Phụ Tùng Cơ Giới Đức Hoà -Buôn Mê Thuột/ 0773.417.878 | D171: 0773.417.878 | F171: 46 Y Ngông nối dài-TP. Buôn Mê Thuột -Đắk Lắk | G171: ÐL | J171: =IFERROR(UPPER(TRIM(B171))&"|"&UPPER(TRIM(C171))&"|"&UPPER(TRIM(D171)),"")
A172: 170 | B172: KH3563 | C172: Cửa hàng Vạn Phú - Quy Nhơn/ 0905.221.038 | D172: 0905.221.038 | E172: KHÁCH VIP | F172: 51 Lê Thanh Nghị, P. Đống Đa, TP. Quy Nhơn | G172: BDINH | H172: 1, Gửi xe mạnh mùi ( BXMD) 2, Chành Khang :1126 Quốc Lộ 1A / 0909.278.277 | J172: =IFERROR(UPPER(TRIM(B172))&"|"&UPPER(TRIM(C172))&"|"&UPPER(TRIM(D172)),"")
A173: 171 | B173: KH3561 | C173: Anh Giang - Thanh Hóa/ 0973.188.177 | D173: 0973.188.177 | F173: Làng Sành, Xã Cẩm Ngọc, Cẩm Thủy, Thanh Hóa | G173: HN | J173: =IFERROR(UPPER(TRIM(B173))&"|"&UPPER(TRIM(C173))&"|"&UPPER(TRIM(D173)),"")
...

Sheet 🚌 NHÀ XE
A1: 🚌 DANH SÁCH CHÀNH XE & NHÀ XE GIAO HÀNG
A2: 🚛 Miền Tây: 103 chành · 🚐 Miền Đông: 80 chành · 🏢 Nhà xe liên tỉnh: 50 (23 tỉnh)
A4: 📦 CHÀNH XE GIAO HÀNG
A5: 🚛 MIỀN TÂY · 103 chành
A6: STT | B6: TÊN CHÀNH / NHÀ XE | C6: ĐIỆN THOẠI | D6: ĐỊA CHỈ | E6: GIỜ NHẬN | F6: GHI CHÚ
A7: 1 | B7: 10 ĐỒNG
A8: 2 | B8: 5 SANG | E8: <9H
A9: 3 | B9: 5 SỦNG
A10: 4 | B10: 7 ĐỒNG
A11: 5 | B11: A BAL | E11: <12H
A12: 6 | B12: A MINH(LONG AN) | E12: <5H
A13: 7 | B13: A MINH(MỸ THO) | E13: <5H
A14: 8 | B14: A PHƯƠNG | E14: <2H
A15: 9 | B15: A SINH | E15: <7H
A16: 10 | B16: A THÀNH
A17: 11 | B17: A TUẤN( BẠC LIÊU)
A18: 12 | B18: A TUẤN(LONG AN)
A19: 13 | B19: A TUẤN(TÂY NINH)
A20: 14 | B20: A TỬNG
A21: 15 | B21: ASUA
A22: 16 | B22: BA XỊ | E22: <5H
A23: 17 | B23: BẢO HÂN
A24: 18 | B24: BẢO PHƯƠNG
A25: 19 | B25: C DUNG(TÂY NINH)
A26: 20 | B26: C DỰ
A27: 21 | B27: C GIA PHÚC
A28: 22 | B28: C LŨY | E28: <7H
A29: 23 | B29: C NGÀ
A30: 24 | B30: C NHUNG
A31: 25 | B31: C OẮN
A32: 26 | B32: C PHONG(SÓC TRĂNG)
A33: 27 | B33: C PHƯƠNG
A34: 28 | B34: C QUY
A35: 29 | B35: C THẢO | E35: <3H30
A36: 30 | B36: CAO ĐẠT | E36: <9H
A37: 31 | B37: CHÀNH 7
A38: 32 | B38: CHÀNH CƯỜNG
A39: 33 | B39: CHÀNH HIẾU
A40: 34 | B40: CHÀNH HIỂN(LONG AN) | E40: <7H
A41: 35 | B41: CHÀNH HIỂN(PHÚ QUỐC)
A42: 36 | B42: CHÀNH HÙNG
A43: 37 | B43: CHÀNH PHONG(VĨNH LONG)
A44: 38 | B44: CHÀNH TOÀN
A45: 39 | B45: CHÚ TIẾN | E45: <11H
A46: 40 | B46: CHÚ TƯ
A47: 41 | B47: CÔ LAN
A48: 42 | B48: CƯỜNG QUYÊN
A49: 43 | B49: DANH DANH
A50: 44 | B50: DUY QUÝ
A51: 45 | B51: DÌ HUỆ
A52: 46 | B52: DÌ TIA
A53: 47 | B53: GIÁO HỒNG
A54: 48 | B54: HOÀNG KHẢI
A55: 49 | B55: HOÀNG VINH
A56: 50 | B56: HUỆ NGHĨA(AN GIANG)
A57: 51 | B57: HUỆ NGHĨA(TÂY NINH) | E57: <5H
A58: 52 | B58: HÙNG CƯỜNG
A59: 53 | B59: HẢI CUA
A60: 54 | B60: HẢI NAM
A61: 55 | B61: HẢI TOÀN
A62: 56 | B62: HỒNG NAM
A63: 57 | B63: HỮU SÂM
A64: 58 | B64: KIM HOÀNG
A65: 59 | B65: KIM LAN | E65: <8H
A66: 60 | B66: KIM MÃ | E66: <7H
A67: 61 | B67: KIM THANH
A68: 62 | B68: LÙNG DIỆU
A69: 63 | B69: LỘC PHÁT
A70: 64 | B70: MAI PHÁT | E70: <9H
A71: 65 | B71: MAI SƠN | E71: <1H
A72: 66 | B72: MƯỜI TÈO | E72: <6H
A73: 67 | B73: MỸ Ý
A74: 68 | B74: NGỌC LAN
A75: 69 | B75: NHƯ PHÁT
A76: 70 | B76: PHƯƠNG NHÃ
A77: 71 | B77: PHƯƠNG TRANG
A78: 72 | B78: PHƯƠNG TÀI
A79: 73 | B79: QUANG MINH
A80: 74 | B80: QUỐC ANH | E80: <2H
A81: 75 | B81: QUỐC HOÀNG | E81: <7H
A82: 76 | B82: QUỐC MỸ
A83: 77 | B83: SANG THÙY
A84: 78 | B84: SÁU QUỐC
A85: 79 | B85: SƠN LẬP
A86: 80 | B86: SƠN TÙNG | E86: <7H
A87: 81 | B87: THANH BÌNH
A88: 82 | B88: THANH TÙNG
A89: 83 | B89: THIÊN PHÚC
A90: 84 | B90: THIÊN ĐỨC
A91: 85 | B91: THUẬN PHÁT
A92: 86 | B92: THÀNH BƯỞI
A93: 87 | B93: THÀNH HẢI
A94: 88 | B94: THÁI DIỆU
A95: 89 | B95: THÁI HƯNG(PHÚ QUỐC)
A96: 90 | B96: TRIỆU QUYÊN
A97: 91 | B97: TRUNG THẢO
A98: 92 | B98: TRÚC PHƯƠNG
... A101: 95 | B101: TƯ BIA
A102: 96 | B102: TƯ CU(SÁNG CHIỀU) | E102: 3H ,7H30
A103: 97 | B103: VIỆT NHẬT
...
